[hyperframes] browserGpuMode probe → hardware (WebGL renderer vendor="Google Inc. (NVIDIA Corporation)" renderer="ANGLE (NVIDIA Corporation, NVIDIA GeForce RTX 5060/PCIe/SSE2, OpenGL ES 3.2)")
{
  "ok": true,
  "strict": false,
  "lint": {
    "ok": true,
    "errorCount": 0,
    "warningCount": 0,
    "infoCount": 0,
    "findings": [],
    "filesScanned": 2
  },
  "runtime": {
    "ok": true,
    "errorCount": 0,
    "warningCount": 0,
    "infoCount": 0,
    "findings": []
  },
  "layout": {
    "ok": true,
    "errorCount": 0,
    "warningCount": 0,
    "infoCount": 80,
    "findings": [
      {
        "code": "canvas_overflow",
        "severity": "info",
        "time": 0.222,
        "selector": "#github-stars-source-root > div:nth-of-type(1) > div:nth-of-type(1) > div:nth-of-type(2) > div:nth-of-type(1) > div:nth-of-type(9) > div:nth-of-type(1) > div:nth-of-type(1) > div:nth-of-type(2)",
        "message": "Text extends outside the composition canvas.",
        "rect": {
          "left": 661,
          "top": 730.16,
          "right": 754.53,
          "bottom": 754.16,
          "width": 93.53,
          "height": 24
        },
        "containerSelector": "#root",
        "text": "Dec 8, 2021",
        "fixHint": "Move the text inward, reduce its size, or mark intentional off-canvas animation with data-layout-allow-overflow.",
        "containerRect": {
          "left": 0,
          "top": 0,
          "right": 1280,
          "bottom": 720,
          "width": 1280,
          "height": 720
        },
        "overflow": {
          "bottom": 34.16
        },
        "dataAttributes": {},
        "sourceFile": "compositions/github-stars.html",
        "bbox": {
          "x": 661,
          "y": 730.16,
          "width": 93.53,
          "height": 24
        },
        "firstSeen": 0.222,
        "lastSeen": 0.222,
        "occurrences": 1
      },
      {
        "code": "canvas_overflow",
        "severity": "info",
        "time": 0.222,
        "selector": "#github-stars-source-root > div:nth-of-type(1) > div:nth-of-type(1) > div:nth-of-type(2) > div:nth-of-type(1) > div:nth-of-type(9) > div:nth-of-type(1) > div:nth-of-type(2) > span:nth-of-type(1)",
        "message": "Text extends outside the composition canvas.",
        "rect": {
          "left": 1153.38,
          "top": 714.55,
          "right": 1175,
          "bottom": 737.55,
          "width": 21.63,
          "height": 23
        },
        "containerSelector": "#root",
        "text": "#9",
        "fixHint": "Move the text inward, reduce its size, or mark intentional off-canvas animation with data-layout-allow-overflow.",
        "containerRect": {
          "left": 0,
          "top": 0,
          "right": 1280,
          "bottom": 720,
          "width": 1280,
          "height": 720
        },
        "overflow": {
          "bottom": 17.55
        },
        "dataAttributes": {},
        "sourceFile": "compositions/github-stars.html",
        "bbox": {
          "x": 1153.38,
          "y": 714.55,
          "width": 21.63,
          "height": 23
        },
        "firstSeen": 0.222,
        "lastSeen": 0.222,
        "occurrences": 1
      },
      {
        "code": "canvas_overflow",
        "severity": "info",
        "time": 0.222,
        "selector": "#github-stars-source-root > div:nth-of-type(1) > div:nth-of-type(1) > div:nth-of-type(2) > div:nth-of-type(1) > div:nth-of-type(10) > div:nth-of-type(1) > div:nth-of-type(1) > div:nth-of-type(2)",
        "message": "Text extends outside the composition canvas.",
        "rect": {
          "left": 661,
          "top": 818.16,
          "right": 761.22,
          "bottom": 842.16,
          "width": 100.22,
          "height": 24
        },
        "containerSelector": "#root",
        "text": "Mar 17, 2022",
        "fixHint": "Move the text inward, reduce its size, or mark intentional off-canvas animation with data-layout-allow-overflow.",
        "containerRect": {
          "left": 0,
          "top": 0,
          "right": 1280,
          "bottom": 720,
          "width": 1280,
          "height": 720
        },
        "overflow": {
          "bottom": 122.16
        },
        "dataAttributes": {},
        "sourceFile": "compositions/github-stars.html",
        "bbox": {
          "x": 661,
          "y": 818.16,
          "width": 100.22,
          "height": 24
        },
        "firstSeen": 0.222,
        "lastSeen": 0.222,
        "occurrences": 1
      },
      {
        "code": "canvas_overflow",
        "severity": "info",
        "time": 0.222,
        "selector": "#github-stars-source-root > div:nth-of-type(1) > div:nth-of-type(1) > div:nth-of-type(2) > div:nth-of-type(1) > div:nth-of-type(10) > div:nth-of-type(1) > div:nth-of-type(2) > span:nth-of-type(1)",
        "message": "Text extends outside the composition canvas.",
        "rect": {
          "left": 1142.58,
          "top": 802.55,
          "right": 1175,
          "bottom": 825.55,
          "width": 32.42,
          "height": 23
        },
        "containerSelector": "#root",
        "text": "#10",
        "fixHint": "Move the text inward, reduce its size, or mark intentional off-canvas animation with data-layout-allow-overflow.",
        "containerRect": {
          "left": 0,
          "top": 0,
          "right": 1280,
          "bottom": 720,
          "width": 1280,
          "height": 720
        },
        "overflow": {
          "bottom": 105.55
        },
        "dataAttributes": {},
        "sourceFile": "compositions/github-stars.html",
        "bbox": {
          "x": 1142.58,
          "y": 802.55,
          "width": 32.42,
          "height": 23
        },
        "firstSeen": 0.222,
        "lastSeen": 0.222,
        "occurrences": 1
      },
      {
        "code": "canvas_overflow",
        "severity": "info",
        "time": 0.222,
        "selector": "#github-stars-source-root > div:nth-of-type(1) > div:nth-of-type(1) > div:nth-of-type(2) > div:nth-of-type(1) > div:nth-of-type(11) > div:nth-of-type(1) > div:nth-of-type(1) > div:nth-of-type(2)",
        "message": "Text extends outside the composition canvas.",
        "rect": {
          "left": 661,
          "top": 906.16,
          "right": 764.02,
          "bottom": 930.16,
          "width": 103.02,
          "height": 24
        },
        "containerSelector": "#root",
        "text": "Sep 14, 2022",
        "fixHint": "Move the text inward, reduce its size, or mark intentional off-canvas animation with data-layout-allow-overflow.",
        "containerRect": {
          "left": 0,
          "top": 0,
          "right": 1280,
          "bottom": 720,
          "width": 1280,
          "height": 720
        },
        "overflow": {
          "bottom": 210.16
        },
        "dataAttributes": {},
        "sourceFile": "compositions/github-stars.html",
        "bbox": {
          "x": 661,
          "y": 906.16,
          "width": 103.02,
          "height": 24
        },
        "firstSeen": 0.222,
        "lastSeen": 0.222,
        "occurrences": 1
      },
      {
        "code": "canvas_overflow",
        "severity": "info",
        "time": 0.222,
        "selector": "#github-stars-source-root > div:nth-of-type(1) > div:nth-of-type(1) > div:nth-of-type(2) > div:nth-of-type(1) > div:nth-of-type(11) > div:nth-of-type(1) > div:nth-of-type(2) > span:nth-of-type(1)",
        "message": "Text extends outside the composition canvas.",
        "rect": {
          "left": 1142.58,
          "top": 890.55,
          "right": 1175,
          "bottom": 913.55,
          "width": 32.42,
          "height": 23
        },
        "containerSelector": "#root",
        "text": "#11",
        "fixHint": "Move the text inward, reduce its size, or mark intentional off-canvas animation with data-layout-allow-overflow.",
        "containerRect": {
          "left": 0,
          "top": 0,
          "right": 1280,
          "bottom": 720,
          "width": 1280,
          "height": 720
        },
        "overflow": {
          "bottom": 193.55
        },
        "dataAttributes": {},
        "sourceFile": "compositions/github-stars.html",
        "bbox": {
          "x": 1142.58,
          "y": 890.55,
          "width": 32.42,
          "height": 23
        },
        "firstSeen": 0.222,
        "lastSeen": 0.222,
        "occurrences": 1
      },
      {
        "code": "canvas_overflow",
        "severity": "info",
        "time": 0.222,
        "selector": "#github-stars-source-root > div:nth-of-type(1) > div:nth-of-type(1) > div:nth-of-type(2) > div:nth-of-type(1) > div:nth-of-type(12) > div:nth-of-type(1) > div:nth-of-type(1) > div:nth-of-type(2)",
        "message": "Text extends outside the composition canvas.",
        "rect": {
          "left": 661,
          "top": 994.16,
          "right": 756.88,
          "bottom": 1018.16,
          "width": 95.88,
          "height": 24
        },
        "containerSelector": "#root",
        "text": "Mar 9, 2023",
        "fixHint": "Move the text inward, reduce its size, or mark intentional off-canvas animation with data-layout-allow-overflow.",
        "containerRect": {
          "left": 0,
          "top": 0,
          "right": 1280,
          "bottom": 720,
          "width": 1280,
          "height": 720
        },
        "overflow": {
          "bottom": 298.16
        },
        "dataAttributes": {},
        "sourceFile": "compositions/github-stars.html",
        "bbox": {
          "x": 661,
          "y": 994.16,
          "width": 95.88,
          "height": 24
        },
        "firstSeen": 0.222,
        "lastSeen": 0.222,
        "occurrences": 1
      },
      {
        "code": "canvas_overflow",
        "severity": "info",
        "time": 0.222,
        "selector": "#github-stars-source-root > div:nth-of-type(1) > div:nth-of-type(1) > div:nth-of-type(2) > div:nth-of-type(1) > div:nth-of-type(12) > div:nth-of-type(1) > div:nth-of-type(2) > span:nth-of-type(1)",
        "message": "Text extends outside the composition canvas.",
        "rect": {
          "left": 1142.58,
          "top": 978.55,
          "right": 1175,
          "bottom": 1001.55,
          "width": 32.42,
          "height": 23
        },
        "containerSelector": "#root",
        "text": "#12",
        "fixHint": "Move the text inward, reduce its size, or mark intentional off-canvas animation with data-layout-allow-overflow.",
        "containerRect": {
          "left": 0,
          "top": 0,
          "right": 1280,
          "bottom": 720,
          "width": 1280,
          "height": 720
        },
        "overflow": {
          "bottom": 281.55
        },
        "dataAttributes": {},
        "sourceFile": "compositions/github-stars.html",
        "bbox": {
          "x": 1142.58,
          "y": 978.55,
          "width": 32.42,
          "height": 23
        },
        "firstSeen": 0.222,
        "lastSeen": 0.222,
        "occurrences": 1
      },
      {
        "code": "canvas_overflow",
        "severity": "info",
        "time": 0.222,
        "selector": "#github-stars-source-root > div:nth-of-type(1) > div:nth-of-type(1) > div:nth-of-type(2) > div:nth-of-type(1) > div:nth-of-type(13) > div:nth-of-type(1) > div:nth-of-type(1) > div:nth-of-type(2)",
        "message": "Text extends outside the composition canvas.",
        "rect": {
          "left": 661,
          "top": 1082.16,
          "right": 756.45,
          "bottom": 1106.16,
          "width": 95.45,
          "height": 24
        },
        "containerSelector": "#root",
        "text": "Nov 2, 2023",
        "fixHint": "Move the text inward, reduce its size, or mark intentional off-canvas animation with data-layout-allow-overflow.",
        "containerRect": {
          "left": 0,
          "top": 0,
          "right": 1280,
          "bottom": 720,
          "width": 1280,
          "height": 720
        },
        "overflow": {
          "bottom": 386.16
        },
        "dataAttributes": {},
        "sourceFile": "compositions/github-stars.html",
        "bbox": {
          "x": 661,
          "y": 1082.16,
          "width": 95.45,
          "height": 24
        },
        "firstSeen": 0.222,
        "lastSeen": 0.222,
        "occurrences": 1
      },
      {
        "code": "canvas_overflow",
        "severity": "info",
        "time": 0.222,
        "selector": "#github-stars-source-root > div:nth-of-type(1) > div:nth-of-type(1) > div:nth-of-type(2) > div:nth-of-type(1) > div:nth-of-type(13) > div:nth-of-type(1) > div:nth-of-type(2) > span:nth-of-type(1)",
        "message": "Text extends outside the composition canvas.",
        "rect": {
          "left": 1142.58,
          "top": 1066.55,
          "right": 1175,
          "bottom": 1089.55,
          "width": 32.42,
          "height": 23
        },
        "containerSelector": "#root",
        "text": "#13",
        "fixHint": "Move the text inward, reduce its size, or mark intentional off-canvas animation with data-layout-allow-overflow.",
        "containerRect": {
          "left": 0,
          "top": 0,
          "right": 1280,
          "bottom": 720,
          "width": 1280,
          "height": 720
        },
        "overflow": {
          "bottom": 369.55
        },
        "dataAttributes": {},
        "sourceFile": "compositions/github-stars.html",
        "bbox": {
          "x": 1142.58,
          "y": 1066.55,
          "width": 32.42,
          "height": 23
        },
        "firstSeen": 0.222,
        "lastSeen": 0.222,
        "occurrences": 1
      },
      {
        "code": "canvas_overflow",
        "severity": "info",
        "time": 0.222,
        "selector": "#github-stars-source-root > div:nth-of-type(1) > div:nth-of-type(1) > div:nth-of-type(2) > div:nth-of-type(1) > div:nth-of-type(14) > div:nth-of-type(1) > div:nth-of-type(1) > div:nth-of-type(2)",
        "message": "Text extends outside the composition canvas.",
        "rect": {
          "left": 661,
          "top": 1170.16,
          "right": 753.38,
          "bottom": 1194.16,
          "width": 92.38,
          "height": 24
        },
        "containerSelector": "#root",
        "text": "Mar 4, 2021",
        "fixHint": "Move the text inward, reduce its size, or mark intentional off-canvas animation with data-layout-allow-overflow.",
        "containerRect": {
          "left": 0,
          "top": 0,
          "right": 1280,
          "bottom": 720,
          "width": 1280,
          "height": 720
        },
        "overflow": {
          "bottom": 474.16
        },
        "dataAttributes": {},
        "sourceFile": "compositions/github-stars.html",
        "bbox": {
          "x": 661,
          "y": 1170.16,
          "width": 92.38,
          "height": 24
        },
        "firstSeen": 0.222,
        "lastSeen": 0.222,
        "occurrences": 1
      },
      {
        "code": "canvas_overflow",
        "severity": "info",
        "time": 0.222,
        "selector": "#github-stars-source-root > div:nth-of-type(1) > div:nth-of-type(1) > div:nth-of-type(2) > div:nth-of-type(1) > div:nth-of-type(14) > div:nth-of-type(1) > div:nth-of-type(2) > span:nth-of-type(1)",
        "message": "Text extends outside the composition canvas.",
        "rect": {
          "left": 1142.58,
          "top": 1154.55,
          "right": 1175,
          "bottom": 1177.55,
          "width": 32.42,
          "height": 23
        },
        "containerSelector": "#root",
        "text": "#14",
        "fixHint": "Move the text inward, reduce its size, or mark intentional off-canvas animation with data-layout-allow-overflow.",
        "containerRect": {
          "left": 0,
          "top": 0,
          "right": 1280,
          "bottom": 720,
          "width": 1280,
          "height": 720
        },
        "overflow": {
          "bottom": 457.55
        },
        "dataAttributes": {},
        "sourceFile": "compositions/github-stars.html",
        "bbox": {
          "x": 1142.58,
          "y": 1154.55,
          "width": 32.42,
          "height": 23
        },
        "firstSeen": 0.222,
        "lastSeen": 0.222,
        "occurrences": 1
      },
      {
        "code": "canvas_overflow",
        "severity": "info",
        "time": 0.222,
        "selector": "#github-stars-source-root > div:nth-of-type(1) > div:nth-of-type(1) > div:nth-of-type(2) > div:nth-of-type(1) > div:nth-of-type(15) > div:nth-of-type(1) > div:nth-of-type(1) > div:nth-of-type(2)",
        "message": "Text extends outside the composition canvas.",
        "rect": {
          "left": 661,
          "top": 1258.16,
          "right": 758.52,
          "bottom": 1282.16,
          "width": 97.52,
          "height": 24
        },
        "containerSelector": "#root",
        "text": "Jun 12, 2021",
        "fixHint": "Move the text inward, reduce its size, or mark intentional off-canvas animation with data-layout-allow-overflow.",
        "containerRect": {
          "left": 0,
          "top": 0,
          "right": 1280,
          "bottom": 720,
          "width": 1280,
          "height": 720
        },
        "overflow": {
          "bottom": 562.16
        },
        "dataAttributes": {},
        "sourceFile": "compositions/github-stars.html",
        "bbox": {
          "x": 661,
          "y": 1258.16,
          "width": 97.52,
          "height": 24
        },
        "firstSeen": 0.222,
        "lastSeen": 0.222,
        "occurrences": 1
      },
      {
        "code": "canvas_overflow",
        "severity": "info",
        "time": 0.222,
        "selector": "#github-stars-source-root > div:nth-of-type(1) > div:nth-of-type(1) > div:nth-of-type(2) > div:nth-of-type(1) > div:nth-of-type(15) > div:nth-of-type(1) > div:nth-of-type(2) > span:nth-of-type(1)",
        "message": "Text extends outside the composition canvas.",
        "rect": {
          "left": 1142.58,
          "top": 1242.55,
          "right": 1175,
          "bottom": 1265.55,
          "width": 32.42,
          "height": 23
        },
        "containerSelector": "#root",
        "text": "#15",
        "fixHint": "Move the text inward, reduce its size, or mark intentional off-canvas animation with data-layout-allow-overflow.",
        "containerRect": {
          "left": 0,
          "top": 0,
          "right": 1280,
          "bottom": 720,
          "width": 1280,
          "height": 720
        },
        "overflow": {
          "bottom": 545.55
        },
        "dataAttributes": {},
        "sourceFile": "compositions/github-stars.html",
        "bbox": {
          "x": 1142.58,
          "y": 1242.55,
          "width": 32.42,
          "height": 23
        },
        "firstSeen": 0.222,
        "lastSeen": 0.222,
        "occurrences": 1
      },
      {
        "code": "canvas_overflow",
        "severity": "info",
        "time": 0.222,
        "selector": "#github-stars-source-root > div:nth-of-type(1) > div:nth-of-type(1) > div:nth-of-type(2) > div:nth-of-type(1) > div:nth-of-type(16) > div:nth-of-type(1) > div:nth-of-type(1) > div:nth-of-type(2)",
        "message": "Text extends outside the composition canvas.",
        "rect": {
          "left": 661,
          "top": 1346.16,
          "right": 754.53,
          "bottom": 1370.16,
          "width": 93.53,
          "height": 24
        },
        "containerSelector": "#root",
        "text": "Dec 8, 2021",
        "fixHint": "Move the text inward, reduce its size, or mark intentional off-canvas animation with data-layout-allow-overflow.",
        "containerRect": {
          "left": 0,
          "top": 0,
          "right": 1280,
          "bottom": 720,
          "width": 1280,
          "height": 720
        },
        "overflow": {
          "bottom": 650.16
        },
        "dataAttributes": {},
        "sourceFile": "compositions/github-stars.html",
        "bbox": {
          "x": 661,
          "y": 1346.16,
          "width": 93.53,
          "height": 24
        },
        "firstSeen": 0.222,
        "lastSeen": 0.222,
        "occurrences": 1
      },
      {
        "code": "canvas_overflow",
        "severity": "info",
        "time": 0.222,
        "selector": "#github-stars-source-root > div:nth-of-type(1) > div:nth-of-type(1) > div:nth-of-type(2) > div:nth-of-type(1) > div:nth-of-type(16) > div:nth-of-type(1) > div:nth-of-type(2) > span:nth-of-type(1)",
        "message": "Text extends outside the composition canvas.",
        "rect": {
          "left": 1142.58,
          "top": 1330.55,
          "right": 1175,
          "bottom": 1353.55,
          "width": 32.42,
          "height": 23
        },
        "containerSelector": "#root",
        "text": "#16",
        "fixHint": "Move the text inward, reduce its size, or mark intentional off-canvas animation with data-layout-allow-overflow.",
        "containerRect": {
          "left": 0,
          "top": 0,
          "right": 1280,
          "bottom": 720,
          "width": 1280,
          "height": 720
        },
        "overflow": {
          "bottom": 633.55
        },
        "dataAttributes": {},
        "sourceFile": "compositions/github-stars.html",
        "bbox": {
          "x": 1142.58,
          "y": 1330.55,
          "width": 32.42,
          "height": 23
        },
        "firstSeen": 0.222,
        "lastSeen": 0.222,
        "occurrences": 1
      },
      {
        "code": "canvas_overflow",
        "severity": "info",
        "time": 0.222,
        "selector": "#github-stars-source-root > div:nth-of-type(1) > div:nth-of-type(1) > div:nth-of-type(2) > div:nth-of-type(1) > div:nth-of-type(17) > div:nth-of-type(1) > div:nth-of-type(1) > div:nth-of-type(2)",
        "message": "Text extends outside the composition canvas.",
        "rect": {
          "left": 661,
          "top": 1434.16,
          "right": 765.55,
          "bottom": 1458.16,
          "width": 104.55,
          "height": 24
        },
        "containerSelector": "#root",
        "text": "Jun 29, 2022",
        "fixHint": "Move the text inward, reduce its size, or mark intentional off-canvas animation with data-layout-allow-overflow.",
        "containerRect": {
          "left": 0,
          "top": 0,
          "right": 1280,
          "bottom": 720,
          "width": 1280,
          "height": 720
        },
        "overflow": {
          "bottom": 738.16
        },
        "dataAttributes": {},
        "sourceFile": "compositions/github-stars.html",
        "bbox": {
          "x": 661,
          "y": 1434.16,
          "width": 104.55,
          "height": 24
        },
        "firstSeen": 0.222,
        "lastSeen": 0.222,
        "occurrences": 1
      },
      {
        "code": "canvas_overflow",
        "severity": "info",
        "time": 0.222,
        "selector": "#github-stars-source-root > div:nth-of-type(1) > div:nth-of-type(1) > div:nth-of-type(2) > div:nth-of-type(1) > div:nth-of-type(17) > div:nth-of-type(1) > div:nth-of-type(2) > span:nth-of-type(1)",
        "message": "Text extends outside the composition canvas.",
        "rect": {
          "left": 1142.58,
          "top": 1418.55,
          "right": 1175,
          "bottom": 1441.55,
          "width": 32.42,
          "height": 23
        },
        "containerSelector": "#root",
        "text": "#17",
        "fixHint": "Move the text inward, reduce its size, or mark intentional off-canvas animation with data-layout-allow-overflow.",
        "containerRect": {
          "left": 0,
          "top": 0,
          "right": 1280,
          "bottom": 720,
          "width": 1280,
          "height": 720
        },
        "overflow": {
          "bottom": 721.55
        },
        "dataAttributes": {},
        "sourceFile": "compositions/github-stars.html",
        "bbox": {
          "x": 1142.58,
          "y": 1418.55,
          "width": 32.42,
          "height": 23
        },
        "firstSeen": 0.222,
        "lastSeen": 0.222,
        "occurrences": 1
      },
      {
        "code": "canvas_overflow",
        "severity": "info",
        "time": 0.222,
        "selector": "#github-stars-source-root > div:nth-of-type(1) > div:nth-of-type(1) > div:nth-of-type(2) > div:nth-of-type(1) > div:nth-of-type(18) > div:nth-of-type(1) > div:nth-of-type(1) > div:nth-of-type(2)",
        "message": "Text extends outside the composition canvas.",
        "rect": {
          "left": 661,
          "top": 1522.16,
          "right": 767.53,
          "bottom": 1546.16,
          "width": 106.53,
          "height": 24
        },
        "containerSelector": "#root",
        "text": "Dec 23, 2022",
        "fixHint": "Move the text inward, reduce its size, or mark intentional off-canvas animation with data-layout-allow-overflow.",
        "containerRect": {
          "left": 0,
          "top": 0,
          "right": 1280,
          "bottom": 720,
          "width": 1280,
          "height": 720
        },
        "overflow": {
          "bottom": 826.16
        },
        "dataAttributes": {},
        "sourceFile": "compositions/github-stars.html",
        "bbox": {
          "x": 661,
          "y": 1522.16,
          "width": 106.53,
          "height": 24
        },
        "firstSeen": 0.222,
        "lastSeen": 0.222,
        "occurrences": 1
      },
      {
        "code": "canvas_overflow",
        "severity": "info",
        "time": 0.222,
        "selector": "#github-stars-source-root > div:nth-of-type(1) > div:nth-of-type(1) > div:nth-of-type(2) > div:nth-of-type(1) > div:nth-of-type(18) > div:nth-of-type(1) > div:nth-of-type(2) > span:nth-of-type(1)",
        "message": "Text extends outside the composition canvas.",
        "rect": {
          "left": 1142.58,
          "top": 1506.55,
          "right": 1175,
          "bottom": 1529.55,
          "width": 32.42,
          "height": 23
        },
        "containerSelector": "#root",
        "text": "#18",
        "fixHint": "Move the text inward, reduce its size, or mark intentional off-canvas animation with data-layout-allow-overflow.",
        "containerRect": {
          "left": 0,
          "top": 0,
          "right": 1280,
          "bottom": 720,
          "width": 1280,
          "height": 720
        },
        "overflow": {
          "bottom": 809.55
        },
        "dataAttributes": {},
        "sourceFile": "compositions/github-stars.html",
        "bbox": {
          "x": 1142.58,
          "y": 1506.55,
          "width": 32.42,
          "height": 23
        },
        "firstSeen": 0.222,
        "lastSeen": 0.222,
        "occurrences": 1
      },
      {
        "code": "canvas_overflow",
        "severity": "info",
        "time": 0.222,
        "selector": "#github-stars-source-root > div:nth-of-type(1) > div:nth-of-type(1) > div:nth-of-type(2) > div:nth-of-type(1) > div:nth-of-type(19) > div:nth-of-type(1) > div:nth-of-type(1) > div:nth-of-type(2)",
        "message": "Text extends outside the composition canvas.",
        "rect": {
          "left": 661,
          "top": 1610.16,
          "right": 755.52,
          "bottom": 1634.16,
          "width": 94.52,
          "height": 24
        },
        "containerSelector": "#root",
        "text": "Jul 19, 2023",
        "fixHint": "Move the text inward, reduce its size, or mark intentional off-canvas animation with data-layout-allow-overflow.",
        "containerRect": {
          "left": 0,
          "top": 0,
          "right": 1280,
          "bottom": 720,
          "width": 1280,
          "height": 720
        },
        "overflow": {
          "bottom": 914.16
        },
        "dataAttributes": {},
        "sourceFile": "compositions/github-stars.html",
        "bbox": {
          "x": 661,
          "y": 1610.16,
          "width": 94.52,
          "height": 24
        },
        "firstSeen": 0.222,
        "lastSeen": 0.222,
        "occurrences": 1
      },
      {
        "code": "canvas_overflow",
        "severity": "info",
        "time": 0.222,
        "selector": "#github-stars-source-root > div:nth-of-type(1) > div:nth-of-type(1) > div:nth-of-type(2) > div:nth-of-type(1) > div:nth-of-type(19) > div:nth-of-type(1) > div:nth-of-type(2) > span:nth-of-type(1)",
        "message": "Text extends outside the composition canvas.",
        "rect": {
          "left": 1142.58,
          "top": 1594.55,
          "right": 1175,
          "bottom": 1617.55,
          "width": 32.42,
          "height": 23
        },
        "containerSelector": "#root",
        "text": "#19",
        "fixHint": "Move the text inward, reduce its size, or mark intentional off-canvas animation with data-layout-allow-overflow.",
        "containerRect": {
          "left": 0,
          "top": 0,
          "right": 1280,
          "bottom": 720,
          "width": 1280,
          "height": 720
        },
        "overflow": {
          "bottom": 897.55
        },
        "dataAttributes": {},
        "sourceFile": "compositions/github-stars.html",
        "bbox": {
          "x": 1142.58,
          "y": 1594.55,
          "width": 32.42,
          "height": 23
        },
        "firstSeen": 0.222,
        "lastSeen": 0.222,
        "occurrences": 1
      },
      {
        "code": "canvas_overflow",
        "severity": "info",
        "time": 0.222,
        "selector": "#github-stars-source-root > div:nth-of-type(1) > div:nth-of-type(1) > div:nth-of-type(2) > div:nth-of-type(1) > div:nth-of-type(20) > div:nth-of-type(1) > div:nth-of-type(1) > div:nth-of-type(2)",
        "message": "Text extends outside the composition canvas.",
        "rect": {
          "left": 661,
          "top": 1698.16,
          "right": 756.45,
          "bottom": 1722.16,
          "width": 95.45,
          "height": 24
        },
        "containerSelector": "#root",
        "text": "Nov 2, 2023",
        "fixHint": "Move the text inward, reduce its size, or mark intentional off-canvas animation with data-layout-allow-overflow.",
        "containerRect": {
          "left": 0,
          "top": 0,
          "right": 1280,
          "bottom": 720,
          "width": 1280,
          "height": 720
        },
        "overflow": {
          "bottom": 1002.16
        },
        "dataAttributes": {},
        "sourceFile": "compositions/github-stars.html",
        "bbox": {
          "x": 661,
          "y": 1698.16,
          "width": 95.45,
          "height": 24
        },
        "firstSeen": 0.222,
        "lastSeen": 0.222,
        "occurrences": 1
      },
      {
        "code": "canvas_overflow",
        "severity": "info",
        "time": 0.222,
        "selector": "#github-stars-source-root > div:nth-of-type(1) > div:nth-of-type(1) > div:nth-of-type(2) > div:nth-of-type(1) > div:nth-of-type(20) > div:nth-of-type(1) > div:nth-of-type(2) > span:nth-of-type(1)",
        "message": "Text extends outside the composition canvas.",
        "rect": {
          "left": 1142.58,
          "top": 1682.55,
          "right": 1175,
          "bottom": 1705.55,
          "width": 32.42,
          "height": 23
        },
        "containerSelector": "#root",
        "text": "#20",
        "fixHint": "Move the text inward, reduce its size, or mark intentional off-canvas animation with data-layout-allow-overflow.",
        "containerRect": {
          "left": 0,
          "top": 0,
          "right": 1280,
          "bottom": 720,
          "width": 1280,
          "height": 720
        },
        "overflow": {
          "bottom": 985.55
        },
        "dataAttributes": {},
        "sourceFile": "compositions/github-stars.html",
        "bbox": {
          "x": 1142.58,
          "y": 1682.55,
          "width": 32.42,
          "height": 23
        },
        "firstSeen": 0.222,
        "lastSeen": 0.222,
        "occurrences": 1
      },
      {
        "code": "canvas_overflow",
        "severity": "info",
        "time": 0.222,
        "selector": "#github-stars-source-root > div:nth-of-type(1) > div:nth-of-type(1) > div:nth-of-type(2) > div:nth-of-type(1) > div:nth-of-type(21) > div:nth-of-type(1) > div:nth-of-type(1) > div:nth-of-type(2)",
        "message": "Text extends outside the composition canvas.",
        "rect": {
          "left": 661,
          "top": 1786.16,
          "right": 753.38,
          "bottom": 1810.16,
          "width": 92.38,
          "height": 24
        },
        "containerSelector": "#root",
        "text": "Mar 4, 2021",
        "fixHint": "Move the text inward, reduce its size, or mark intentional off-canvas animation with data-layout-allow-overflow.",
        "containerRect": {
          "left": 0,
          "top": 0,
          "right": 1280,
          "bottom": 720,
          "width": 1280,
          "height": 720
        },
        "overflow": {
          "bottom": 1090.16
        },
        "dataAttributes": {},
        "sourceFile": "compositions/github-stars.html",
        "bbox": {
          "x": 661,
          "y": 1786.16,
          "width": 92.38,
          "height": 24
        },
        "firstSeen": 0.222,
        "lastSeen": 0.222,
        "occurrences": 1
      },
      {
        "code": "canvas_overflow",
        "severity": "info",
        "time": 0.222,
        "selector": "#github-stars-source-root > div:nth-of-type(1) > div:nth-of-type(1) > div:nth-of-type(2) > div:nth-of-type(1) > div:nth-of-type(21) > div:nth-of-type(1) > div:nth-of-type(2) > span:nth-of-type(1)",
        "message": "Text extends outside the composition canvas.",
        "rect": {
          "left": 1142.58,
          "top": 1770.55,
          "right": 1175,
          "bottom": 1793.55,
          "width": 32.42,
          "height": 23
        },
        "containerSelector": "#root",
        "text": "#21",
        "fixHint": "Move the text inward, reduce its size, or mark intentional off-canvas animation with data-layout-allow-overflow.",
        "containerRect": {
          "left": 0,
          "top": 0,
          "right": 1280,
          "bottom": 720,
          "width": 1280,
          "height": 720
        },
        "overflow": {
          "bottom": 1073.55
        },
        "dataAttributes": {},
        "sourceFile": "compositions/github-stars.html",
        "bbox": {
          "x": 1142.58,
          "y": 1770.55,
          "width": 32.42,
          "height": 23
        },
        "firstSeen": 0.222,
        "lastSeen": 0.222,
        "occurrences": 1
      },
      {
        "code": "canvas_overflow",
        "severity": "info",
        "time": 0.222,
        "selector": "#github-stars-source-root > div:nth-of-type(1) > div:nth-of-type(1) > div:nth-of-type(2) > div:nth-of-type(1) > div:nth-of-type(22) > div:nth-of-type(1) > div:nth-of-type(1) > div:nth-of-type(2)",
        "message": "Text extends outside the composition canvas.",
        "rect": {
          "left": 661,
          "top": 1874.16,
          "right": 760.08,
          "bottom": 1898.16,
          "width": 99.08,
          "height": 24
        },
        "containerSelector": "#root",
        "text": "Sep 21, 2021",
        "fixHint": "Move the text inward, reduce its size, or mark intentional off-canvas animation with data-layout-allow-overflow.",
        "containerRect": {
          "left": 0,
          "top": 0,
          "right": 1280,
          "bottom": 720,
          "width": 1280,
          "height": 720
        },
        "overflow": {
          "bottom": 1178.16
        },
        "dataAttributes": {},
        "sourceFile": "compositions/github-stars.html",
        "bbox": {
          "x": 661,
          "y": 1874.16,
          "width": 99.08,
          "height": 24
        },
        "firstSeen": 0.222,
        "lastSeen": 0.222,
        "occurrences": 1
      },
      {
        "code": "canvas_overflow",
        "severity": "info",
        "time": 0.222,
        "selector": "#github-stars-source-root > div:nth-of-type(1) > div:nth-of-type(1) > div:nth-of-type(2) > div:nth-of-type(1) > div:nth-of-type(22) > div:nth-of-type(1) > div:nth-of-type(2) > span:nth-of-type(1)",
        "message": "Text extends outside the composition canvas.",
        "rect": {
          "left": 1142.58,
          "top": 1858.55,
          "right": 1175,
          "bottom": 1881.55,
          "width": 32.42,
          "height": 23
        },
        "containerSelector": "#root",
        "text": "#22",
        "fixHint": "Move the text inward, reduce its size, or mark intentional off-canvas animation with data-layout-allow-overflow.",
        "containerRect": {
          "left": 0,
          "top": 0,
          "right": 1280,
          "bottom": 720,
          "width": 1280,
          "height": 720
        },
        "overflow": {
          "bottom": 1161.55
        },
        "dataAttributes": {},
        "sourceFile": "compositions/github-stars.html",
        "bbox": {
          "x": 1142.58,
          "y": 1858.55,
          "width": 32.42,
          "height": 23
        },
        "firstSeen": 0.222,
        "lastSeen": 0.222,
        "occurrences": 1
      },
      {
        "code": "canvas_overflow",
        "severity": "info",
        "time": 0.222,
        "selector": "#github-stars-source-root > div:nth-of-type(1) > div:nth-of-type(1) > div:nth-of-type(2) > div:nth-of-type(1) > div:nth-of-type(23) > div:nth-of-type(1) > div:nth-of-type(1) > div:nth-of-type(2)",
        "message": "Text extends outside the composition canvas.",
        "rect": {
          "left": 661,
          "top": 1962.16,
          "right": 761.22,
          "bottom": 1986.16,
          "width": 100.22,
          "height": 24
        },
        "containerSelector": "#root",
        "text": "Mar 17, 2022",
        "fixHint": "Move the text inward, reduce its size, or mark intentional off-canvas animation with data-layout-allow-overflow.",
        "containerRect": {
          "left": 0,
          "top": 0,
          "right": 1280,
          "bottom": 720,
          "width": 1280,
          "height": 720
        },
        "overflow": {
          "bottom": 1266.16
        },
        "dataAttributes": {},
        "sourceFile": "compositions/github-stars.html",
        "bbox": {
          "x": 661,
          "y": 1962.16,
          "width": 100.22,
          "height": 24
        },
        "firstSeen": 0.222,
        "lastSeen": 0.222,
        "occurrences": 1
      },
      {
        "code": "canvas_overflow",
        "severity": "info",
        "time": 0.222,
        "selector": "#github-stars-source-root > div:nth-of-type(1) > div:nth-of-type(1) > div:nth-of-type(2) > div:nth-of-type(1) > div:nth-of-type(23) > div:nth-of-type(1) > div:nth-of-type(2) > span:nth-of-type(1)",
        "message": "Text extends outside the composition canvas.",
        "rect": {
          "left": 1142.58,
          "top": 1946.55,
          "right": 1175,
          "bottom": 1969.55,
          "width": 32.42,
          "height": 23
        },
        "containerSelector": "#root",
        "text": "#23",
        "fixHint": "Move the text inward, reduce its size, or mark intentional off-canvas animation with data-layout-allow-overflow.",
        "containerRect": {
          "left": 0,
          "top": 0,
          "right": 1280,
          "bottom": 720,
          "width": 1280,
          "height": 720
        },
        "overflow": {
          "bottom": 1249.55
        },
        "dataAttributes": {},
        "sourceFile": "compositions/github-stars.html",
        "bbox": {
          "x": 1142.58,
          "y": 1946.55,
          "width": 32.42,
          "height": 23
        },
        "firstSeen": 0.222,
        "lastSeen": 0.222,
        "occurrences": 1
      },
      {
        "code": "canvas_overflow",
        "severity": "info",
        "time": 0.222,
        "selector": "#github-stars-source-root > div:nth-of-type(1) > div:nth-of-type(1) > div:nth-of-type(2) > div:nth-of-type(1) > div:nth-of-type(24) > div:nth-of-type(1) > div:nth-of-type(1) > div:nth-of-type(2)",
        "message": "Text extends outside the composition canvas.",
        "rect": {
          "left": 661,
          "top": 2050.16,
          "right": 764.02,
          "bottom": 2074.16,
          "width": 103.02,
          "height": 24
        },
        "containerSelector": "#root",
        "text": "Sep 14, 2022",
        "fixHint": "Move the text inward, reduce its size, or mark intentional off-canvas animation with data-layout-allow-overflow.",
        "containerRect": {
          "left": 0,
          "top": 0,
          "right": 1280,
          "bottom": 720,
          "width": 1280,
          "height": 720
        },
        "overflow": {
          "bottom": 1354.16
        },
        "dataAttributes": {},
        "sourceFile": "compositions/github-stars.html",
        "bbox": {
          "x": 661,
          "y": 2050.16,
          "width": 103.02,
          "height": 24
        },
        "firstSeen": 0.222,
        "lastSeen": 0.222,
        "occurrences": 1
      },
      {
        "code": "canvas_overflow",
        "severity": "info",
        "time": 0.222,
        "selector": "#github-stars-source-root > div:nth-of-type(1) > div:nth-of-type(1) > div:nth-of-type(2) > div:nth-of-type(1) > div:nth-of-type(24) > div:nth-of-type(1) > div:nth-of-type(2) > span:nth-of-type(1)",
        "message": "Text extends outside the composition canvas.",
        "rect": {
          "left": 1142.58,
          "top": 2034.55,
          "right": 1175,
          "bottom": 2057.55,
          "width": 32.42,
          "height": 23
        },
        "containerSelector": "#root",
        "text": "#24",
        "fixHint": "Move the text inward, reduce its size, or mark intentional off-canvas animation with data-layout-allow-overflow.",
        "containerRect": {
          "left": 0,
          "top": 0,
          "right": 1280,
          "bottom": 720,
          "width": 1280,
          "height": 720
        },
        "overflow": {
          "bottom": 1337.55
        },
        "dataAttributes": {},
        "sourceFile": "compositions/github-stars.html",
        "bbox": {
          "x": 1142.58,
          "y": 2034.55,
          "width": 32.42,
          "height": 23
        },
        "firstSeen": 0.222,
        "lastSeen": 0.222,
        "occurrences": 1
      },
      {
        "code": "canvas_overflow",
        "severity": "info",
        "time": 0.222,
        "selector": "#github-stars-source-root > div:nth-of-type(1) > div:nth-of-type(1) > div:nth-of-type(2) > div:nth-of-type(1) > div:nth-of-type(25) > div:nth-of-type(1) > div:nth-of-type(1) > div:nth-of-type(2)",
        "message": "Text extends outside the composition canvas.",
        "rect": {
          "left": 661,
          "top": 2138.16,
          "right": 756.88,
          "bottom": 2162.16,
          "width": 95.88,
          "height": 24
        },
        "containerSelector": "#root",
        "text": "Mar 9, 2023",
        "fixHint": "Move the text inward, reduce its size, or mark intentional off-canvas animation with data-layout-allow-overflow.",
        "containerRect": {
          "left": 0,
          "top": 0,
          "right": 1280,
          "bottom": 720,
          "width": 1280,
          "height": 720
        },
        "overflow": {
          "bottom": 1442.16
        },
        "dataAttributes": {},
        "sourceFile": "compositions/github-stars.html",
        "bbox": {
          "x": 661,
          "y": 2138.16,
          "width": 95.88,
          "height": 24
        },
        "firstSeen": 0.222,
        "lastSeen": 0.222,
        "occurrences": 1
      },
      {
        "code": "canvas_overflow",
        "severity": "info",
        "time": 0.222,
        "selector": "#github-stars-source-root > div:nth-of-type(1) > div:nth-of-type(1) > div:nth-of-type(2) > div:nth-of-type(1) > div:nth-of-type(25) > div:nth-of-type(1) > div:nth-of-type(2) > span:nth-of-type(1)",
        "message": "Text extends outside the composition canvas.",
        "rect": {
          "left": 1142.58,
          "top": 2122.55,
          "right": 1175,
          "bottom": 2145.55,
          "width": 32.42,
          "height": 23
        },
        "containerSelector": "#root",
        "text": "#25",
        "fixHint": "Move the text inward, reduce its size, or mark intentional off-canvas animation with data-layout-allow-overflow.",
        "containerRect": {
          "left": 0,
          "top": 0,
          "right": 1280,
          "bottom": 720,
          "width": 1280,
          "height": 720
        },
        "overflow": {
          "bottom": 1425.55
        },
        "dataAttributes": {},
        "sourceFile": "compositions/github-stars.html",
        "bbox": {
          "x": 1142.58,
          "y": 2122.55,
          "width": 32.42,
          "height": 23
        },
        "firstSeen": 0.222,
        "lastSeen": 0.222,
        "occurrences": 1
      },
      {
        "code": "canvas_overflow",
        "severity": "info",
        "time": 0.222,
        "selector": "#github-stars-source-root > div:nth-of-type(1) > div:nth-of-type(1) > div:nth-of-type(2) > div:nth-of-type(1) > div:nth-of-type(26) > div:nth-of-type(1) > div:nth-of-type(1) > div:nth-of-type(2)",
        "message": "Text extends outside the composition canvas.",
        "rect": {
          "left": 661,
          "top": 2226.16,
          "right": 755.52,
          "bottom": 2250.16,
          "width": 94.52,
          "height": 24
        },
        "containerSelector": "#root",
        "text": "Jul 19, 2023",
        "fixHint": "Move the text inward, reduce its size, or mark intentional off-canvas animation with data-layout-allow-overflow.",
        "containerRect": {
          "left": 0,
          "top": 0,
          "right": 1280,
          "bottom": 720,
          "width": 1280,
          "height": 720
        },
        "overflow": {
          "bottom": 1530.16
        },
        "dataAttributes": {},
        "sourceFile": "compositions/github-stars.html",
        "bbox": {
          "x": 661,
          "y": 2226.16,
          "width": 94.52,
          "height": 24
        },
        "firstSeen": 0.222,
        "lastSeen": 0.222,
        "occurrences": 1
      },
      {
        "code": "canvas_overflow",
        "severity": "info",
        "time": 0.222,
        "selector": "#github-stars-source-root > div:nth-of-type(1) > div:nth-of-type(1) > div:nth-of-type(2) > div:nth-of-type(1) > div:nth-of-type(26) > div:nth-of-type(1) > div:nth-of-type(2) > span:nth-of-type(1)",
        "message": "Text extends outside the composition canvas.",
        "rect": {
          "left": 1142.58,
          "top": 2210.55,
          "right": 1175,
          "bottom": 2233.55,
          "width": 32.42,
          "height": 23
        },
        "containerSelector": "#root",
        "text": "#26",
        "fixHint": "Move the text inward, reduce its size, or mark intentional off-canvas animation with data-layout-allow-overflow.",
        "containerRect": {
          "left": 0,
          "top": 0,
          "right": 1280,
          "bottom": 720,
          "width": 1280,
          "height": 720
        },
        "overflow": {
          "bottom": 1513.55
        },
        "dataAttributes": {},
        "sourceFile": "compositions/github-stars.html",
        "bbox": {
          "x": 1142.58,
          "y": 2210.55,
          "width": 32.42,
          "height": 23
        },
        "firstSeen": 0.222,
        "lastSeen": 0.222,
        "occurrences": 1
      },
      {
        "code": "canvas_overflow",
        "severity": "info",
        "time": 0.222,
        "selector": "#github-stars-source-root > div:nth-of-type(1) > div:nth-of-type(1) > div:nth-of-type(2) > div:nth-of-type(1) > div:nth-of-type(27) > div:nth-of-type(1) > div:nth-of-type(1) > div:nth-of-type(2)",
        "message": "Text extends outside the composition canvas.",
        "rect": {
          "left": 661,
          "top": 2314.16,
          "right": 762.13,
          "bottom": 2338.16,
          "width": 101.13,
          "height": 24
        },
        "containerSelector": "#root",
        "text": "Feb 15, 2024",
        "fixHint": "Move the text inward, reduce its size, or mark intentional off-canvas animation with data-layout-allow-overflow.",
        "containerRect": {
          "left": 0,
          "top": 0,
          "right": 1280,
          "bottom": 720,
          "width": 1280,
          "height": 720
        },
        "overflow": {
          "bottom": 1618.16
        },
        "dataAttributes": {},
        "sourceFile": "compositions/github-stars.html",
        "bbox": {
          "x": 661,
          "y": 2314.16,
          "width": 101.13,
          "height": 24
        },
        "firstSeen": 0.222,
        "lastSeen": 0.222,
        "occurrences": 1
      },
      {
        "code": "canvas_overflow",
        "severity": "info",
        "time": 0.222,
        "selector": "#github-stars-source-root > div:nth-of-type(1) > div:nth-of-type(1) > div:nth-of-type(2) > div:nth-of-type(1) > div:nth-of-type(27) > div:nth-of-type(1) > div:nth-of-type(2) > span:nth-of-type(1)",
        "message": "Text extends outside the composition canvas.",
        "rect": {
          "left": 1142.58,
          "top": 2298.55,
          "right": 1175,
          "bottom": 2321.55,
          "width": 32.42,
          "height": 23
        },
        "containerSelector": "#root",
        "text": "#27",
        "fixHint": "Move the text inward, reduce its size, or mark intentional off-canvas animation with data-layout-allow-overflow.",
        "containerRect": {
          "left": 0,
          "top": 0,
          "right": 1280,
          "bottom": 720,
          "width": 1280,
          "height": 720
        },
        "overflow": {
          "bottom": 1601.55
        },
        "dataAttributes": {},
        "sourceFile": "compositions/github-stars.html",
        "bbox": {
          "x": 1142.58,
          "y": 2298.55,
          "width": 32.42,
          "height": 23
        },
        "firstSeen": 0.222,
        "lastSeen": 0.222,
        "occurrences": 1
      },
      {
        "code": "canvas_overflow",
        "severity": "info",
        "time": 0.222,
        "selector": "#github-stars-source-root > div:nth-of-type(1) > div:nth-of-type(1) > div:nth-of-type(2) > div:nth-of-type(1) > div:nth-of-type(28) > div:nth-of-type(1) > div:nth-of-type(1) > div:nth-of-type(2)",
        "message": "Text extends outside the composition canvas.",
        "rect": {
          "left": 661,
          "top": 2402.16,
          "right": 758.52,
          "bottom": 2426.16,
          "width": 97.52,
          "height": 24
        },
        "containerSelector": "#root",
        "text": "Jun 12, 2021",
        "fixHint": "Move the text inward, reduce its size, or mark intentional off-canvas animation with data-layout-allow-overflow.",
        "containerRect": {
          "left": 0,
          "top": 0,
          "right": 1280,
          "bottom": 720,
          "width": 1280,
          "height": 720
        },
        "overflow": {
          "bottom": 1706.16
        },
        "dataAttributes": {},
        "sourceFile": "compositions/github-stars.html",
        "bbox": {
          "x": 661,
          "y": 2402.16,
          "width": 97.52,
          "height": 24
        },
        "firstSeen": 0.222,
        "lastSeen": 0.222,
        "occurrences": 1
      },
      {
        "code": "canvas_overflow",
        "severity": "info",
        "time": 0.222,
        "selector": "#github-stars-source-root > div:nth-of-type(1) > div:nth-of-type(1) > div:nth-of-type(2) > div:nth-of-type(1) > div:nth-of-type(28) > div:nth-of-type(1) > div:nth-of-type(2) > span:nth-of-type(1)",
        "message": "Text extends outside the composition canvas.",
        "rect": {
          "left": 1142.58,
          "top": 2386.55,
          "right": 1175,
          "bottom": 2409.55,
          "width": 32.42,
          "height": 23
        },
        "containerSelector": "#root",
        "text": "#28",
        "fixHint": "Move the text inward, reduce its size, or mark intentional off-canvas animation with data-layout-allow-overflow.",
        "containerRect": {
          "left": 0,
          "top": 0,
          "right": 1280,
          "bottom": 720,
          "width": 1280,
          "height": 720
        },
        "overflow": {
          "bottom": 1689.55
        },
        "dataAttributes": {},
        "sourceFile": "compositions/github-stars.html",
        "bbox": {
          "x": 1142.58,
          "y": 2386.55,
          "width": 32.42,
          "height": 23
        },
        "firstSeen": 0.222,
        "lastSeen": 0.222,
        "occurrences": 1
      },
      {
        "code": "canvas_overflow",
        "severity": "info",
        "time": 0.222,
        "selector": "#github-stars-source-root > div:nth-of-type(1) > div:nth-of-type(1) > div:nth-of-type(2) > div:nth-of-type(1) > div:nth-of-type(29) > div:nth-of-type(1) > div:nth-of-type(1) > div:nth-of-type(2)",
        "message": "Text extends outside the composition canvas.",
        "rect": {
          "left": 661,
          "top": 2490.16,
          "right": 754.53,
          "bottom": 2514.16,
          "width": 93.53,
          "height": 24
        },
        "containerSelector": "#root",
        "text": "Dec 8, 2021",
        "fixHint": "Move the text inward, reduce its size, or mark intentional off-canvas animation with data-layout-allow-overflow.",
        "containerRect": {
          "left": 0,
          "top": 0,
          "right": 1280,
          "bottom": 720,
          "width": 1280,
          "height": 720
        },
        "overflow": {
          "bottom": 1794.16
        },
        "dataAttributes": {},
        "sourceFile": "compositions/github-stars.html",
        "bbox": {
          "x": 661,
          "y": 2490.16,
          "width": 93.53,
          "height": 24
        },
        "firstSeen": 0.222,
        "lastSeen": 0.222,
        "occurrences": 1
      },
      {
        "code": "canvas_overflow",
        "severity": "info",
        "time": 0.222,
        "selector": "#github-stars-source-root > div:nth-of-type(1) > div:nth-of-type(1) > div:nth-of-type(2) > div:nth-of-type(1) > div:nth-of-type(29) > div:nth-of-type(1) > div:nth-of-type(2) > span:nth-of-type(1)",
        "message": "Text extends outside the composition canvas.",
        "rect": {
          "left": 1142.58,
          "top": 2474.55,
          "right": 1175,
          "bottom": 2497.55,
          "width": 32.42,
          "height": 23
        },
        "containerSelector": "#root",
        "text": "#29",
        "fixHint": "Move the text inward, reduce its size, or mark intentional off-canvas animation with data-layout-allow-overflow.",
        "containerRect": {
          "left": 0,
          "top": 0,
          "right": 1280,
          "bottom": 720,
          "width": 1280,
          "height": 720
        },
        "overflow": {
          "bottom": 1777.55
        },
        "dataAttributes": {},
        "sourceFile": "compositions/github-stars.html",
        "bbox": {
          "x": 1142.58,
          "y": 2474.55,
          "width": 32.42,
          "height": 23
        },
        "firstSeen": 0.222,
        "lastSeen": 0.222,
        "occurrences": 1
      },
      {
        "code": "canvas_overflow",
        "severity": "info",
        "time": 0.222,
        "selector": "#github-stars-source-root > div:nth-of-type(1) > div:nth-of-type(1) > div:nth-of-type(2) > div:nth-of-type(1) > div:nth-of-type(30) > div:nth-of-type(1) > div:nth-of-type(1) > div:nth-of-type(2)",
        "message": "Text extends outside the composition canvas.",
        "rect": {
          "left": 661,
          "top": 2578.16,
          "right": 765.55,
          "bottom": 2602.16,
          "width": 104.55,
          "height": 24
        },
        "containerSelector": "#root",
        "text": "Jun 29, 2022",
        "fixHint": "Move the text inward, reduce its size, or mark intentional off-canvas animation with data-layout-allow-overflow.",
        "containerRect": {
          "left": 0,
          "top": 0,
          "right": 1280,
          "bottom": 720,
          "width": 1280,
          "height": 720
        },
        "overflow": {
          "bottom": 1882.16
        },
        "dataAttributes": {},
        "sourceFile": "compositions/github-stars.html",
        "bbox": {
          "x": 661,
          "y": 2578.16,
          "width": 104.55,
          "height": 24
        },
        "firstSeen": 0.222,
        "lastSeen": 0.222,
        "occurrences": 1
      },
      {
        "code": "canvas_overflow",
        "severity": "info",
        "time": 0.222,
        "selector": "#github-stars-source-root > div:nth-of-type(1) > div:nth-of-type(1) > div:nth-of-type(2) > div:nth-of-type(1) > div:nth-of-type(30) > div:nth-of-type(1) > div:nth-of-type(2) > span:nth-of-type(1)",
        "message": "Text extends outside the composition canvas.",
        "rect": {
          "left": 1142.58,
          "top": 2562.55,
          "right": 1175,
          "bottom": 2585.55,
          "width": 32.42,
          "height": 23
        },
        "containerSelector": "#root",
        "text": "#30",
        "fixHint": "Move the text inward, reduce its size, or mark intentional off-canvas animation with data-layout-allow-overflow.",
        "containerRect": {
          "left": 0,
          "top": 0,
          "right": 1280,
          "bottom": 720,
          "width": 1280,
          "height": 720
        },
        "overflow": {
          "bottom": 1865.55
        },
        "dataAttributes": {},
        "sourceFile": "compositions/github-stars.html",
        "bbox": {
          "x": 1142.58,
          "y": 2562.55,
          "width": 32.42,
          "height": 23
        },
        "firstSeen": 0.222,
        "lastSeen": 0.222,
        "occurrences": 1
      },
      {
        "code": "canvas_overflow",
        "severity": "info",
        "time": 0.222,
        "selector": "#github-stars-source-root > div:nth-of-type(1) > div:nth-of-type(1) > div:nth-of-type(2) > div:nth-of-type(1) > div:nth-of-type(31) > div:nth-of-type(1) > div:nth-of-type(1) > div:nth-of-type(2)",
        "message": "Text extends outside the composition canvas.",
        "rect": {
          "left": 661,
          "top": 2666.16,
          "right": 764.02,
          "bottom": 2690.16,
          "width": 103.02,
          "height": 24
        },
        "containerSelector": "#root",
        "text": "Sep 14, 2022",
        "fixHint": "Move the text inward, reduce its size, or mark intentional off-canvas animation with data-layout-allow-overflow.",
        "containerRect": {
          "left": 0,
          "top": 0,
          "right": 1280,
          "bottom": 720,
          "width": 1280,
          "height": 720
        },
        "overflow": {
          "bottom": 1970.16
        },
        "dataAttributes": {},
        "sourceFile": "compositions/github-stars.html",
        "bbox": {
          "x": 661,
          "y": 2666.16,
          "width": 103.02,
          "height": 24
        },
        "firstSeen": 0.222,
        "lastSeen": 0.222,
        "occurrences": 1
      },
      {
        "code": "canvas_overflow",
        "severity": "info",
        "time": 0.222,
        "selector": "#github-stars-source-root > div:nth-of-type(1) > div:nth-of-type(1) > div:nth-of-type(2) > div:nth-of-type(1) > div:nth-of-type(31) > div:nth-of-type(1) > div:nth-of-type(2) > span:nth-of-type(1)",
        "message": "Text extends outside the composition canvas.",
        "rect": {
          "left": 1142.58,
          "top": 2650.55,
          "right": 1175,
          "bottom": 2673.55,
          "width": 32.42,
          "height": 23
        },
        "containerSelector": "#root",
        "text": "#31",
        "fixHint": "Move the text inward, reduce its size, or mark intentional off-canvas animation with data-layout-allow-overflow.",
        "containerRect": {
          "left": 0,
          "top": 0,
          "right": 1280,
          "bottom": 720,
          "width": 1280,
          "height": 720
        },
        "overflow": {
          "bottom": 1953.55
        },
        "dataAttributes": {},
        "sourceFile": "compositions/github-stars.html",
        "bbox": {
          "x": 1142.58,
          "y": 2650.55,
          "width": 32.42,
          "height": 23
        },
        "firstSeen": 0.222,
        "lastSeen": 0.222,
        "occurrences": 1
      },
      {
        "code": "canvas_overflow",
        "severity": "info",
        "time": 0.222,
        "selector": "#github-stars-source-root > div:nth-of-type(1) > div:nth-of-type(1) > div:nth-of-type(2) > div:nth-of-type(1) > div:nth-of-type(32) > div:nth-of-type(1) > div:nth-of-type(1) > div:nth-of-type(2)",
        "message": "Text extends outside the composition canvas.",
        "rect": {
          "left": 661,
          "top": 2754.16,
          "right": 756.88,
          "bottom": 2778.16,
          "width": 95.88,
          "height": 24
        },
        "containerSelector": "#root",
        "text": "Mar 9, 2023",
        "fixHint": "Move the text inward, reduce its size, or mark intentional off-canvas animation with data-layout-allow-overflow.",
        "containerRect": {
          "left": 0,
          "top": 0,
          "right": 1280,
          "bottom": 720,
          "width": 1280,
          "height": 720
        },
        "overflow": {
          "bottom": 2058.16
        },
        "dataAttributes": {},
        "sourceFile": "compositions/github-stars.html",
        "bbox": {
          "x": 661,
          "y": 2754.16,
          "width": 95.88,
          "height": 24
        },
        "firstSeen": 0.222,
        "lastSeen": 0.222,
        "occurrences": 1
      },
      {
        "code": "canvas_overflow",
        "severity": "info",
        "time": 0.222,
        "selector": "#github-stars-source-root > div:nth-of-type(1) > div:nth-of-type(1) > div:nth-of-type(2) > div:nth-of-type(1) > div:nth-of-type(32) > div:nth-of-type(1) > div:nth-of-type(2) > span:nth-of-type(1)",
        "message": "Text extends outside the composition canvas.",
        "rect": {
          "left": 1142.58,
          "top": 2738.55,
          "right": 1175,
          "bottom": 2761.55,
          "width": 32.42,
          "height": 23
        },
        "containerSelector": "#root",
        "text": "#32",
        "fixHint": "Move the text inward, reduce its size, or mark intentional off-canvas animation with data-layout-allow-overflow.",
        "containerRect": {
          "left": 0,
          "top": 0,
          "right": 1280,
          "bottom": 720,
          "width": 1280,
          "height": 720
        },
        "overflow": {
          "bottom": 2041.55
        },
        "dataAttributes": {},
        "sourceFile": "compositions/github-stars.html",
        "bbox": {
          "x": 1142.58,
          "y": 2738.55,
          "width": 32.42,
          "height": 23
        },
        "firstSeen": 0.222,
        "lastSeen": 0.222,
        "occurrences": 1
      },
      {
        "code": "canvas_overflow",
        "severity": "info",
        "time": 0.222,
        "selector": "#github-stars-source-root > div:nth-of-type(1) > div:nth-of-type(1) > div:nth-of-type(2) > div:nth-of-type(1) > div:nth-of-type(33) > div:nth-of-type(1) > div:nth-of-type(1) > div:nth-of-type(2)",
        "message": "Text extends outside the composition canvas.",
        "rect": {
          "left": 661,
          "top": 2842.16,
          "right": 756.45,
          "bottom": 2866.16,
          "width": 95.45,
          "height": 24
        },
        "containerSelector": "#root",
        "text": "Nov 2, 2023",
        "fixHint": "Move the text inward, reduce its size, or mark intentional off-canvas animation with data-layout-allow-overflow.",
        "containerRect": {
          "left": 0,
          "top": 0,
          "right": 1280,
          "bottom": 720,
          "width": 1280,
          "height": 720
        },
        "overflow": {
          "bottom": 2146.16
        },
        "dataAttributes": {},
        "sourceFile": "compositions/github-stars.html",
        "bbox": {
          "x": 661,
          "y": 2842.16,
          "width": 95.45,
          "height": 24
        },
        "firstSeen": 0.222,
        "lastSeen": 0.222,
        "occurrences": 1
      },
      {
        "code": "canvas_overflow",
        "severity": "info",
        "time": 0.222,
        "selector": "#github-stars-source-root > div:nth-of-type(1) > div:nth-of-type(1) > div:nth-of-type(2) > div:nth-of-type(1) > div:nth-of-type(33) > div:nth-of-type(1) > div:nth-of-type(2) > span:nth-of-type(1)",
        "message": "Text extends outside the composition canvas.",
        "rect": {
          "left": 1142.58,
          "top": 2826.55,
          "right": 1175,
          "bottom": 2849.55,
          "width": 32.42,
          "height": 23
        },
        "containerSelector": "#root",
        "text": "#33",
        "fixHint": "Move the text inward, reduce its size, or mark intentional off-canvas animation with data-layout-allow-overflow.",
        "containerRect": {
          "left": 0,
          "top": 0,
          "right": 1280,
          "bottom": 720,
          "width": 1280,
          "height": 720
        },
        "overflow": {
          "bottom": 2129.55
        },
        "dataAttributes": {},
        "sourceFile": "compositions/github-stars.html",
        "bbox": {
          "x": 1142.58,
          "y": 2826.55,
          "width": 32.42,
          "height": 23
        },
        "firstSeen": 0.222,
        "lastSeen": 0.222,
        "occurrences": 1
      },
      {
        "code": "canvas_overflow",
        "severity": "info",
        "time": 0.222,
        "selector": "#github-stars-source-root > div:nth-of-type(1) > div:nth-of-type(1) > div:nth-of-type(2) > div:nth-of-type(1) > div:nth-of-type(34) > div:nth-of-type(1) > div:nth-of-type(1) > div:nth-of-type(2)",
        "message": "Text extends outside the composition canvas.",
        "rect": {
          "left": 661,
          "top": 2930.16,
          "right": 753.38,
          "bottom": 2954.16,
          "width": 92.38,
          "height": 24
        },
        "containerSelector": "#root",
        "text": "Mar 4, 2021",
        "fixHint": "Move the text inward, reduce its size, or mark intentional off-canvas animation with data-layout-allow-overflow.",
        "containerRect": {
          "left": 0,
          "top": 0,
          "right": 1280,
          "bottom": 720,
          "width": 1280,
          "height": 720
        },
        "overflow": {
          "bottom": 2234.16
        },
        "dataAttributes": {},
        "sourceFile": "compositions/github-stars.html",
        "bbox": {
          "x": 661,
          "y": 2930.16,
          "width": 92.38,
          "height": 24
        },
        "firstSeen": 0.222,
        "lastSeen": 0.222,
        "occurrences": 1
      },
      {
        "code": "canvas_overflow",
        "severity": "info",
        "time": 0.222,
        "selector": "#github-stars-source-root > div:nth-of-type(1) > div:nth-of-type(1) > div:nth-of-type(2) > div:nth-of-type(1) > div:nth-of-type(34) > div:nth-of-type(1) > div:nth-of-type(2) > span:nth-of-type(1)",
        "message": "Text extends outside the composition canvas.",
        "rect": {
          "left": 1142.58,
          "top": 2914.55,
          "right": 1175,
          "bottom": 2937.55,
          "width": 32.42,
          "height": 23
        },
        "containerSelector": "#root",
        "text": "#34",
        "fixHint": "Move the text inward, reduce its size, or mark intentional off-canvas animation with data-layout-allow-overflow.",
        "containerRect": {
          "left": 0,
          "top": 0,
          "right": 1280,
          "bottom": 720,
          "width": 1280,
          "height": 720
        },
        "overflow": {
          "bottom": 2217.55
        },
        "dataAttributes": {},
        "sourceFile": "compositions/github-stars.html",
        "bbox": {
          "x": 1142.58,
          "y": 2914.55,
          "width": 32.42,
          "height": 23
        },
        "firstSeen": 0.222,
        "lastSeen": 0.222,
        "occurrences": 1
      },
      {
        "code": "canvas_overflow",
        "severity": "info",
        "time": 0.222,
        "selector": "#github-stars-source-root > div:nth-of-type(1) > div:nth-of-type(1) > div:nth-of-type(2) > div:nth-of-type(1) > div:nth-of-type(35) > div:nth-of-type(1) > div:nth-of-type(1) > div:nth-of-type(2)",
        "message": "Text extends outside the composition canvas.",
        "rect": {
          "left": 661,
          "top": 3018.16,
          "right": 760.08,
          "bottom": 3042.16,
          "width": 99.08,
          "height": 24
        },
        "containerSelector": "#root",
        "text": "Sep 21, 2021",
        "fixHint": "Move the text inward, reduce its size, or mark intentional off-canvas animation with data-layout-allow-overflow.",
        "containerRect": {
          "left": 0,
          "top": 0,
          "right": 1280,
          "bottom": 720,
          "width": 1280,
          "height": 720
        },
        "overflow": {
          "bottom": 2322.16
        },
        "dataAttributes": {},
        "sourceFile": "compositions/github-stars.html",
        "bbox": {
          "x": 661,
          "y": 3018.16,
          "width": 99.08,
          "height": 24
        },
        "firstSeen": 0.222,
        "lastSeen": 0.222,
        "occurrences": 1
      },
      {
        "code": "canvas_overflow",
        "severity": "info",
        "time": 0.222,
        "selector": "#github-stars-source-root > div:nth-of-type(1) > div:nth-of-type(1) > div:nth-of-type(2) > div:nth-of-type(1) > div:nth-of-type(35) > div:nth-of-type(1) > div:nth-of-type(2) > span:nth-of-type(1)",
        "message": "Text extends outside the composition canvas.",
        "rect": {
          "left": 1142.58,
          "top": 3002.55,
          "right": 1175,
          "bottom": 3025.55,
          "width": 32.42,
          "height": 23
        },
        "containerSelector": "#root",
        "text": "#35",
        "fixHint": "Move the text inward, reduce its size, or mark intentional off-canvas animation with data-layout-allow-overflow.",
        "containerRect": {
          "left": 0,
          "top": 0,
          "right": 1280,
          "bottom": 720,
          "width": 1280,
          "height": 720
        },
        "overflow": {
          "bottom": 2305.55
        },
        "dataAttributes": {},
        "sourceFile": "compositions/github-stars.html",
        "bbox": {
          "x": 1142.58,
          "y": 3002.55,
          "width": 32.42,
          "height": 23
        },
        "firstSeen": 0.222,
        "lastSeen": 0.222,
        "occurrences": 1
      },
      {
        "code": "canvas_overflow",
        "severity": "info",
        "time": 0.222,
        "selector": "#github-stars-source-root > div:nth-of-type(1) > div:nth-of-type(1) > div:nth-of-type(2) > div:nth-of-type(1) > div:nth-of-type(36) > div:nth-of-type(1) > div:nth-of-type(1) > div:nth-of-type(2)",
        "message": "Text extends outside the composition canvas.",
        "rect": {
          "left": 661,
          "top": 3106.16,
          "right": 754.53,
          "bottom": 3130.16,
          "width": 93.53,
          "height": 24
        },
        "containerSelector": "#root",
        "text": "Dec 8, 2021",
        "fixHint": "Move the text inward, reduce its size, or mark intentional off-canvas animation with data-layout-allow-overflow.",
        "containerRect": {
          "left": 0,
          "top": 0,
          "right": 1280,
          "bottom": 720,
          "width": 1280,
          "height": 720
        },
        "overflow": {
          "bottom": 2410.16
        },
        "dataAttributes": {},
        "sourceFile": "compositions/github-stars.html",
        "bbox": {
          "x": 661,
          "y": 3106.16,
          "width": 93.53,
          "height": 24
        },
        "firstSeen": 0.222,
        "lastSeen": 0.222,
        "occurrences": 1
      },
      {
        "code": "canvas_overflow",
        "severity": "info",
        "time": 0.222,
        "selector": "#github-stars-source-root > div:nth-of-type(1) > div:nth-of-type(1) > div:nth-of-type(2) > div:nth-of-type(1) > div:nth-of-type(36) > div:nth-of-type(1) > div:nth-of-type(2) > span:nth-of-type(1)",
        "message": "Text extends outside the composition canvas.",
        "rect": {
          "left": 1142.58,
          "top": 3090.55,
          "right": 1175,
          "bottom": 3113.55,
          "width": 32.42,
          "height": 23
        },
        "containerSelector": "#root",
        "text": "#36",
        "fixHint": "Move the text inward, reduce its size, or mark intentional off-canvas animation with data-layout-allow-overflow.",
        "containerRect": {
          "left": 0,
          "top": 0,
          "right": 1280,
          "bottom": 720,
          "width": 1280,
          "height": 720
        },
        "overflow": {
          "bottom": 2393.55
        },
        "dataAttributes": {},
        "sourceFile": "compositions/github-stars.html",
        "bbox": {
          "x": 1142.58,
          "y": 3090.55,
          "width": 32.42,
          "height": 23
        },
        "firstSeen": 0.222,
        "lastSeen": 0.222,
        "occurrences": 1
      },
      {
        "code": "canvas_overflow",
        "severity": "info",
        "time": 0.222,
        "selector": "#github-stars-source-root > div:nth-of-type(1) > div:nth-of-type(1) > div:nth-of-type(2) > div:nth-of-type(1) > div:nth-of-type(37) > div:nth-of-type(1) > div:nth-of-type(1) > div:nth-of-type(2)",
        "message": "Text extends outside the composition canvas.",
        "rect": {
          "left": 661,
          "top": 3194.16,
          "right": 765.55,
          "bottom": 3218.16,
          "width": 104.55,
          "height": 24
        },
        "containerSelector": "#root",
        "text": "Jun 29, 2022",
        "fixHint": "Move the text inward, reduce its size, or mark intentional off-canvas animation with data-layout-allow-overflow.",
        "containerRect": {
          "left": 0,
          "top": 0,
          "right": 1280,
          "bottom": 720,
          "width": 1280,
          "height": 720
        },
        "overflow": {
          "bottom": 2498.16
        },
        "dataAttributes": {},
        "sourceFile": "compositions/github-stars.html",
        "bbox": {
          "x": 661,
          "y": 3194.16,
          "width": 104.55,
          "height": 24
        },
        "firstSeen": 0.222,
        "lastSeen": 0.222,
        "occurrences": 1
      },
      {
        "code": "canvas_overflow",
        "severity": "info",
        "time": 0.222,
        "selector": "#github-stars-source-root > div:nth-of-type(1) > div:nth-of-type(1) > div:nth-of-type(2) > div:nth-of-type(1) > div:nth-of-type(37) > div:nth-of-type(1) > div:nth-of-type(2) > span:nth-of-type(1)",
        "message": "Text extends outside the composition canvas.",
        "rect": {
          "left": 1142.58,
          "top": 3178.55,
          "right": 1175,
          "bottom": 3201.55,
          "width": 32.42,
          "height": 23
        },
        "containerSelector": "#root",
        "text": "#37",
        "fixHint": "Move the text inward, reduce its size, or mark intentional off-canvas animation with data-layout-allow-overflow.",
        "containerRect": {
          "left": 0,
          "top": 0,
          "right": 1280,
          "bottom": 720,
          "width": 1280,
          "height": 720
        },
        "overflow": {
          "bottom": 2481.55
        },
        "dataAttributes": {},
        "sourceFile": "compositions/github-stars.html",
        "bbox": {
          "x": 1142.58,
          "y": 3178.55,
          "width": 32.42,
          "height": 23
        },
        "firstSeen": 0.222,
        "lastSeen": 0.222,
        "occurrences": 1
      },
      {
        "code": "canvas_overflow",
        "severity": "info",
        "time": 0.222,
        "selector": "#github-stars-source-root > div:nth-of-type(1) > div:nth-of-type(1) > div:nth-of-type(2) > div:nth-of-type(1) > div:nth-of-type(38) > div:nth-of-type(1) > div:nth-of-type(1) > div:nth-of-type(2)",
        "message": "Text extends outside the composition canvas.",
        "rect": {
          "left": 661,
          "top": 3282.16,
          "right": 767.53,
          "bottom": 3306.16,
          "width": 106.53,
          "height": 24
        },
        "containerSelector": "#root",
        "text": "Dec 23, 2022",
        "fixHint": "Move the text inward, reduce its size, or mark intentional off-canvas animation with data-layout-allow-overflow.",
        "containerRect": {
          "left": 0,
          "top": 0,
          "right": 1280,
          "bottom": 720,
          "width": 1280,
          "height": 720
        },
        "overflow": {
          "bottom": 2586.16
        },
        "dataAttributes": {},
        "sourceFile": "compositions/github-stars.html",
        "bbox": {
          "x": 661,
          "y": 3282.16,
          "width": 106.53,
          "height": 24
        },
        "firstSeen": 0.222,
        "lastSeen": 0.222,
        "occurrences": 1
      },
      {
        "code": "canvas_overflow",
        "severity": "info",
        "time": 0.222,
        "selector": "#github-stars-source-root > div:nth-of-type(1) > div:nth-of-type(1) > div:nth-of-type(2) > div:nth-of-type(1) > div:nth-of-type(38) > div:nth-of-type(1) > div:nth-of-type(2) > span:nth-of-type(1)",
        "message": "Text extends outside the composition canvas.",
        "rect": {
          "left": 1142.58,
          "top": 3266.55,
          "right": 1175,
          "bottom": 3289.55,
          "width": 32.42,
          "height": 23
        },
        "containerSelector": "#root",
        "text": "#38",
        "fixHint": "Move the text inward, reduce its size, or mark intentional off-canvas animation with data-layout-allow-overflow.",
        "containerRect": {
          "left": 0,
          "top": 0,
          "right": 1280,
          "bottom": 720,
          "width": 1280,
          "height": 720
        },
        "overflow": {
          "bottom": 2569.55
        },
        "dataAttributes": {},
        "sourceFile": "compositions/github-stars.html",
        "bbox": {
          "x": 1142.58,
          "y": 3266.55,
          "width": 32.42,
          "height": 23
        },
        "firstSeen": 0.222,
        "lastSeen": 0.222,
        "occurrences": 1
      },
      {
        "code": "canvas_overflow",
        "severity": "info",
        "time": 0.222,
        "selector": "#github-stars-source-root > div:nth-of-type(1) > div:nth-of-type(1) > div:nth-of-type(2) > div:nth-of-type(1) > div:nth-of-type(39) > div:nth-of-type(1) > div:nth-of-type(1) > div:nth-of-type(2)",
        "message": "Text extends outside the composition canvas.",
        "rect": {
          "left": 661,
          "top": 3370.16,
          "right": 755.52,
          "bottom": 3394.16,
          "width": 94.52,
          "height": 24
        },
        "containerSelector": "#root",
        "text": "Jul 19, 2023",
        "fixHint": "Move the text inward, reduce its size, or mark intentional off-canvas animation with data-layout-allow-overflow.",
        "containerRect": {
          "left": 0,
          "top": 0,
          "right": 1280,
          "bottom": 720,
          "width": 1280,
          "height": 720
        },
        "overflow": {
          "bottom": 2674.16
        },
        "dataAttributes": {},
        "sourceFile": "compositions/github-stars.html",
        "bbox": {
          "x": 661,
          "y": 3370.16,
          "width": 94.52,
          "height": 24
        },
        "firstSeen": 0.222,
        "lastSeen": 0.222,
        "occurrences": 1
      },
      {
        "code": "canvas_overflow",
        "severity": "info",
        "time": 0.222,
        "selector": "#github-stars-source-root > div:nth-of-type(1) > div:nth-of-type(1) > div:nth-of-type(2) > div:nth-of-type(1) > div:nth-of-type(39) > div:nth-of-type(1) > div:nth-of-type(2) > span:nth-of-type(1)",
        "message": "Text extends outside the composition canvas.",
        "rect": {
          "left": 1142.58,
          "top": 3354.55,
          "right": 1175,
          "bottom": 3377.55,
          "width": 32.42,
          "height": 23
        },
        "containerSelector": "#root",
        "text": "#39",
        "fixHint": "Move the text inward, reduce its size, or mark intentional off-canvas animation with data-layout-allow-overflow.",
        "containerRect": {
          "left": 0,
          "top": 0,
          "right": 1280,
          "bottom": 720,
          "width": 1280,
          "height": 720
        },
        "overflow": {
          "bottom": 2657.55
        },
        "dataAttributes": {},
        "sourceFile": "compositions/github-stars.html",
        "bbox": {
          "x": 1142.58,
          "y": 3354.55,
          "width": 32.42,
          "height": 23
        },
        "firstSeen": 0.222,
        "lastSeen": 0.222,
        "occurrences": 1
      },
      {
        "code": "canvas_overflow",
        "severity": "info",
        "time": 0.222,
        "selector": "#github-stars-source-root > div:nth-of-type(1) > div:nth-of-type(1) > div:nth-of-type(2) > div:nth-of-type(1) > div:nth-of-type(40) > div:nth-of-type(1) > div:nth-of-type(1) > div:nth-of-type(2)",
        "message": "Text extends outside the composition canvas.",
        "rect": {
          "left": 661,
          "top": 3458.16,
          "right": 762.13,
          "bottom": 3482.16,
          "width": 101.13,
          "height": 24
        },
        "containerSelector": "#root",
        "text": "Feb 15, 2024",
        "fixHint": "Move the text inward, reduce its size, or mark intentional off-canvas animation with data-layout-allow-overflow.",
        "containerRect": {
          "left": 0,
          "top": 0,
          "right": 1280,
          "bottom": 720,
          "width": 1280,
          "height": 720
        },
        "overflow": {
          "bottom": 2762.16
        },
        "dataAttributes": {},
        "sourceFile": "compositions/github-stars.html",
        "bbox": {
          "x": 661,
          "y": 3458.16,
          "width": 101.13,
          "height": 24
        },
        "firstSeen": 0.222,
        "lastSeen": 0.222,
        "occurrences": 1
      },
      {
        "code": "canvas_overflow",
        "severity": "info",
        "time": 0.222,
        "selector": "#github-stars-source-root > div:nth-of-type(1) > div:nth-of-type(1) > div:nth-of-type(2) > div:nth-of-type(1) > div:nth-of-type(40) > div:nth-of-type(1) > div:nth-of-type(2) > span:nth-of-type(1)",
        "message": "Text extends outside the composition canvas.",
        "rect": {
          "left": 1142.58,
          "top": 3442.55,
          "right": 1175,
          "bottom": 3465.55,
          "width": 32.42,
          "height": 23
        },
        "containerSelector": "#root",
        "text": "#40",
        "fixHint": "Move the text inward, reduce its size, or mark intentional off-canvas animation with data-layout-allow-overflow.",
        "containerRect": {
          "left": 0,
          "top": 0,
          "right": 1280,
          "bottom": 720,
          "width": 1280,
          "height": 720
        },
        "overflow": {
          "bottom": 2745.55
        },
        "dataAttributes": {},
        "sourceFile": "compositions/github-stars.html",
        "bbox": {
          "x": 1142.58,
          "y": 3442.55,
          "width": 32.42,
          "height": 23
        },
        "firstSeen": 0.222,
        "lastSeen": 0.222,
        "occurrences": 1
      },
      {
        "code": "canvas_overflow",
        "severity": "info",
        "time": 0.222,
        "selector": "#github-stars-source-root > div:nth-of-type(1) > div:nth-of-type(1) > div:nth-of-type(2) > div:nth-of-type(1) > div:nth-of-type(41) > div:nth-of-type(1) > div:nth-of-type(1) > div:nth-of-type(2)",
        "message": "Text extends outside the composition canvas.",
        "rect": {
          "left": 661,
          "top": 3546.16,
          "right": 758.52,
          "bottom": 3570.16,
          "width": 97.52,
          "height": 24
        },
        "containerSelector": "#root",
        "text": "Jun 12, 2021",
        "fixHint": "Move the text inward, reduce its size, or mark intentional off-canvas animation with data-layout-allow-overflow.",
        "containerRect": {
          "left": 0,
          "top": 0,
          "right": 1280,
          "bottom": 720,
          "width": 1280,
          "height": 720
        },
        "overflow": {
          "bottom": 2850.16
        },
        "dataAttributes": {},
        "sourceFile": "compositions/github-stars.html",
        "bbox": {
          "x": 661,
          "y": 3546.16,
          "width": 97.52,
          "height": 24
        },
        "firstSeen": 0.222,
        "lastSeen": 0.222,
        "occurrences": 1
      },
      {
        "code": "canvas_overflow",
        "severity": "info",
        "time": 0.222,
        "selector": "#github-stars-source-root > div:nth-of-type(1) > div:nth-of-type(1) > div:nth-of-type(2) > div:nth-of-type(1) > div:nth-of-type(41) > div:nth-of-type(1) > div:nth-of-type(2) > span:nth-of-type(1)",
        "message": "Text extends outside the composition canvas.",
        "rect": {
          "left": 1142.58,
          "top": 3530.55,
          "right": 1175,
          "bottom": 3553.55,
          "width": 32.42,
          "height": 23
        },
        "containerSelector": "#root",
        "text": "#41",
        "fixHint": "Move the text inward, reduce its size, or mark intentional off-canvas animation with data-layout-allow-overflow.",
        "containerRect": {
          "left": 0,
          "top": 0,
          "right": 1280,
          "bottom": 720,
          "width": 1280,
          "height": 720
        },
        "overflow": {
          "bottom": 2833.55
        },
        "dataAttributes": {},
        "sourceFile": "compositions/github-stars.html",
        "bbox": {
          "x": 1142.58,
          "y": 3530.55,
          "width": 32.42,
          "height": 23
        },
        "firstSeen": 0.222,
        "lastSeen": 0.222,
        "occurrences": 1
      },
      {
        "code": "canvas_overflow",
        "severity": "info",
        "time": 0.222,
        "selector": "#github-stars-source-root > div:nth-of-type(1) > div:nth-of-type(1) > div:nth-of-type(2) > div:nth-of-type(1) > div:nth-of-type(42) > div:nth-of-type(1) > div:nth-of-type(1) > div:nth-of-type(2)",
        "message": "Text extends outside the composition canvas.",
        "rect": {
          "left": 661,
          "top": 3634.16,
          "right": 760.08,
          "bottom": 3658.16,
          "width": 99.08,
          "height": 24
        },
        "containerSelector": "#root",
        "text": "Sep 21, 2021",
        "fixHint": "Move the text inward, reduce its size, or mark intentional off-canvas animation with data-layout-allow-overflow.",
        "containerRect": {
          "left": 0,
          "top": 0,
          "right": 1280,
          "bottom": 720,
          "width": 1280,
          "height": 720
        },
        "overflow": {
          "bottom": 2938.16
        },
        "dataAttributes": {},
        "sourceFile": "compositions/github-stars.html",
        "bbox": {
          "x": 661,
          "y": 3634.16,
          "width": 99.08,
          "height": 24
        },
        "firstSeen": 0.222,
        "lastSeen": 0.222,
        "occurrences": 1
      },
      {
        "code": "canvas_overflow",
        "severity": "info",
        "time": 0.222,
        "selector": "#github-stars-source-root > div:nth-of-type(1) > div:nth-of-type(1) > div:nth-of-type(2) > div:nth-of-type(1) > div:nth-of-type(42) > div:nth-of-type(1) > div:nth-of-type(2) > span:nth-of-type(1)",
        "message": "Text extends outside the composition canvas.",
        "rect": {
          "left": 1142.58,
          "top": 3618.55,
          "right": 1175,
          "bottom": 3641.55,
          "width": 32.42,
          "height": 23
        },
        "containerSelector": "#root",
        "text": "#42",
        "fixHint": "Move the text inward, reduce its size, or mark intentional off-canvas animation with data-layout-allow-overflow.",
        "containerRect": {
          "left": 0,
          "top": 0,
          "right": 1280,
          "bottom": 720,
          "width": 1280,
          "height": 720
        },
        "overflow": {
          "bottom": 2921.55
        },
        "dataAttributes": {},
        "sourceFile": "compositions/github-stars.html",
        "bbox": {
          "x": 1142.58,
          "y": 3618.55,
          "width": 32.42,
          "height": 23
        },
        "firstSeen": 0.222,
        "lastSeen": 0.222,
        "occurrences": 1
      },
      {
        "code": "canvas_overflow",
        "severity": "info",
        "time": 0.222,
        "selector": "#github-stars-source-root > div:nth-of-type(1) > div:nth-of-type(1) > div:nth-of-type(2) > div:nth-of-type(1) > div:nth-of-type(43) > div:nth-of-type(1) > div:nth-of-type(1) > div:nth-of-type(2)",
        "message": "Text extends outside the composition canvas.",
        "rect": {
          "left": 661,
          "top": 3722.16,
          "right": 761.22,
          "bottom": 3746.16,
          "width": 100.22,
          "height": 24
        },
        "containerSelector": "#root",
        "text": "Mar 17, 2022",
        "fixHint": "Move the text inward, reduce its size, or mark intentional off-canvas animation with data-layout-allow-overflow.",
        "containerRect": {
          "left": 0,
          "top": 0,
          "right": 1280,
          "bottom": 720,
          "width": 1280,
          "height": 720
        },
        "overflow": {
          "bottom": 3026.16
        },
        "dataAttributes": {},
        "sourceFile": "compositions/github-stars.html",
        "bbox": {
          "x": 661,
          "y": 3722.16,
          "width": 100.22,
          "height": 24
        },
        "firstSeen": 0.222,
        "lastSeen": 0.222,
        "occurrences": 1
      },
      {
        "code": "canvas_overflow",
        "severity": "info",
        "time": 0.222,
        "selector": "#github-stars-source-root > div:nth-of-type(1) > div:nth-of-type(1) > div:nth-of-type(2) > div:nth-of-type(1) > div:nth-of-type(43) > div:nth-of-type(1) > div:nth-of-type(2) > span:nth-of-type(1)",
        "message": "Text extends outside the composition canvas.",
        "rect": {
          "left": 1142.58,
          "top": 3706.55,
          "right": 1175,
          "bottom": 3729.55,
          "width": 32.42,
          "height": 23
        },
        "containerSelector": "#root",
        "text": "#43",
        "fixHint": "Move the text inward, reduce its size, or mark intentional off-canvas animation with data-layout-allow-overflow.",
        "containerRect": {
          "left": 0,
          "top": 0,
          "right": 1280,
          "bottom": 720,
          "width": 1280,
          "height": 720
        },
        "overflow": {
          "bottom": 3009.55
        },
        "dataAttributes": {},
        "sourceFile": "compositions/github-stars.html",
        "bbox": {
          "x": 1142.58,
          "y": 3706.55,
          "width": 32.42,
          "height": 23
        },
        "firstSeen": 0.222,
        "lastSeen": 0.222,
        "occurrences": 1
      },
      {
        "code": "canvas_overflow",
        "severity": "info",
        "time": 0.222,
        "selector": "#github-stars-source-root > div:nth-of-type(1) > div:nth-of-type(1) > div:nth-of-type(2) > div:nth-of-type(1) > div:nth-of-type(44) > div:nth-of-type(1) > div:nth-of-type(1) > div:nth-of-type(2)",
        "message": "Text extends outside the composition canvas.",
        "rect": {
          "left": 661,
          "top": 3810.16,
          "right": 764.02,
          "bottom": 3834.16,
          "width": 103.02,
          "height": 24
        },
        "containerSelector": "#root",
        "text": "Sep 14, 2022",
        "fixHint": "Move the text inward, reduce its size, or mark intentional off-canvas animation with data-layout-allow-overflow.",
        "containerRect": {
          "left": 0,
          "top": 0,
          "right": 1280,
          "bottom": 720,
          "width": 1280,
          "height": 720
        },
        "overflow": {
          "bottom": 3114.16
        },
        "dataAttributes": {},
        "sourceFile": "compositions/github-stars.html",
        "bbox": {
          "x": 661,
          "y": 3810.16,
          "width": 103.02,
          "height": 24
        },
        "firstSeen": 0.222,
        "lastSeen": 0.222,
        "occurrences": 1
      },
      {
        "code": "canvas_overflow",
        "severity": "info",
        "time": 0.222,
        "selector": "#github-stars-source-root > div:nth-of-type(1) > div:nth-of-type(1) > div:nth-of-type(2) > div:nth-of-type(1) > div:nth-of-type(44) > div:nth-of-type(1) > div:nth-of-type(2) > span:nth-of-type(1)",
        "message": "Text extends outside the composition canvas.",
        "rect": {
          "left": 1142.58,
          "top": 3794.55,
          "right": 1175,
          "bottom": 3817.55,
          "width": 32.42,
          "height": 23
        },
        "containerSelector": "#root",
        "text": "#44",
        "fixHint": "Move the text inward, reduce its size, or mark intentional off-canvas animation with data-layout-allow-overflow.",
        "containerRect": {
          "left": 0,
          "top": 0,
          "right": 1280,
          "bottom": 720,
          "width": 1280,
          "height": 720
        },
        "overflow": {
          "bottom": 3097.55
        },
        "dataAttributes": {},
        "sourceFile": "compositions/github-stars.html",
        "bbox": {
          "x": 1142.58,
          "y": 3794.55,
          "width": 32.42,
          "height": 23
        },
        "firstSeen": 0.222,
        "lastSeen": 0.222,
        "occurrences": 1
      },
      {
        "code": "canvas_overflow",
        "severity": "info",
        "time": 0.222,
        "selector": "#github-stars-source-root > div:nth-of-type(1) > div:nth-of-type(1) > div:nth-of-type(2) > div:nth-of-type(1) > div:nth-of-type(45) > div:nth-of-type(1) > div:nth-of-type(1) > div:nth-of-type(2)",
        "message": "Text extends outside the composition canvas.",
        "rect": {
          "left": 661,
          "top": 3898.16,
          "right": 756.88,
          "bottom": 3922.16,
          "width": 95.88,
          "height": 24
        },
        "containerSelector": "#root",
        "text": "Mar 9, 2023",
        "fixHint": "Move the text inward, reduce its size, or mark intentional off-canvas animation with data-layout-allow-overflow.",
        "containerRect": {
          "left": 0,
          "top": 0,
          "right": 1280,
          "bottom": 720,
          "width": 1280,
          "height": 720
        },
        "overflow": {
          "bottom": 3202.16
        },
        "dataAttributes": {},
        "sourceFile": "compositions/github-stars.html",
        "bbox": {
          "x": 661,
          "y": 3898.16,
          "width": 95.88,
          "height": 24
        },
        "firstSeen": 0.222,
        "lastSeen": 0.222,
        "occurrences": 1
      },
      {
        "code": "canvas_overflow",
        "severity": "info",
        "time": 0.222,
        "selector": "#github-stars-source-root > div:nth-of-type(1) > div:nth-of-type(1) > div:nth-of-type(2) > div:nth-of-type(1) > div:nth-of-type(45) > div:nth-of-type(1) > div:nth-of-type(2) > span:nth-of-type(1)",
        "message": "Text extends outside the composition canvas.",
        "rect": {
          "left": 1142.58,
          "top": 3882.55,
          "right": 1175,
          "bottom": 3905.55,
          "width": 32.42,
          "height": 23
        },
        "containerSelector": "#root",
        "text": "#45",
        "fixHint": "Move the text inward, reduce its size, or mark intentional off-canvas animation with data-layout-allow-overflow.",
        "containerRect": {
          "left": 0,
          "top": 0,
          "right": 1280,
          "bottom": 720,
          "width": 1280,
          "height": 720
        },
        "overflow": {
          "bottom": 3185.55
        },
        "dataAttributes": {},
        "sourceFile": "compositions/github-stars.html",
        "bbox": {
          "x": 1142.58,
          "y": 3882.55,
          "width": 32.42,
          "height": 23
        },
        "firstSeen": 0.222,
        "lastSeen": 0.222,
        "occurrences": 1
      },
      {
        "code": "canvas_overflow",
        "severity": "info",
        "time": 0.222,
        "selector": "#github-stars-source-root > div:nth-of-type(1) > div:nth-of-type(1) > div:nth-of-type(2) > div:nth-of-type(1) > div:nth-of-type(46) > div:nth-of-type(1) > div:nth-of-type(1) > div:nth-of-type(2)",
        "message": "Text extends outside the composition canvas.",
        "rect": {
          "left": 661,
          "top": 3986.16,
          "right": 756.45,
          "bottom": 4010.16,
          "width": 95.45,
          "height": 24
        },
        "containerSelector": "#root",
        "text": "Nov 2, 2023",
        "fixHint": "Move the text inward, reduce its size, or mark intentional off-canvas animation with data-layout-allow-overflow.",
        "containerRect": {
          "left": 0,
          "top": 0,
          "right": 1280,
          "bottom": 720,
          "width": 1280,
          "height": 720
        },
        "overflow": {
          "bottom": 3290.16
        },
        "dataAttributes": {},
        "sourceFile": "compositions/github-stars.html",
        "bbox": {
          "x": 661,
          "y": 3986.16,
          "width": 95.45,
          "height": 24
        },
        "firstSeen": 0.222,
        "lastSeen": 0.222,
        "occurrences": 1
      },
      {
        "code": "canvas_overflow",
        "severity": "info",
        "time": 0.222,
        "selector": "#github-stars-source-root > div:nth-of-type(1) > div:nth-of-type(1) > div:nth-of-type(2) > div:nth-of-type(1) > div:nth-of-type(46) > div:nth-of-type(1) > div:nth-of-type(2) > span:nth-of-type(1)",
        "message": "Text extends outside the composition canvas.",
        "rect": {
          "left": 1142.58,
          "top": 3970.55,
          "right": 1175,
          "bottom": 3993.55,
          "width": 32.42,
          "height": 23
        },
        "containerSelector": "#root",
        "text": "#46",
        "fixHint": "Move the text inward, reduce its size, or mark intentional off-canvas animation with data-layout-allow-overflow.",
        "containerRect": {
          "left": 0,
          "top": 0,
          "right": 1280,
          "bottom": 720,
          "width": 1280,
          "height": 720
        },
        "overflow": {
          "bottom": 3273.55
        },
        "dataAttributes": {},
        "sourceFile": "compositions/github-stars.html",
        "bbox": {
          "x": 1142.58,
          "y": 3970.55,
          "width": 32.42,
          "height": 23
        },
        "firstSeen": 0.222,
        "lastSeen": 0.222,
        "occurrences": 1
      },
      {
        "code": "canvas_overflow",
        "severity": "info",
        "time": 0.222,
        "selector": "#github-stars-source-root > div:nth-of-type(1) > div:nth-of-type(1) > div:nth-of-type(2) > div:nth-of-type(1) > div:nth-of-type(47) > div:nth-of-type(1) > div:nth-of-type(1) > div:nth-of-type(2)",
        "message": "Text extends outside the composition canvas.",
        "rect": {
          "left": 661,
          "top": 4074.16,
          "right": 762.13,
          "bottom": 4098.16,
          "width": 101.13,
          "height": 24
        },
        "containerSelector": "#root",
        "text": "Feb 15, 2024",
        "fixHint": "Move the text inward, reduce its size, or mark intentional off-canvas animation with data-layout-allow-overflow.",
        "containerRect": {
          "left": 0,
          "top": 0,
          "right": 1280,
          "bottom": 720,
          "width": 1280,
          "height": 720
        },
        "overflow": {
          "bottom": 3378.16
        },
        "dataAttributes": {},
        "sourceFile": "compositions/github-stars.html",
        "bbox": {
          "x": 661,
          "y": 4074.16,
          "width": 101.13,
          "height": 24
        },
        "firstSeen": 0.222,
        "lastSeen": 0.222,
        "occurrences": 1
      },
      {
        "code": "canvas_overflow",
        "severity": "info",
        "time": 0.222,
        "selector": "#github-stars-source-root > div:nth-of-type(1) > div:nth-of-type(1) > div:nth-of-type(2) > div:nth-of-type(1) > div:nth-of-type(47) > div:nth-of-type(1) > div:nth-of-type(2) > span:nth-of-type(1)",
        "message": "Text extends outside the composition canvas.",
        "rect": {
          "left": 1142.58,
          "top": 4058.55,
          "right": 1175,
          "bottom": 4081.55,
          "width": 32.42,
          "height": 23
        },
        "containerSelector": "#root",
        "text": "#47",
        "fixHint": "Move the text inward, reduce its size, or mark intentional off-canvas animation with data-layout-allow-overflow.",
        "containerRect": {
          "left": 0,
          "top": 0,
          "right": 1280,
          "bottom": 720,
          "width": 1280,
          "height": 720
        },
        "overflow": {
          "bottom": 3361.55
        },
        "dataAttributes": {},
        "sourceFile": "compositions/github-stars.html",
        "bbox": {
          "x": 1142.58,
          "y": 4058.55,
          "width": 32.42,
          "height": 23
        },
        "firstSeen": 0.222,
        "lastSeen": 0.222,
        "occurrences": 1
      },
      {
        "code": "canvas_overflow",
        "severity": "info",
        "time": 0.222,
        "selector": "#github-stars-source-root > div:nth-of-type(1) > div:nth-of-type(1) > div:nth-of-type(2) > div:nth-of-type(1) > div:nth-of-type(48) > div:nth-of-type(1) > div:nth-of-type(1) > div:nth-of-type(2)",
        "message": "Text extends outside the composition canvas.",
        "rect": {
          "left": 661,
          "top": 4162.16,
          "right": 758.52,
          "bottom": 4186.16,
          "width": 97.52,
          "height": 24
        },
        "containerSelector": "#root",
        "text": "Jun 12, 2021",
        "fixHint": "Move the text inward, reduce its size, or mark intentional off-canvas animation with data-layout-allow-overflow.",
        "containerRect": {
          "left": 0,
          "top": 0,
          "right": 1280,
          "bottom": 720,
          "width": 1280,
          "height": 720
        },
        "overflow": {
          "bottom": 3466.16
        },
        "dataAttributes": {},
        "sourceFile": "compositions/github-stars.html",
        "bbox": {
          "x": 661,
          "y": 4162.16,
          "width": 97.52,
          "height": 24
        },
        "firstSeen": 0.222,
        "lastSeen": 0.222,
        "occurrences": 1
      },
      {
        "code": "canvas_overflow",
        "severity": "info",
        "time": 0.222,
        "selector": "#github-stars-source-root > div:nth-of-type(1) > div:nth-of-type(1) > div:nth-of-type(2) > div:nth-of-type(1) > div:nth-of-type(48) > div:nth-of-type(1) > div:nth-of-type(2) > span:nth-of-type(1)",
        "message": "Text extends outside the composition canvas.",
        "rect": {
          "left": 1142.58,
          "top": 4146.55,
          "right": 1175,
          "bottom": 4169.55,
          "width": 32.42,
          "height": 23
        },
        "containerSelector": "#root",
        "text": "#48",
        "fixHint": "Move the text inward, reduce its size, or mark intentional off-canvas animation with data-layout-allow-overflow.",
        "containerRect": {
          "left": 0,
          "top": 0,
          "right": 1280,
          "bottom": 720,
          "width": 1280,
          "height": 720
        },
        "overflow": {
          "bottom": 3449.55
        },
        "dataAttributes": {},
        "sourceFile": "compositions/github-stars.html",
        "bbox": {
          "x": 1142.58,
          "y": 4146.55,
          "width": 32.42,
          "height": 23
        },
        "firstSeen": 0.222,
        "lastSeen": 0.222,
        "occurrences": 1
      }
    ],
    "duration": 4,
    "samples": [
      0.222,
      0.667,
      1.111,
      1.556,
      2,
      2.444,
      2.889,
      3.333,
      3.778
    ],
    "transitionSamples": [],
    "transitionSamplesDropped": 0,
    "tolerance": 2,
    "totalIssueCount": 976,
    "truncated": true
  },
  "motion": {
    "ok": true,
    "errorCount": 0,
    "warningCount": 0,
    "infoCount": 0,
    "findings": [],
    "enabled": false,
    "samples": 0
  },
  "contrast": {
    "ok": true,
    "errorCount": 0,
    "warningCount": 0,
    "infoCount": 0,
    "findings": [],
    "enabled": true,
    "samples": [
      0.222,
      1.111,
      2,
      2.889,
      3.778
    ],
    "checked": 95,
    "passed": 95
  },
  "snapshots": {
    "enabled": false,
    "files": [],
    "times": [],
    "findingFiles": []
  },
  "_meta": {
    "version": "0.8.30",
    "latestVersion": "0.8.32",
    "updateAvailable": true
  }
}
