[hyperframes] browserGpuMode probe → hardware (WebGL renderer vendor="Google Inc. (NVIDIA Corporation)" renderer="ANGLE (NVIDIA Corporation, NVIDIA GeForce RTX 5060/PCIe/SSE2, OpenGL ES 3.2)")
{
  "ok": false,
  "strict": false,
  "lint": {
    "ok": true,
    "errorCount": 0,
    "warningCount": 0,
    "infoCount": 0,
    "findings": [],
    "filesScanned": 2
  },
  "runtime": {
    "ok": true,
    "errorCount": 0,
    "warningCount": 0,
    "infoCount": 0,
    "findings": []
  },
  "layout": {
    "ok": false,
    "errorCount": 5,
    "warningCount": 1,
    "infoCount": 74,
    "findings": [
      {
        "code": "text_occluded",
        "severity": "error",
        "time": 0.444,
        "selector": "#perspective-marquee-source-root > div:nth-of-type(1) > div:nth-of-type(1) > div:nth-of-type(1) > span:nth-of-type(1)",
        "message": "Text is hidden beneath an opaque element.",
        "rect": {
          "left": 170.23,
          "top": 336.62,
          "right": 325.57,
          "bottom": 437.48,
          "width": 155.34,
          "height": 100.87
        },
        "containerSelector": "#perspective-marquee-source-root > div:nth-of-type(1) > div:nth-of-type(3)",
        "text": "Vercel",
        "fixHint": "Give the text its own zone, raise its stacking order above the covering element, or mark intentional layering with data-layout-allow-occlusion.",
        "coveredFraction": 1,
        "dataAttributes": {},
        "sourceFile": "compositions/perspective-marquee.html",
        "bbox": {
          "x": 170.23,
          "y": 336.62,
          "width": 155.34,
          "height": 100.87
        },
        "firstSeen": 0.444,
        "lastSeen": 7.556,
        "occurrences": 9,
        "heldMs": 7112
      },
      {
        "code": "text_occluded",
        "severity": "error",
        "time": 0.444,
        "selector": "#perspective-marquee-source-root > div:nth-of-type(1) > div:nth-of-type(1) > div:nth-of-type(1) > span:nth-of-type(2)",
        "message": "Text is hidden beneath an opaque element.",
        "rect": {
          "left": 373.15,
          "top": 313.99,
          "right": 557.03,
          "bottom": 427.26,
          "width": 183.88,
          "height": 113.27
        },
        "containerSelector": "#perspective-marquee-source-root > div:nth-of-type(1) > div:nth-of-type(3)",
        "text": "Linear",
        "fixHint": "Give the text its own zone, raise its stacking order above the covering element, or mark intentional layering with data-layout-allow-occlusion.",
        "coveredFraction": 1,
        "dataAttributes": {},
        "sourceFile": "compositions/perspective-marquee.html",
        "bbox": {
          "x": 373.15,
          "y": 313.99,
          "width": 183.88,
          "height": 113.27
        },
        "firstSeen": 0.444,
        "lastSeen": 7.556,
        "occurrences": 9,
        "heldMs": 7112
      },
      {
        "code": "text_occluded",
        "severity": "error",
        "time": 0.444,
        "selector": "#perspective-marquee-source-root > div:nth-of-type(1) > div:nth-of-type(1) > div:nth-of-type(1) > span:nth-of-type(3)",
        "message": "Text is hidden beneath an opaque element.",
        "rect": {
          "left": 620.14,
          "top": 285.62,
          "right": 850.16,
          "bottom": 414.81,
          "width": 230.02,
          "height": 129.19
        },
        "containerSelector": "#perspective-marquee-source-root > div:nth-of-type(1) > div:nth-of-type(3)",
        "text": "Stripe",
        "fixHint": "Give the text its own zone, raise its stacking order above the covering element, or mark intentional layering with data-layout-allow-occlusion.",
        "coveredFraction": 1,
        "dataAttributes": {},
        "sourceFile": "compositions/perspective-marquee.html",
        "bbox": {
          "x": 620.14,
          "y": 285.62,
          "width": 230.02,
          "height": 129.19
        },
        "firstSeen": 0.444,
        "lastSeen": 7.556,
        "occurrences": 9,
        "heldMs": 7112
      },
      {
        "code": "text_occluded",
        "severity": "error",
        "time": 0.444,
        "selector": "#perspective-marquee-source-root > div:nth-of-type(1) > div:nth-of-type(1) > div:nth-of-type(1) > span:nth-of-type(4)",
        "message": "Text is hidden beneath an opaque element.",
        "rect": {
          "left": 928.81,
          "top": 248.84,
          "right": 1232.92,
          "bottom": 399.05,
          "width": 304.11,
          "height": 150.21
        },
        "containerSelector": "#perspective-marquee-source-root > div:nth-of-type(1) > div:nth-of-type(3)",
        "text": "Figma",
        "fixHint": "Give the text its own zone, raise its stacking order above the covering element, or mark intentional layering with data-layout-allow-occlusion.",
        "coveredFraction": 1,
        "dataAttributes": {},
        "sourceFile": "compositions/perspective-marquee.html",
        "bbox": {
          "x": 928.81,
          "y": 248.84,
          "width": 304.11,
          "height": 150.21
        },
        "firstSeen": 0.444,
        "lastSeen": 7.556,
        "occurrences": 9,
        "heldMs": 7112
      },
      {
        "code": "text_occluded",
        "severity": "error",
        "time": 1.333,
        "selector": "#perspective-marquee-source-root > div:nth-of-type(1) > div:nth-of-type(1) > div:nth-of-type(1) > span:nth-of-type(5)",
        "message": "Text is hidden beneath an opaque element.",
        "rect": {
          "left": 1256.6,
          "top": 204.67,
          "right": 1694.68,
          "bottom": 382.24,
          "width": 438.08,
          "height": 177.57
        },
        "containerSelector": "#perspective-marquee-source-root > div:nth-of-type(1) > div:nth-of-type(3)",
        "text": "Notion",
        "fixHint": "Give the text its own zone, raise its stacking order above the covering element, or mark intentional layering with data-layout-allow-occlusion.",
        "coveredFraction": 0.11,
        "dataAttributes": {},
        "sourceFile": "compositions/perspective-marquee.html",
        "bbox": {
          "x": 1256.6,
          "y": 204.67,
          "width": 438.08,
          "height": 177.57
        },
        "firstSeen": 1.333,
        "lastSeen": 7.556,
        "occurrences": 8,
        "heldMs": 6223
      },
      {
        "code": "container_overflow",
        "severity": "warning",
        "time": 0.444,
        "selector": "#perspective-marquee-source-root > div:nth-of-type(1) > div:nth-of-type(1)",
        "message": "Element extends outside a clipping layout container.",
        "rect": {
          "left": 184.65,
          "top": 226.63,
          "right": 1398.41,
          "bottom": 441.57,
          "width": 1213.76,
          "height": 214.95
        },
        "containerSelector": "#perspective-marquee-source-root > div:nth-of-type(1)",
        "fixHint": "Resize/reposition the child or container, or mark intentional overflow with data-layout-allow-overflow.",
        "containerRect": {
          "left": 0,
          "top": 0,
          "right": 1280,
          "bottom": 720,
          "width": 1280,
          "height": 720
        },
        "overflow": {
          "right": 118.41
        },
        "dataAttributes": {},
        "sourceFile": "compositions/perspective-marquee.html",
        "bbox": {
          "x": 184.65,
          "y": 226.63,
          "width": 1213.76,
          "height": 214.95
        },
        "firstSeen": 0.444,
        "lastSeen": 7.556,
        "occurrences": 9,
        "heldMs": 7112
      },
      {
        "code": "canvas_overflow",
        "severity": "info",
        "time": 0.444,
        "selector": "#perspective-marquee-source-root > div:nth-of-type(1) > div:nth-of-type(1) > div:nth-of-type(1) > span:nth-of-type(5)",
        "message": "Text extends outside the composition canvas.",
        "rect": {
          "left": 1332.17,
          "top": 194.96,
          "right": 1796.56,
          "bottom": 378.35,
          "width": 464.39,
          "height": 183.39
        },
        "containerSelector": "#root",
        "text": "Notion",
        "fixHint": "Move the text inward, reduce its size, or mark intentional off-canvas animation with data-layout-allow-overflow.",
        "containerRect": {
          "left": 0,
          "top": 0,
          "right": 1280,
          "bottom": 720,
          "width": 1280,
          "height": 720
        },
        "overflow": {
          "right": 516.56
        },
        "dataAttributes": {},
        "sourceFile": "compositions/perspective-marquee.html",
        "bbox": {
          "x": 1332.17,
          "y": 194.96,
          "width": 464.39,
          "height": 183.39
        },
        "firstSeen": 0.444,
        "lastSeen": 0.444,
        "occurrences": 1,
        "heldMs": 0
      },
      {
        "code": "canvas_overflow",
        "severity": "info",
        "time": 0.444,
        "selector": "#perspective-marquee-source-root > div:nth-of-type(1) > div:nth-of-type(1) > div:nth-of-type(1) > span:nth-of-type(6)",
        "message": "Text extends outside the composition canvas.",
        "rect": {
          "left": 1930.39,
          "top": 97.54,
          "right": 2824.56,
          "bottom": 347.49,
          "width": 894.17,
          "height": 249.95
        },
        "containerSelector": "#root",
        "text": "Raycast",
        "fixHint": "Move the text inward, reduce its size, or mark intentional off-canvas animation with data-layout-allow-overflow.",
        "containerRect": {
          "left": 0,
          "top": 0,
          "right": 1280,
          "bottom": 720,
          "width": 1280,
          "height": 720
        },
        "overflow": {
          "right": 1544.56
        },
        "dataAttributes": {},
        "sourceFile": "compositions/perspective-marquee.html",
        "bbox": {
          "x": 1930.39,
          "y": 97.54,
          "width": 894.17,
          "height": 249.95
        },
        "firstSeen": 0.444,
        "lastSeen": 0.444,
        "occurrences": 1,
        "heldMs": 0
      },
      {
        "code": "canvas_overflow",
        "severity": "info",
        "time": 0.444,
        "selector": "#perspective-marquee-source-root > div:nth-of-type(1) > div:nth-of-type(1) > div:nth-of-type(1) > span:nth-of-type(7)",
        "message": "Text extends outside the composition canvas.",
        "rect": {
          "left": 3034.66,
          "top": 17.47,
          "right": 3678.17,
          "bottom": 289.96,
          "width": 643.51,
          "height": 272.49
        },
        "containerSelector": "#root",
        "text": "Arc",
        "fixHint": "Move the text inward, reduce its size, or mark intentional off-canvas animation with data-layout-allow-overflow.",
        "containerRect": {
          "left": 0,
          "top": 0,
          "right": 1280,
          "bottom": 720,
          "width": 1280,
          "height": 720
        },
        "overflow": {
          "right": 2398.17
        },
        "dataAttributes": {},
        "sourceFile": "compositions/perspective-marquee.html",
        "bbox": {
          "x": 3034.66,
          "y": 17.47,
          "width": 643.51,
          "height": 272.49
        },
        "firstSeen": 0.444,
        "lastSeen": 0.444,
        "occurrences": 1,
        "heldMs": 0
      },
      {
        "code": "canvas_overflow",
        "severity": "info",
        "time": 0.444,
        "selector": "#perspective-marquee-source-root > div:nth-of-type(1) > div:nth-of-type(1) > div:nth-of-type(1) > span:nth-of-type(8)",
        "message": "Text extends outside the composition canvas.",
        "rect": {
          "left": 3964.81,
          "top": -200.07,
          "right": 6037.93,
          "bottom": 240.94,
          "width": 2073.12,
          "height": 441.01
        },
        "containerSelector": "#root",
        "text": "Cursor",
        "fixHint": "Move the text inward, reduce its size, or mark intentional off-canvas animation with data-layout-allow-overflow.",
        "containerRect": {
          "left": 0,
          "top": 0,
          "right": 1280,
          "bottom": 720,
          "width": 1280,
          "height": 720
        },
        "overflow": {
          "right": 4757.93,
          "top": 200.07
        },
        "dataAttributes": {},
        "sourceFile": "compositions/perspective-marquee.html",
        "bbox": {
          "x": 3964.81,
          "y": -200.07,
          "width": 2073.12,
          "height": 441.01
        },
        "firstSeen": 0.444,
        "lastSeen": 0.444,
        "occurrences": 1,
        "heldMs": 0
      },
      {
        "code": "canvas_overflow",
        "severity": "info",
        "time": 0.444,
        "selector": "#perspective-marquee-source-root > div:nth-of-type(1) > div:nth-of-type(1) > div:nth-of-type(1) > span:nth-of-type(9)",
        "message": "Text extends outside the composition canvas.",
        "rect": {
          "left": 6600.48,
          "top": -707.15,
          "right": 11780.19,
          "bottom": 99.18,
          "width": 5179.71,
          "height": 806.33
        },
        "containerSelector": "#root",
        "text": "Vercel",
        "fixHint": "Move the text inward, reduce its size, or mark intentional off-canvas animation with data-layout-allow-overflow.",
        "containerRect": {
          "left": 0,
          "top": 0,
          "right": 1280,
          "bottom": 720,
          "width": 1280,
          "height": 720
        },
        "overflow": {
          "right": 10500.19,
          "top": 707.15
        },
        "dataAttributes": {},
        "sourceFile": "compositions/perspective-marquee.html",
        "bbox": {
          "x": 6600.48,
          "y": -707.15,
          "width": 5179.71,
          "height": 806.33
        },
        "firstSeen": 0.444,
        "lastSeen": 0.444,
        "occurrences": 1,
        "heldMs": 0
      },
      {
        "code": "canvas_overflow",
        "severity": "info",
        "time": 0.444,
        "selector": "#perspective-marquee-source-root > div:nth-of-type(1) > div:nth-of-type(1) > div:nth-of-type(1) > span:nth-of-type(10)",
        "message": "Text extends outside the composition canvas.",
        "rect": {
          "left": 13437.84,
          "top": -3312.54,
          "right": 47893.39,
          "bottom": -289.49,
          "width": 34455.55,
          "height": 3023.05
        },
        "containerSelector": "#root",
        "text": "Linear",
        "fixHint": "Move the text inward, reduce its size, or mark intentional off-canvas animation with data-layout-allow-overflow.",
        "containerRect": {
          "left": 0,
          "top": 0,
          "right": 1280,
          "bottom": 720,
          "width": 1280,
          "height": 720
        },
        "overflow": {
          "right": 46613.39,
          "top": 3312.54
        },
        "dataAttributes": {},
        "sourceFile": "compositions/perspective-marquee.html",
        "bbox": {
          "x": 13437.84,
          "y": -3312.54,
          "width": 34455.55,
          "height": 3023.05
        },
        "firstSeen": 0.444,
        "lastSeen": 0.444,
        "occurrences": 1,
        "heldMs": 0
      },
      {
        "code": "text_box_overflow",
        "severity": "info",
        "time": 0.444,
        "selector": "#perspective-marquee-source-root > div:nth-of-type(1) > div:nth-of-type(1) > div:nth-of-type(1) > span:nth-of-type(11)",
        "message": "Text extends outside its nearest visual/container box.",
        "rect": {
          "left": -37726.02,
          "top": -7181.23,
          "right": 136149.01,
          "bottom": 4056.01,
          "width": 173875.03,
          "height": 11237.24
        },
        "containerSelector": "#perspective-marquee-source-root > div:nth-of-type(1)",
        "text": "Stripe",
        "fixHint": "Text is 173875px x 11237px inside 1280px x 720px and overflows by up to 134869px; resize the container to at least ~173875px x 11237px or shrink font-size from 84px to ~1px, or allow wrapping with max-width/fitTextFontSize.",
        "containerRect": {
          "left": 0,
          "top": 0,
          "right": 1280,
          "bottom": 720,
          "width": 1280,
          "height": 720
        },
        "overflow": {
          "left": 37726.02,
          "right": 134869.01,
          "top": 7181.23,
          "bottom": 3336.01
        },
        "dataAttributes": {},
        "sourceFile": "compositions/perspective-marquee.html",
        "bbox": {
          "x": -37726.02,
          "y": -7181.23,
          "width": 173875.03,
          "height": 11237.24
        },
        "firstSeen": 0.444,
        "lastSeen": 0.444,
        "occurrences": 1,
        "heldMs": 0
      },
      {
        "code": "canvas_overflow",
        "severity": "info",
        "time": 0.444,
        "selector": "#perspective-marquee-source-root > div:nth-of-type(1) > div:nth-of-type(1) > div:nth-of-type(1) > span:nth-of-type(11)",
        "message": "Text extends outside the composition canvas.",
        "rect": {
          "left": -37726.02,
          "top": -7181.23,
          "right": 136149.01,
          "bottom": 4056.01,
          "width": 173875.03,
          "height": 11237.24
        },
        "containerSelector": "#root",
        "text": "Stripe",
        "fixHint": "Move the text inward, reduce its size, or mark intentional off-canvas animation with data-layout-allow-overflow.",
        "containerRect": {
          "left": 0,
          "top": 0,
          "right": 1280,
          "bottom": 720,
          "width": 1280,
          "height": 720
        },
        "overflow": {
          "left": 37726.02,
          "right": 134869.01,
          "top": 7181.23,
          "bottom": 3336.01
        },
        "dataAttributes": {},
        "sourceFile": "compositions/perspective-marquee.html",
        "bbox": {
          "x": -37726.02,
          "y": -7181.23,
          "width": 173875.03,
          "height": 11237.24
        },
        "firstSeen": 0.444,
        "lastSeen": 0.444,
        "occurrences": 1,
        "heldMs": 0
      },
      {
        "code": "canvas_overflow",
        "severity": "info",
        "time": 0.444,
        "selector": "#perspective-marquee-source-root > div:nth-of-type(1) > div:nth-of-type(1) > div:nth-of-type(1) > span:nth-of-type(12)",
        "message": "Text extends outside the composition canvas.",
        "rect": {
          "left": -26342.81,
          "top": 1106.6,
          "right": -13108.9,
          "bottom": 2943.35,
          "width": 13233.91,
          "height": 1836.75
        },
        "containerSelector": "#root",
        "text": "Figma",
        "fixHint": "Move the text inward, reduce its size, or mark intentional off-canvas animation with data-layout-allow-overflow.",
        "containerRect": {
          "left": 0,
          "top": 0,
          "right": 1280,
          "bottom": 720,
          "width": 1280,
          "height": 720
        },
        "overflow": {
          "left": 26342.81,
          "bottom": 2223.35
        },
        "dataAttributes": {},
        "sourceFile": "compositions/perspective-marquee.html",
        "bbox": {
          "x": -26342.81,
          "y": 1106.6,
          "width": 13233.91,
          "height": 1836.75
        },
        "firstSeen": 0.444,
        "lastSeen": 0.444,
        "occurrences": 1,
        "heldMs": 0
      },
      {
        "code": "canvas_overflow",
        "severity": "info",
        "time": 0.444,
        "selector": "#perspective-marquee-source-root > div:nth-of-type(1) > div:nth-of-type(1) > div:nth-of-type(1) > span:nth-of-type(13)",
        "message": "Text extends outside the composition canvas.",
        "rect": {
          "left": -12351.76,
          "top": 877.82,
          "right": -8568.61,
          "bottom": 1575.78,
          "width": 3783.15,
          "height": 697.96
        },
        "containerSelector": "#root",
        "text": "Notion",
        "fixHint": "Move the text inward, reduce its size, or mark intentional off-canvas animation with data-layout-allow-overflow.",
        "containerRect": {
          "left": 0,
          "top": 0,
          "right": 1280,
          "bottom": 720,
          "width": 1280,
          "height": 720
        },
        "overflow": {
          "left": 12351.76,
          "bottom": 855.78
        },
        "dataAttributes": {},
        "sourceFile": "compositions/perspective-marquee.html",
        "bbox": {
          "x": -12351.76,
          "y": 877.82,
          "width": 3783.15,
          "height": 697.96
        },
        "firstSeen": 0.444,
        "lastSeen": 0.444,
        "occurrences": 1,
        "heldMs": 0
      },
      {
        "code": "canvas_overflow",
        "severity": "info",
        "time": 0.444,
        "selector": "#perspective-marquee-source-root > div:nth-of-type(1) > div:nth-of-type(1) > div:nth-of-type(1) > span:nth-of-type(14)",
        "message": "Text extends outside the composition canvas.",
        "rect": {
          "left": -8316.68,
          "top": 767.07,
          "right": -6370.66,
          "bottom": 1181.36,
          "width": 1946.02,
          "height": 414.29
        },
        "containerSelector": "#root",
        "text": "Raycast",
        "fixHint": "Move the text inward, reduce its size, or mark intentional off-canvas animation with data-layout-allow-overflow.",
        "containerRect": {
          "left": 0,
          "top": 0,
          "right": 1280,
          "bottom": 720,
          "width": 1280,
          "height": 720
        },
        "overflow": {
          "left": 8316.68,
          "bottom": 461.36
        },
        "dataAttributes": {},
        "sourceFile": "compositions/perspective-marquee.html",
        "bbox": {
          "x": -8316.68,
          "y": 767.07,
          "width": 1946.02,
          "height": 414.29
        },
        "firstSeen": 0.444,
        "lastSeen": 0.444,
        "occurrences": 1,
        "heldMs": 0
      },
      {
        "code": "canvas_overflow",
        "severity": "info",
        "time": 0.444,
        "selector": "#perspective-marquee-source-root > div:nth-of-type(1) > div:nth-of-type(1) > div:nth-of-type(1) > span:nth-of-type(15)",
        "message": "Text extends outside the composition canvas.",
        "rect": {
          "left": -6269.82,
          "top": 732.39,
          "right": -5682.55,
          "bottom": 981.29,
          "width": 587.27,
          "height": 248.9
        },
        "containerSelector": "#root",
        "text": "Arc",
        "fixHint": "Move the text inward, reduce its size, or mark intentional off-canvas animation with data-layout-allow-overflow.",
        "containerRect": {
          "left": 0,
          "top": 0,
          "right": 1280,
          "bottom": 720,
          "width": 1280,
          "height": 720
        },
        "overflow": {
          "left": 6269.82,
          "bottom": 261.29
        },
        "dataAttributes": {},
        "sourceFile": "compositions/perspective-marquee.html",
        "bbox": {
          "x": -6269.82,
          "y": 732.39,
          "width": 587.27,
          "height": 248.9
        },
        "firstSeen": 0.444,
        "lastSeen": 0.444,
        "occurrences": 1,
        "heldMs": 0
      },
      {
        "code": "canvas_overflow",
        "severity": "info",
        "time": 0.444,
        "selector": "#perspective-marquee-source-root > div:nth-of-type(1) > div:nth-of-type(1) > div:nth-of-type(1) > span:nth-of-type(16)",
        "message": "Text extends outside the composition canvas.",
        "rect": {
          "left": -5615.81,
          "top": 693.79,
          "right": -4916.46,
          "bottom": 917.36,
          "width": 699.35,
          "height": 223.57
        },
        "containerSelector": "#root",
        "text": "Cursor",
        "fixHint": "Move the text inward, reduce its size, or mark intentional off-canvas animation with data-layout-allow-overflow.",
        "containerRect": {
          "left": 0,
          "top": 0,
          "right": 1280,
          "bottom": 720,
          "width": 1280,
          "height": 720
        },
        "overflow": {
          "left": 5615.81,
          "bottom": 197.36
        },
        "dataAttributes": {},
        "sourceFile": "compositions/perspective-marquee.html",
        "bbox": {
          "x": -5615.81,
          "y": 693.79,
          "width": 699.35,
          "height": 223.57
        },
        "firstSeen": 0.444,
        "lastSeen": 0.444,
        "occurrences": 1,
        "heldMs": 0
      },
      {
        "code": "canvas_overflow",
        "severity": "info",
        "time": 0.444,
        "selector": "#perspective-marquee-source-root > div:nth-of-type(1) > div:nth-of-type(1) > div:nth-of-type(1) > span:nth-of-type(17)",
        "message": "Text extends outside the composition canvas.",
        "rect": {
          "left": -4880.09,
          "top": 668.28,
          "right": -4410.22,
          "bottom": 845.45,
          "width": 469.87,
          "height": 177.17
        },
        "containerSelector": "#root",
        "text": "Vercel",
        "fixHint": "Move the text inward, reduce its size, or mark intentional off-canvas animation with data-layout-allow-overflow.",
        "containerRect": {
          "left": 0,
          "top": 0,
          "right": 1280,
          "bottom": 720,
          "width": 1280,
          "height": 720
        },
        "overflow": {
          "left": 4880.09,
          "bottom": 125.45
        },
        "dataAttributes": {},
        "sourceFile": "compositions/perspective-marquee.html",
        "bbox": {
          "x": -4880.09,
          "y": 668.28,
          "width": 469.87,
          "height": 177.17
        },
        "firstSeen": 0.444,
        "lastSeen": 0.444,
        "occurrences": 1,
        "heldMs": 0
      },
      {
        "code": "canvas_overflow",
        "severity": "info",
        "time": 0.444,
        "selector": "#perspective-marquee-source-root > div:nth-of-type(1) > div:nth-of-type(1) > div:nth-of-type(1) > span:nth-of-type(18)",
        "message": "Text extends outside the composition canvas.",
        "rect": {
          "left": -4389.46,
          "top": 650.01,
          "right": -4047.59,
          "bottom": 797.49,
          "width": 341.87,
          "height": 147.48
        },
        "containerSelector": "#root",
        "text": "Linear",
        "fixHint": "Move the text inward, reduce its size, or mark intentional off-canvas animation with data-layout-allow-overflow.",
        "containerRect": {
          "left": 0,
          "top": 0,
          "right": 1280,
          "bottom": 720,
          "width": 1280,
          "height": 720
        },
        "overflow": {
          "left": 4389.46,
          "bottom": 77.49
        },
        "dataAttributes": {},
        "sourceFile": "compositions/perspective-marquee.html",
        "bbox": {
          "x": -4389.46,
          "y": 650.01,
          "width": 341.87,
          "height": 147.48
        },
        "firstSeen": 0.444,
        "lastSeen": 0.444,
        "occurrences": 1,
        "heldMs": 0
      },
      {
        "code": "canvas_overflow",
        "severity": "info",
        "time": 0.444,
        "selector": "#perspective-marquee-source-root > div:nth-of-type(1) > div:nth-of-type(1) > div:nth-of-type(1) > span:nth-of-type(19)",
        "message": "Text extends outside the composition canvas.",
        "rect": {
          "left": -4035.8,
          "top": 636.08,
          "right": -3771.14,
          "bottom": 762.92,
          "width": 264.66,
          "height": 126.84
        },
        "containerSelector": "#root",
        "text": "Stripe",
        "fixHint": "Move the text inward, reduce its size, or mark intentional off-canvas animation with data-layout-allow-overflow.",
        "containerRect": {
          "left": 0,
          "top": 0,
          "right": 1280,
          "bottom": 720,
          "width": 1280,
          "height": 720
        },
        "overflow": {
          "left": 4035.8,
          "bottom": 42.92
        },
        "dataAttributes": {},
        "sourceFile": "compositions/perspective-marquee.html",
        "bbox": {
          "x": -4035.8,
          "y": 636.08,
          "width": 264.66,
          "height": 126.84
        },
        "firstSeen": 0.444,
        "lastSeen": 0.444,
        "occurrences": 1,
        "heldMs": 0
      },
      {
        "code": "canvas_overflow",
        "severity": "info",
        "time": 0.444,
        "selector": "#perspective-marquee-source-root > div:nth-of-type(1) > div:nth-of-type(1) > div:nth-of-type(1) > span:nth-of-type(20)",
        "message": "Text extends outside the composition canvas.",
        "rect": {
          "left": -3764.95,
          "top": 625.07,
          "right": -3552.69,
          "bottom": 736.45,
          "width": 212.26,
          "height": 111.38
        },
        "containerSelector": "#root",
        "text": "Figma",
        "fixHint": "Move the text inward, reduce its size, or mark intentional off-canvas animation with data-layout-allow-overflow.",
        "containerRect": {
          "left": 0,
          "top": 0,
          "right": 1280,
          "bottom": 720,
          "width": 1280,
          "height": 720
        },
        "overflow": {
          "left": 3764.95,
          "bottom": 16.45
        },
        "dataAttributes": {},
        "sourceFile": "compositions/perspective-marquee.html",
        "bbox": {
          "x": -3764.95,
          "y": 625.07,
          "width": 212.26,
          "height": 111.38
        },
        "firstSeen": 0.444,
        "lastSeen": 0.444,
        "occurrences": 1,
        "heldMs": 0
      },
      {
        "code": "canvas_overflow",
        "severity": "info",
        "time": 0.444,
        "selector": "#perspective-marquee-source-root > div:nth-of-type(1) > div:nth-of-type(1) > div:nth-of-type(1) > span:nth-of-type(21)",
        "message": "Text extends outside the composition canvas.",
        "rect": {
          "left": -3550.16,
          "top": 615.57,
          "right": -3364.12,
          "bottom": 715.45,
          "width": 186.04,
          "height": 99.88
        },
        "containerSelector": "#root",
        "text": "Notion",
        "fixHint": "Move the text inward, reduce its size, or mark intentional off-canvas animation with data-layout-allow-overflow.",
        "containerRect": {
          "left": 0,
          "top": 0,
          "right": 1280,
          "bottom": 720,
          "width": 1280,
          "height": 720
        },
        "overflow": {
          "left": 3550.16
        },
        "dataAttributes": {},
        "sourceFile": "compositions/perspective-marquee.html",
        "bbox": {
          "x": -3550.16,
          "y": 615.57,
          "width": 186.04,
          "height": 99.88
        },
        "firstSeen": 0.444,
        "lastSeen": 0.444,
        "occurrences": 1,
        "heldMs": 0
      },
      {
        "code": "canvas_overflow",
        "severity": "info",
        "time": 0.444,
        "selector": "#perspective-marquee-source-root > div:nth-of-type(1) > div:nth-of-type(1) > div:nth-of-type(1) > span:nth-of-type(22)",
        "message": "Text extends outside the composition canvas.",
        "rect": {
          "left": -3364.19,
          "top": 606.56,
          "right": -3185.31,
          "bottom": 697.27,
          "width": 178.88,
          "height": 90.71
        },
        "containerSelector": "#root",
        "text": "Raycast",
        "fixHint": "Move the text inward, reduce its size, or mark intentional off-canvas animation with data-layout-allow-overflow.",
        "containerRect": {
          "left": 0,
          "top": 0,
          "right": 1280,
          "bottom": 720,
          "width": 1280,
          "height": 720
        },
        "overflow": {
          "left": 3364.19
        },
        "dataAttributes": {},
        "sourceFile": "compositions/perspective-marquee.html",
        "bbox": {
          "x": -3364.19,
          "y": 606.56,
          "width": 178.88,
          "height": 90.71
        },
        "firstSeen": 0.444,
        "lastSeen": 0.444,
        "occurrences": 1,
        "heldMs": 0
      },
      {
        "code": "canvas_overflow",
        "severity": "info",
        "time": 0.444,
        "selector": "#perspective-marquee-source-root > div:nth-of-type(1) > div:nth-of-type(1) > div:nth-of-type(1) > span:nth-of-type(23)",
        "message": "Text extends outside the composition canvas.",
        "rect": {
          "left": -3187.38,
          "top": 602.46,
          "right": -3103.85,
          "bottom": 679.99,
          "width": 83.53,
          "height": 77.53
        },
        "containerSelector": "#root",
        "text": "Arc",
        "fixHint": "Move the text inward, reduce its size, or mark intentional off-canvas animation with data-layout-allow-overflow.",
        "containerRect": {
          "left": 0,
          "top": 0,
          "right": 1280,
          "bottom": 720,
          "width": 1280,
          "height": 720
        },
        "overflow": {
          "left": 3187.38
        },
        "dataAttributes": {},
        "sourceFile": "compositions/perspective-marquee.html",
        "bbox": {
          "x": -3187.38,
          "y": 602.46,
          "width": 83.53,
          "height": 77.53
        },
        "firstSeen": 0.444,
        "lastSeen": 0.444,
        "occurrences": 1,
        "heldMs": 0
      },
      {
        "code": "canvas_overflow",
        "severity": "info",
        "time": 0.444,
        "selector": "#perspective-marquee-source-root > div:nth-of-type(1) > div:nth-of-type(1) > div:nth-of-type(1) > span:nth-of-type(24)",
        "message": "Text extends outside the composition canvas.",
        "rect": {
          "left": -3106.68,
          "top": 596.7,
          "right": -2989.5,
          "bottom": 672.1,
          "width": 117.18,
          "height": 75.4
        },
        "containerSelector": "#root",
        "text": "Cursor",
        "fixHint": "Move the text inward, reduce its size, or mark intentional off-canvas animation with data-layout-allow-overflow.",
        "containerRect": {
          "left": 0,
          "top": 0,
          "right": 1280,
          "bottom": 720,
          "width": 1280,
          "height": 720
        },
        "overflow": {
          "left": 3106.68
        },
        "dataAttributes": {},
        "sourceFile": "compositions/perspective-marquee.html",
        "bbox": {
          "x": -3106.68,
          "y": 596.7,
          "width": 117.18,
          "height": 75.4
        },
        "firstSeen": 0.444,
        "lastSeen": 0.444,
        "occurrences": 1,
        "heldMs": 0
      },
      {
        "code": "container_overflow",
        "severity": "info",
        "time": 0.444,
        "selector": "#perspective-marquee-source-root > div:nth-of-type(1) > div:nth-of-type(1) > div:nth-of-type(1)",
        "message": "Nowrap text is wider than its container.",
        "rect": {
          "left": -2994.48,
          "top": 347.43,
          "right": 175.14,
          "bottom": 664.04,
          "width": 3169.61,
          "height": 316.61
        },
        "containerSelector": "#perspective-marquee-source-root > div:nth-of-type(1) > div:nth-of-type(1)",
        "fixHint": "Resize/reposition the child or container, or mark intentional overflow with data-layout-allow-overflow.",
        "containerRect": {
          "left": 184.65,
          "top": 226.63,
          "right": 1398.41,
          "bottom": 441.57,
          "width": 1213.76,
          "height": 214.95
        },
        "overflow": {
          "left": 3179.13
        },
        "dataAttributes": {},
        "sourceFile": "compositions/perspective-marquee.html",
        "bbox": {
          "x": -2994.48,
          "y": 347.43,
          "width": 3169.61,
          "height": 316.61
        },
        "firstSeen": 0.444,
        "lastSeen": 0.444,
        "occurrences": 1,
        "heldMs": 0
      },
      {
        "code": "container_overflow",
        "severity": "info",
        "time": 0.444,
        "selector": "#perspective-marquee-source-root > div:nth-of-type(1) > div:nth-of-type(1) > div:nth-of-type(1) > span:nth-of-type(9)",
        "message": "Nowrap text is wider than its container.",
        "rect": {
          "left": 6588.08,
          "top": -972.53,
          "right": 14667.7,
          "bottom": 120.92,
          "width": 8079.61,
          "height": 1093.45
        },
        "containerSelector": "#perspective-marquee-source-root > div:nth-of-type(1) > div:nth-of-type(1) > div:nth-of-type(1)",
        "fixHint": "Resize/reposition the child or container, or mark intentional overflow with data-layout-allow-overflow.",
        "containerRect": {
          "left": -2994.48,
          "top": 347.43,
          "right": 175.14,
          "bottom": 664.04,
          "width": 3169.61,
          "height": 316.61
        },
        "overflow": {
          "right": 14492.56
        },
        "dataAttributes": {},
        "sourceFile": "compositions/perspective-marquee.html",
        "bbox": {
          "x": 6588.08,
          "y": -972.53,
          "width": 8079.61,
          "height": 1093.45
        },
        "firstSeen": 0.444,
        "lastSeen": 0.444,
        "occurrences": 1,
        "heldMs": 0
      },
      {
        "code": "container_overflow",
        "severity": "info",
        "time": 0.444,
        "selector": "#perspective-marquee-source-root > div:nth-of-type(1) > div:nth-of-type(1) > div:nth-of-type(1) > span:nth-of-type(10)",
        "message": "Nowrap text is wider than its container.",
        "rect": {
          "left": 13389.24,
          "top": -7200.72,
          "right": 142139.56,
          "bottom": -249.94,
          "width": 128750.32,
          "height": 6950.78
        },
        "containerSelector": "#perspective-marquee-source-root > div:nth-of-type(1) > div:nth-of-type(1) > div:nth-of-type(1)",
        "fixHint": "Resize/reposition the child or container, or mark intentional overflow with data-layout-allow-overflow.",
        "containerRect": {
          "left": -2994.48,
          "top": 347.43,
          "right": 175.14,
          "bottom": 664.04,
          "width": 3169.61,
          "height": 316.61
        },
        "overflow": {
          "right": 141964.42
        },
        "dataAttributes": {},
        "sourceFile": "compositions/perspective-marquee.html",
        "bbox": {
          "x": 13389.24,
          "y": -7200.72,
          "width": 128750.32,
          "height": 6950.78
        },
        "firstSeen": 0.444,
        "lastSeen": 0.444,
        "occurrences": 1,
        "heldMs": 0
      },
      {
        "code": "container_overflow",
        "severity": "info",
        "time": 0.444,
        "selector": "#perspective-marquee-source-root > div:nth-of-type(1) > div:nth-of-type(1) > div:nth-of-type(1) > span:nth-of-type(11)",
        "message": "Nowrap text is wider than its container.",
        "rect": {
          "left": -26512.4,
          "top": -7200.72,
          "right": 142139.57,
          "bottom": 3013.25,
          "width": 168651.97,
          "height": 10213.97
        },
        "containerSelector": "#perspective-marquee-source-root > div:nth-of-type(1) > div:nth-of-type(1) > div:nth-of-type(1)",
        "fixHint": "Resize/reposition the child or container, or mark intentional overflow with data-layout-allow-overflow.",
        "containerRect": {
          "left": -2994.48,
          "top": 347.43,
          "right": 175.14,
          "bottom": 664.04,
          "width": 3169.61,
          "height": 316.61
        },
        "overflow": {
          "left": 23517.92,
          "right": 141964.43
        },
        "dataAttributes": {},
        "sourceFile": "compositions/perspective-marquee.html",
        "bbox": {
          "x": -26512.4,
          "y": -7200.72,
          "width": 168651.97,
          "height": 10213.97
        },
        "firstSeen": 0.444,
        "lastSeen": 0.444,
        "occurrences": 1,
        "heldMs": 0
      },
      {
        "code": "container_overflow",
        "severity": "info",
        "time": 0.444,
        "selector": "#perspective-marquee-source-root > div:nth-of-type(1) > div:nth-of-type(1) > div:nth-of-type(1) > span:nth-of-type(12)",
        "message": "Nowrap text is wider than its container.",
        "rect": {
          "left": -26512.4,
          "top": 1003.77,
          "right": -11589.9,
          "bottom": 3013.25,
          "width": 14922.51,
          "height": 2009.48
        },
        "containerSelector": "#perspective-marquee-source-root > div:nth-of-type(1) > div:nth-of-type(1) > div:nth-of-type(1)",
        "fixHint": "Resize/reposition the child or container, or mark intentional overflow with data-layout-allow-overflow.",
        "containerRect": {
          "left": -2994.48,
          "top": 347.43,
          "right": 175.14,
          "bottom": 664.04,
          "width": 3169.61,
          "height": 316.61
        },
        "overflow": {
          "left": 23517.92
        },
        "dataAttributes": {},
        "sourceFile": "compositions/perspective-marquee.html",
        "bbox": {
          "x": -26512.4,
          "y": 1003.77,
          "width": 14922.51,
          "height": 2009.48
        },
        "firstSeen": 0.444,
        "lastSeen": 0.444,
        "occurrences": 1,
        "heldMs": 0
      },
      {
        "code": "container_overflow",
        "severity": "info",
        "time": 0.444,
        "selector": "#perspective-marquee-source-root > div:nth-of-type(1) > div:nth-of-type(1) > div:nth-of-type(1) > span:nth-of-type(13)",
        "message": "Nowrap text is wider than its container.",
        "rect": {
          "left": -12387.04,
          "top": 831.5,
          "right": -7981.88,
          "bottom": 1602.27,
          "width": 4405.16,
          "height": 770.77
        },
        "containerSelector": "#perspective-marquee-source-root > div:nth-of-type(1) > div:nth-of-type(1) > div:nth-of-type(1)",
        "fixHint": "Resize/reposition the child or container, or mark intentional overflow with data-layout-allow-overflow.",
        "containerRect": {
          "left": -2994.48,
          "top": 347.43,
          "right": 175.14,
          "bottom": 664.04,
          "width": 3169.61,
          "height": 316.61
        },
        "overflow": {
          "left": 9392.56
        },
        "dataAttributes": {},
        "sourceFile": "compositions/perspective-marquee.html",
        "bbox": {
          "x": -12387.04,
          "y": 831.5,
          "width": 4405.16,
          "height": 770.77
        },
        "firstSeen": 0.444,
        "lastSeen": 0.444,
        "occurrences": 1,
        "heldMs": 0
      },
      {
        "code": "text_box_overflow",
        "severity": "info",
        "time": 1.333,
        "selector": "#perspective-marquee-source-root > div:nth-of-type(1) > div:nth-of-type(1) > div:nth-of-type(1) > span:nth-of-type(5)",
        "message": "Text extends outside its nearest visual/container box.",
        "rect": {
          "left": 1256.6,
          "top": 204.67,
          "right": 1694.68,
          "bottom": 382.24,
          "width": 438.08,
          "height": 177.57
        },
        "containerSelector": "#perspective-marquee-source-root > div:nth-of-type(1)",
        "text": "Notion",
        "fixHint": "Text is 438px x 178px inside 1280px x 720px and overflows by up to 415px; widen the container to at least ~1695px, or allow wrapping with max-width/fitTextFontSize.",
        "containerRect": {
          "left": 0,
          "top": 0,
          "right": 1280,
          "bottom": 720,
          "width": 1280,
          "height": 720
        },
        "overflow": {
          "right": 414.68
        },
        "dataAttributes": {},
        "sourceFile": "compositions/perspective-marquee.html",
        "bbox": {
          "x": 1256.6,
          "y": 204.67,
          "width": 438.08,
          "height": 177.57
        },
        "firstSeen": 1.333,
        "lastSeen": 1.333,
        "occurrences": 1,
        "heldMs": 0
      },
      {
        "code": "canvas_overflow",
        "severity": "info",
        "time": 1.333,
        "selector": "#perspective-marquee-source-root > div:nth-of-type(1) > div:nth-of-type(1) > div:nth-of-type(1) > span:nth-of-type(5)",
        "message": "Text extends outside the composition canvas.",
        "rect": {
          "left": 1256.6,
          "top": 204.67,
          "right": 1694.68,
          "bottom": 382.24,
          "width": 438.08,
          "height": 177.57
        },
        "containerSelector": "#root",
        "text": "Notion",
        "fixHint": "Move the text inward, reduce its size, or mark intentional off-canvas animation with data-layout-allow-overflow.",
        "containerRect": {
          "left": 0,
          "top": 0,
          "right": 1280,
          "bottom": 720,
          "width": 1280,
          "height": 720
        },
        "overflow": {
          "right": 414.68
        },
        "dataAttributes": {},
        "sourceFile": "compositions/perspective-marquee.html",
        "bbox": {
          "x": 1256.6,
          "y": 204.67,
          "width": 438.08,
          "height": 177.57
        },
        "firstSeen": 1.333,
        "lastSeen": 1.333,
        "occurrences": 1,
        "heldMs": 0
      },
      {
        "code": "canvas_overflow",
        "severity": "info",
        "time": 1.333,
        "selector": "#perspective-marquee-source-root > div:nth-of-type(1) > div:nth-of-type(1) > div:nth-of-type(1) > span:nth-of-type(6)",
        "message": "Text extends outside the composition canvas.",
        "rect": {
          "left": 1821.88,
          "top": 113.62,
          "right": 2654.1,
          "bottom": 353.1,
          "width": 832.22,
          "height": 239.48
        },
        "containerSelector": "#root",
        "text": "Raycast",
        "fixHint": "Move the text inward, reduce its size, or mark intentional off-canvas animation with data-layout-allow-overflow.",
        "containerRect": {
          "left": 0,
          "top": 0,
          "right": 1280,
          "bottom": 720,
          "width": 1280,
          "height": 720
        },
        "overflow": {
          "right": 1374.1
        },
        "dataAttributes": {},
        "sourceFile": "compositions/perspective-marquee.html",
        "bbox": {
          "x": 1821.88,
          "y": 113.62,
          "width": 832.22,
          "height": 239.48
        },
        "firstSeen": 1.333,
        "lastSeen": 1.333,
        "occurrences": 1,
        "heldMs": 0
      },
      {
        "code": "canvas_overflow",
        "severity": "info",
        "time": 1.333,
        "selector": "#perspective-marquee-source-root > div:nth-of-type(1) > div:nth-of-type(1) > div:nth-of-type(1) > span:nth-of-type(7)",
        "message": "Text extends outside the composition canvas.",
        "rect": {
          "left": 2850.36,
          "top": 39.92,
          "right": 3438.04,
          "bottom": 299.61,
          "width": 587.68,
          "height": 259.69
        },
        "containerSelector": "#root",
        "text": "Arc",
        "fixHint": "Move the text inward, reduce its size, or mark intentional off-canvas animation with data-layout-allow-overflow.",
        "containerRect": {
          "left": 0,
          "top": 0,
          "right": 1280,
          "bottom": 720,
          "width": 1280,
          "height": 720
        },
        "overflow": {
          "right": 2158.04
        },
        "dataAttributes": {},
        "sourceFile": "compositions/perspective-marquee.html",
        "bbox": {
          "x": 2850.36,
          "y": 39.92,
          "width": 587.68,
          "height": 259.69
        },
        "firstSeen": 1.333,
        "lastSeen": 1.333,
        "occurrences": 1,
        "heldMs": 0
      },
      {
        "code": "canvas_overflow",
        "severity": "info",
        "time": 1.333,
        "selector": "#perspective-marquee-source-root > div:nth-of-type(1) > div:nth-of-type(1) > div:nth-of-type(1) > span:nth-of-type(8)",
        "message": "Text extends outside the composition canvas.",
        "rect": {
          "left": 3701.92,
          "top": -155.28,
          "right": 5547.19,
          "bottom": 254.85,
          "width": 1845.27,
          "height": 410.13
        },
        "containerSelector": "#root",
        "text": "Cursor",
        "fixHint": "Move the text inward, reduce its size, or mark intentional off-canvas animation with data-layout-allow-overflow.",
        "containerRect": {
          "left": 0,
          "top": 0,
          "right": 1280,
          "bottom": 720,
          "width": 1280,
          "height": 720
        },
        "overflow": {
          "right": 4267.19,
          "top": 155.28
        },
        "dataAttributes": {},
        "sourceFile": "compositions/perspective-marquee.html",
        "bbox": {
          "x": 3701.92,
          "y": -155.28,
          "width": 1845.27,
          "height": 410.13
        },
        "firstSeen": 1.333,
        "lastSeen": 1.333,
        "occurrences": 1,
        "heldMs": 0
      },
      {
        "code": "canvas_overflow",
        "severity": "info",
        "time": 1.333,
        "selector": "#perspective-marquee-source-root > div:nth-of-type(1) > div:nth-of-type(1) > div:nth-of-type(1) > span:nth-of-type(9)",
        "message": "Text extends outside the composition canvas.",
        "rect": {
          "left": 6044.41,
          "top": -583.63,
          "right": 10349.18,
          "bottom": 129.45,
          "width": 4304.77,
          "height": 713.08
        },
        "containerSelector": "#root",
        "text": "Vercel",
        "fixHint": "Move the text inward, reduce its size, or mark intentional off-canvas animation with data-layout-allow-overflow.",
        "containerRect": {
          "left": 0,
          "top": 0,
          "right": 1280,
          "bottom": 720,
          "width": 1280,
          "height": 720
        },
        "overflow": {
          "right": 9069.18,
          "top": 583.63
        },
        "dataAttributes": {},
        "sourceFile": "compositions/perspective-marquee.html",
        "bbox": {
          "x": 6044.41,
          "y": -583.63,
          "width": 4304.77,
          "height": 713.08
        },
        "firstSeen": 1.333,
        "lastSeen": 1.333,
        "occurrences": 1,
        "heldMs": 0
      },
      {
        "code": "canvas_overflow",
        "severity": "info",
        "time": 1.333,
        "selector": "#perspective-marquee-source-root > div:nth-of-type(1) > div:nth-of-type(1) > div:nth-of-type(1) > span:nth-of-type(10)",
        "message": "Text extends outside the composition canvas.",
        "rect": {
          "left": 11674.72,
          "top": -2326.89,
          "right": 32744.06,
          "bottom": -186.24,
          "width": 21069.34,
          "height": 2140.65
        },
        "containerSelector": "#root",
        "text": "Linear",
        "fixHint": "Move the text inward, reduce its size, or mark intentional off-canvas animation with data-layout-allow-overflow.",
        "containerRect": {
          "left": 0,
          "top": 0,
          "right": 1280,
          "bottom": 720,
          "width": 1280,
          "height": 720
        },
        "overflow": {
          "right": 31464.06,
          "top": 2326.89
        },
        "dataAttributes": {},
        "sourceFile": "compositions/perspective-marquee.html",
        "bbox": {
          "x": 11674.72,
          "y": -2326.89,
          "width": 21069.34,
          "height": 2140.65
        },
        "firstSeen": 1.333,
        "lastSeen": 1.333,
        "occurrences": 1,
        "heldMs": 0
      },
      {
        "code": "text_box_overflow",
        "severity": "info",
        "time": 1.333,
        "selector": "#perspective-marquee-source-root > div:nth-of-type(1) > div:nth-of-type(1) > div:nth-of-type(1) > span:nth-of-type(11)",
        "message": "Text extends outside its nearest visual/container box.",
        "rect": {
          "left": -54472.75,
          "top": -4025.83,
          "right": 60269.8,
          "bottom": 5692.94,
          "width": 114742.55,
          "height": 9718.77
        },
        "containerSelector": "#perspective-marquee-source-root > div:nth-of-type(1)",
        "text": "Stripe",
        "fixHint": "Text is 114743px x 9719px inside 1280px x 720px and overflows by up to 58990px; resize the container to at least ~114743px x 9719px or shrink font-size from 84px to ~1px, or allow wrapping with max-width/fitTextFontSize.",
        "containerRect": {
          "left": 0,
          "top": 0,
          "right": 1280,
          "bottom": 720,
          "width": 1280,
          "height": 720
        },
        "overflow": {
          "left": 54472.75,
          "right": 58989.8,
          "top": 4025.83,
          "bottom": 4972.94
        },
        "dataAttributes": {},
        "sourceFile": "compositions/perspective-marquee.html",
        "bbox": {
          "x": -54472.75,
          "y": -4025.83,
          "width": 114742.55,
          "height": 9718.77
        },
        "firstSeen": 1.333,
        "lastSeen": 1.333,
        "occurrences": 1,
        "heldMs": 0
      },
      {
        "code": "canvas_overflow",
        "severity": "info",
        "time": 1.333,
        "selector": "#perspective-marquee-source-root > div:nth-of-type(1) > div:nth-of-type(1) > div:nth-of-type(1) > span:nth-of-type(11)",
        "message": "Text extends outside the composition canvas.",
        "rect": {
          "left": -54472.75,
          "top": -4025.83,
          "right": 60269.8,
          "bottom": 5692.94,
          "width": 114742.55,
          "height": 9718.77
        },
        "containerSelector": "#root",
        "text": "Stripe",
        "fixHint": "Move the text inward, reduce its size, or mark intentional off-canvas animation with data-layout-allow-overflow.",
        "containerRect": {
          "left": 0,
          "top": 0,
          "right": 1280,
          "bottom": 720,
          "width": 1280,
          "height": 720
        },
        "overflow": {
          "left": 54472.75,
          "right": 58989.8,
          "top": 4025.83,
          "bottom": 4972.94
        },
        "dataAttributes": {},
        "sourceFile": "compositions/perspective-marquee.html",
        "bbox": {
          "x": -54472.75,
          "y": -4025.83,
          "width": 114742.55,
          "height": 9718.77
        },
        "firstSeen": 1.333,
        "lastSeen": 1.333,
        "occurrences": 1,
        "heldMs": 0
      },
      {
        "code": "canvas_overflow",
        "severity": "info",
        "time": 1.333,
        "selector": "#perspective-marquee-source-root > div:nth-of-type(1) > div:nth-of-type(1) > div:nth-of-type(1) > span:nth-of-type(12)",
        "message": "Text extends outside the composition canvas.",
        "rect": {
          "left": -33188.63,
          "top": 1172.26,
          "right": -14412.1,
          "bottom": 3612.5,
          "width": 18776.53,
          "height": 2440.24
        },
        "containerSelector": "#root",
        "text": "Figma",
        "fixHint": "Move the text inward, reduce its size, or mark intentional off-canvas animation with data-layout-allow-overflow.",
        "containerRect": {
          "left": 0,
          "top": 0,
          "right": 1280,
          "bottom": 720,
          "width": 1280,
          "height": 720
        },
        "overflow": {
          "left": 33188.63,
          "bottom": 2892.5
        },
        "dataAttributes": {},
        "sourceFile": "compositions/perspective-marquee.html",
        "bbox": {
          "x": -33188.63,
          "y": 1172.26,
          "width": 18776.53,
          "height": 2440.24
        },
        "firstSeen": 1.333,
        "lastSeen": 1.333,
        "occurrences": 1,
        "heldMs": 0
      },
      {
        "code": "canvas_overflow",
        "severity": "info",
        "time": 1.333,
        "selector": "#perspective-marquee-source-root > div:nth-of-type(1) > div:nth-of-type(1) > div:nth-of-type(1) > span:nth-of-type(13)",
        "message": "Text extends outside the composition canvas.",
        "rect": {
          "left": -13464.48,
          "top": 900.75,
          "right": -9023.81,
          "bottom": 1684.54,
          "width": 4440.67,
          "height": 783.79
        },
        "containerSelector": "#root",
        "text": "Notion",
        "fixHint": "Move the text inward, reduce its size, or mark intentional off-canvas animation with data-layout-allow-overflow.",
        "containerRect": {
          "left": 0,
          "top": 0,
          "right": 1280,
          "bottom": 720,
          "width": 1280,
          "height": 720
        },
        "overflow": {
          "left": 13464.48,
          "bottom": 964.54
        },
        "dataAttributes": {},
        "sourceFile": "compositions/perspective-marquee.html",
        "bbox": {
          "x": -13464.48,
          "y": 900.75,
          "width": 4440.67,
          "height": 783.79
        },
        "firstSeen": 1.333,
        "lastSeen": 1.333,
        "occurrences": 1,
        "heldMs": 0
      },
      {
        "code": "canvas_overflow",
        "severity": "info",
        "time": 1.333,
        "selector": "#perspective-marquee-source-root > div:nth-of-type(1) > div:nth-of-type(1) > div:nth-of-type(1) > span:nth-of-type(14)",
        "message": "Text extends outside the composition canvas.",
        "rect": {
          "left": -8732.75,
          "top": 777.54,
          "right": -6578.56,
          "bottom": 1222.03,
          "width": 2154.19,
          "height": 444.49
        },
        "containerSelector": "#root",
        "text": "Raycast",
        "fixHint": "Move the text inward, reduce its size, or mark intentional off-canvas animation with data-layout-allow-overflow.",
        "containerRect": {
          "left": 0,
          "top": 0,
          "right": 1280,
          "bottom": 720,
          "width": 1280,
          "height": 720
        },
        "overflow": {
          "left": 8732.75,
          "bottom": 502.03
        },
        "dataAttributes": {},
        "sourceFile": "compositions/perspective-marquee.html",
        "bbox": {
          "x": -8732.75,
          "y": 777.54,
          "width": 2154.19,
          "height": 444.49
        },
        "firstSeen": 1.333,
        "lastSeen": 1.333,
        "occurrences": 1,
        "heldMs": 0
      },
      {
        "code": "canvas_overflow",
        "severity": "info",
        "time": 1.333,
        "selector": "#perspective-marquee-source-root > div:nth-of-type(1) > div:nth-of-type(1) > div:nth-of-type(1) > span:nth-of-type(15)",
        "message": "Text extends outside the composition canvas.",
        "rect": {
          "left": -6466.16,
          "top": 740,
          "right": -5833.42,
          "bottom": 1000.48,
          "width": 632.74,
          "height": 260.48
        },
        "containerSelector": "#root",
        "text": "Arc",
        "fixHint": "Move the text inward, reduce its size, or mark intentional off-canvas animation with data-layout-allow-overflow.",
        "containerRect": {
          "left": 0,
          "top": 0,
          "right": 1280,
          "bottom": 720,
          "width": 1280,
          "height": 720
        },
        "overflow": {
          "left": 6466.16,
          "bottom": 280.48
        },
        "dataAttributes": {},
        "sourceFile": "compositions/perspective-marquee.html",
        "bbox": {
          "x": -6466.16,
          "y": 740,
          "width": 632.74,
          "height": 260.48
        },
        "firstSeen": 1.333,
        "lastSeen": 1.333,
        "occurrences": 1,
        "heldMs": 0
      },
      {
        "code": "canvas_overflow",
        "severity": "info",
        "time": 1.333,
        "selector": "#perspective-marquee-source-root > div:nth-of-type(1) > div:nth-of-type(1) > div:nth-of-type(1) > span:nth-of-type(16)",
        "message": "Text extends outside the composition canvas.",
        "rect": {
          "left": -5759.75,
          "top": 698.75,
          "right": -5014.88,
          "bottom": 931.43,
          "width": 744.87,
          "height": 232.68
        },
        "containerSelector": "#root",
        "text": "Cursor",
        "fixHint": "Move the text inward, reduce its size, or mark intentional off-canvas animation with data-layout-allow-overflow.",
        "containerRect": {
          "left": 0,
          "top": 0,
          "right": 1280,
          "bottom": 720,
          "width": 1280,
          "height": 720
        },
        "overflow": {
          "left": 5759.75,
          "bottom": 211.43
        },
        "dataAttributes": {},
        "sourceFile": "compositions/perspective-marquee.html",
        "bbox": {
          "x": -5759.75,
          "y": 698.75,
          "width": 744.87,
          "height": 232.68
        },
        "firstSeen": 1.333,
        "lastSeen": 1.333,
        "occurrences": 1,
        "heldMs": 0
      },
      {
        "code": "canvas_overflow",
        "severity": "info",
        "time": 1.333,
        "selector": "#perspective-marquee-source-root > div:nth-of-type(1) > div:nth-of-type(1) > div:nth-of-type(1) > span:nth-of-type(17)",
        "message": "Text extends outside the composition canvas.",
        "rect": {
          "left": -4975.06,
          "top": 671.81,
          "right": -4480.26,
          "bottom": 854.73,
          "width": 494.8,
          "height": 182.92
        },
        "containerSelector": "#root",
        "text": "Vercel",
        "fixHint": "Move the text inward, reduce its size, or mark intentional off-canvas animation with data-layout-allow-overflow.",
        "containerRect": {
          "left": 0,
          "top": 0,
          "right": 1280,
          "bottom": 720,
          "width": 1280,
          "height": 720
        },
        "overflow": {
          "left": 4975.06,
          "bottom": 134.73
        },
        "dataAttributes": {},
        "sourceFile": "compositions/perspective-marquee.html",
        "bbox": {
          "x": -4975.06,
          "y": 671.81,
          "width": 494.8,
          "height": 182.92
        },
        "firstSeen": 1.333,
        "lastSeen": 1.333,
        "occurrences": 1,
        "heldMs": 0
      },
      {
        "code": "canvas_overflow",
        "severity": "info",
        "time": 1.333,
        "selector": "#perspective-marquee-source-root > div:nth-of-type(1) > div:nth-of-type(1) > div:nth-of-type(1) > span:nth-of-type(18)",
        "message": "Text extends outside the composition canvas.",
        "rect": {
          "left": -4457.55,
          "top": 652.67,
          "right": -4100.32,
          "bottom": 804.15,
          "width": 357.23,
          "height": 151.48
        },
        "containerSelector": "#root",
        "text": "Linear",
        "fixHint": "Move the text inward, reduce its size, or mark intentional off-canvas animation with data-layout-allow-overflow.",
        "containerRect": {
          "left": 0,
          "top": 0,
          "right": 1280,
          "bottom": 720,
          "width": 1280,
          "height": 720
        },
        "overflow": {
          "left": 4457.55,
          "bottom": 84.15
        },
        "dataAttributes": {},
        "sourceFile": "compositions/perspective-marquee.html",
        "bbox": {
          "x": -4457.55,
          "y": 652.67,
          "width": 357.23,
          "height": 151.48
        },
        "firstSeen": 1.333,
        "lastSeen": 1.333,
        "occurrences": 1,
        "heldMs": 0
      },
      {
        "code": "canvas_overflow",
        "severity": "info",
        "time": 1.333,
        "selector": "#perspective-marquee-source-root > div:nth-of-type(1) > div:nth-of-type(1) > div:nth-of-type(1) > span:nth-of-type(19)",
        "message": "Text extends outside the composition canvas.",
        "rect": {
          "left": -4087.34,
          "top": 638.16,
          "right": -3812.36,
          "bottom": 767.96,
          "width": 274.98,
          "height": 129.8
        },
        "containerSelector": "#root",
        "text": "Stripe",
        "fixHint": "Move the text inward, reduce its size, or mark intentional off-canvas animation with data-layout-allow-overflow.",
        "containerRect": {
          "left": 0,
          "top": 0,
          "right": 1280,
          "bottom": 720,
          "width": 1280,
          "height": 720
        },
        "overflow": {
          "left": 4087.34,
          "bottom": 47.96
        },
        "dataAttributes": {},
        "sourceFile": "compositions/perspective-marquee.html",
        "bbox": {
          "x": -4087.34,
          "y": 638.16,
          "width": 274.98,
          "height": 129.8
        },
        "firstSeen": 1.333,
        "lastSeen": 1.333,
        "occurrences": 1,
        "heldMs": 0
      },
      {
        "code": "canvas_overflow",
        "severity": "info",
        "time": 1.333,
        "selector": "#perspective-marquee-source-root > div:nth-of-type(1) > div:nth-of-type(1) > div:nth-of-type(1) > span:nth-of-type(20)",
        "message": "Text extends outside the composition canvas.",
        "rect": {
          "left": -3805.4,
          "top": 626.74,
          "right": -3585.83,
          "bottom": 740.4,
          "width": 219.57,
          "height": 113.66
        },
        "containerSelector": "#root",
        "text": "Figma",
        "fixHint": "Move the text inward, reduce its size, or mark intentional off-canvas animation with data-layout-allow-overflow.",
        "containerRect": {
          "left": 0,
          "top": 0,
          "right": 1280,
          "bottom": 720,
          "width": 1280,
          "height": 720
        },
        "overflow": {
          "left": 3805.4,
          "bottom": 20.4
        },
        "dataAttributes": {},
        "sourceFile": "compositions/perspective-marquee.html",
        "bbox": {
          "x": -3805.4,
          "y": 626.74,
          "width": 219.57,
          "height": 113.66
        },
        "firstSeen": 1.333,
        "lastSeen": 1.333,
        "occurrences": 1,
        "heldMs": 0
      },
      {
        "code": "canvas_overflow",
        "severity": "info",
        "time": 1.333,
        "selector": "#perspective-marquee-source-root > div:nth-of-type(1) > div:nth-of-type(1) > div:nth-of-type(1) > span:nth-of-type(21)",
        "message": "Text extends outside the composition canvas.",
        "rect": {
          "left": -3582.79,
          "top": 616.93,
          "right": -3391,
          "bottom": 718.64,
          "width": 191.79,
          "height": 101.71
        },
        "containerSelector": "#root",
        "text": "Notion",
        "fixHint": "Move the text inward, reduce its size, or mark intentional off-canvas animation with data-layout-allow-overflow.",
        "containerRect": {
          "left": 0,
          "top": 0,
          "right": 1280,
          "bottom": 720,
          "width": 1280,
          "height": 720
        },
        "overflow": {
          "left": 3582.79
        },
        "dataAttributes": {},
        "sourceFile": "compositions/perspective-marquee.html",
        "bbox": {
          "x": -3582.79,
          "y": 616.93,
          "width": 191.79,
          "height": 101.71
        },
        "firstSeen": 1.333,
        "lastSeen": 1.333,
        "occurrences": 1,
        "heldMs": 0
      },
      {
        "code": "canvas_overflow",
        "severity": "info",
        "time": 1.333,
        "selector": "#perspective-marquee-source-root > div:nth-of-type(1) > div:nth-of-type(1) > div:nth-of-type(1) > span:nth-of-type(22)",
        "message": "Text extends outside the composition canvas.",
        "rect": {
          "left": -3390.73,
          "top": 607.65,
          "right": -3206.87,
          "bottom": 699.87,
          "width": 183.86,
          "height": 92.22
        },
        "containerSelector": "#root",
        "text": "Raycast",
        "fixHint": "Move the text inward, reduce its size, or mark intentional off-canvas animation with data-layout-allow-overflow.",
        "containerRect": {
          "left": 0,
          "top": 0,
          "right": 1280,
          "bottom": 720,
          "width": 1280,
          "height": 720
        },
        "overflow": {
          "left": 3390.73
        },
        "dataAttributes": {},
        "sourceFile": "compositions/perspective-marquee.html",
        "bbox": {
          "x": -3390.73,
          "y": 607.65,
          "width": 183.86,
          "height": 92.22
        },
        "firstSeen": 1.333,
        "lastSeen": 1.333,
        "occurrences": 1,
        "heldMs": 0
      },
      {
        "code": "canvas_overflow",
        "severity": "info",
        "time": 1.333,
        "selector": "#perspective-marquee-source-root > div:nth-of-type(1) > div:nth-of-type(1) > div:nth-of-type(1) > span:nth-of-type(23)",
        "message": "Text extends outside the composition canvas.",
        "rect": {
          "left": -3208.73,
          "top": 603.43,
          "right": -3123.19,
          "bottom": 682.08,
          "width": 85.54,
          "height": 78.65
        },
        "containerSelector": "#root",
        "text": "Arc",
        "fixHint": "Move the text inward, reduce its size, or mark intentional off-canvas animation with data-layout-allow-overflow.",
        "containerRect": {
          "left": 0,
          "top": 0,
          "right": 1280,
          "bottom": 720,
          "width": 1280,
          "height": 720
        },
        "overflow": {
          "left": 3208.73
        },
        "dataAttributes": {},
        "sourceFile": "compositions/perspective-marquee.html",
        "bbox": {
          "x": -3208.73,
          "y": 603.43,
          "width": 85.54,
          "height": 78.65
        },
        "firstSeen": 1.333,
        "lastSeen": 1.333,
        "occurrences": 1,
        "heldMs": 0
      },
      {
        "code": "canvas_overflow",
        "severity": "info",
        "time": 1.333,
        "selector": "#perspective-marquee-source-root > div:nth-of-type(1) > div:nth-of-type(1) > div:nth-of-type(1) > span:nth-of-type(24)",
        "message": "Text extends outside the composition canvas.",
        "rect": {
          "left": -3125.85,
          "top": 597.52,
          "right": -3005.91,
          "bottom": 673.98,
          "width": 119.94,
          "height": 76.46
        },
        "containerSelector": "#root",
        "text": "Cursor",
        "fixHint": "Move the text inward, reduce its size, or mark intentional off-canvas animation with data-layout-allow-overflow.",
        "containerRect": {
          "left": 0,
          "top": 0,
          "right": 1280,
          "bottom": 720,
          "width": 1280,
          "height": 720
        },
        "overflow": {
          "left": 3125.85
        },
        "dataAttributes": {},
        "sourceFile": "compositions/perspective-marquee.html",
        "bbox": {
          "x": -3125.85,
          "y": 597.52,
          "width": 119.94,
          "height": 76.46
        },
        "firstSeen": 1.333,
        "lastSeen": 1.333,
        "occurrences": 1,
        "heldMs": 0
      },
      {
        "code": "container_overflow",
        "severity": "info",
        "time": 1.333,
        "selector": "#perspective-marquee-source-root > div:nth-of-type(1) > div:nth-of-type(1) > div:nth-of-type(1)",
        "message": "Nowrap text is wider than its container.",
        "rect": {
          "left": -3010.8,
          "top": 350.27,
          "right": 146.7,
          "bottom": 665.67,
          "width": 3157.5,
          "height": 315.4
        },
        "containerSelector": "#perspective-marquee-source-root > div:nth-of-type(1) > div:nth-of-type(1)",
        "fixHint": "Resize/reposition the child or container, or mark intentional overflow with data-layout-allow-overflow.",
        "containerRect": {
          "left": 184.65,
          "top": 226.63,
          "right": 1398.41,
          "bottom": 441.57,
          "width": 1213.76,
          "height": 214.95
        },
        "overflow": {
          "left": 3195.45
        },
        "dataAttributes": {},
        "sourceFile": "compositions/perspective-marquee.html",
        "bbox": {
          "x": -3010.8,
          "y": 350.27,
          "width": 3157.5,
          "height": 315.4
        },
        "firstSeen": 1.333,
        "lastSeen": 1.333,
        "occurrences": 1,
        "heldMs": 0
      },
      {
        "code": "container_overflow",
        "severity": "info",
        "time": 1.333,
        "selector": "#perspective-marquee-source-root > div:nth-of-type(1) > div:nth-of-type(1) > div:nth-of-type(1) > span:nth-of-type(9)",
        "message": "Nowrap text is wider than its container.",
        "rect": {
          "left": 6033.93,
          "top": -797.57,
          "right": 12600.73,
          "bottom": 149.72,
          "width": 6566.8,
          "height": 947.29
        },
        "containerSelector": "#perspective-marquee-source-root > div:nth-of-type(1) > div:nth-of-type(1) > div:nth-of-type(1)",
        "fixHint": "Resize/reposition the child or container, or mark intentional overflow with data-layout-allow-overflow.",
        "containerRect": {
          "left": -3010.8,
          "top": 350.27,
          "right": 146.7,
          "bottom": 665.67,
          "width": 3157.5,
          "height": 315.4
        },
        "overflow": {
          "right": 12454.03
        },
        "dataAttributes": {},
        "sourceFile": "compositions/perspective-marquee.html",
        "bbox": {
          "x": 6033.93,
          "y": -797.57,
          "width": 6566.8,
          "height": 947.29
        },
        "firstSeen": 1.333,
        "lastSeen": 1.333,
        "occurrences": 1,
        "heldMs": 0
      },
      {
        "code": "container_overflow",
        "severity": "info",
        "time": 1.333,
        "selector": "#perspective-marquee-source-root > div:nth-of-type(1) > div:nth-of-type(1) > div:nth-of-type(1) > span:nth-of-type(10)",
        "message": "Nowrap text is wider than its container.",
        "rect": {
          "left": 11637.7,
          "top": -4074.18,
          "right": 61426.06,
          "bottom": -151.25,
          "width": 49788.36,
          "height": 3922.93
        },
        "containerSelector": "#perspective-marquee-source-root > div:nth-of-type(1) > div:nth-of-type(1) > div:nth-of-type(1)",
        "fixHint": "Resize/reposition the child or container, or mark intentional overflow with data-layout-allow-overflow.",
        "containerRect": {
          "left": -3010.8,
          "top": 350.27,
          "right": 146.7,
          "bottom": 665.67,
          "width": 3157.5,
          "height": 315.4
        },
        "overflow": {
          "right": 61279.36
        },
        "dataAttributes": {},
        "sourceFile": "compositions/perspective-marquee.html",
        "bbox": {
          "x": 11637.7,
          "y": -4074.18,
          "width": 49788.36,
          "height": 3922.93
        },
        "firstSeen": 1.333,
        "lastSeen": 1.333,
        "occurrences": 1,
        "heldMs": 0
      },
      {
        "code": "container_overflow",
        "severity": "info",
        "time": 1.333,
        "selector": "#perspective-marquee-source-root > div:nth-of-type(1) > div:nth-of-type(1) > div:nth-of-type(1) > span:nth-of-type(11)",
        "message": "Nowrap text is wider than its container.",
        "rect": {
          "left": -33460.64,
          "top": -4074.18,
          "right": 61426.06,
          "bottom": 3707.31,
          "width": 94886.7,
          "height": 7781.48
        },
        "containerSelector": "#perspective-marquee-source-root > div:nth-of-type(1) > div:nth-of-type(1) > div:nth-of-type(1)",
        "fixHint": "Resize/reposition the child or container, or mark intentional overflow with data-layout-allow-overflow.",
        "containerRect": {
          "left": -3010.8,
          "top": 350.27,
          "right": 146.7,
          "bottom": 665.67,
          "width": 3157.5,
          "height": 315.4
        },
        "overflow": {
          "left": 30449.84,
          "right": 61279.36
        },
        "dataAttributes": {},
        "sourceFile": "compositions/perspective-marquee.html",
        "bbox": {
          "x": -33460.64,
          "y": -4074.18,
          "width": 94886.7,
          "height": 7781.48
        },
        "firstSeen": 1.333,
        "lastSeen": 1.333,
        "occurrences": 1,
        "heldMs": 0
      },
      {
        "code": "container_overflow",
        "severity": "info",
        "time": 1.333,
        "selector": "#perspective-marquee-source-root > div:nth-of-type(1) > div:nth-of-type(1) > div:nth-of-type(1) > span:nth-of-type(12)",
        "message": "Nowrap text is wider than its container.",
        "rect": {
          "left": -33460.64,
          "top": 1049.94,
          "right": -12556.98,
          "bottom": 3707.31,
          "width": 20903.66,
          "height": 2657.37
        },
        "containerSelector": "#perspective-marquee-source-root > div:nth-of-type(1) > div:nth-of-type(1) > div:nth-of-type(1)",
        "fixHint": "Resize/reposition the child or container, or mark intentional overflow with data-layout-allow-overflow.",
        "containerRect": {
          "left": -3010.8,
          "top": 350.27,
          "right": 146.7,
          "bottom": 665.67,
          "width": 3157.5,
          "height": 315.4
        },
        "overflow": {
          "left": 30449.84
        },
        "dataAttributes": {},
        "sourceFile": "compositions/perspective-marquee.html",
        "bbox": {
          "x": -33460.64,
          "y": 1049.94,
          "width": 20903.66,
          "height": 2657.37
        },
        "firstSeen": 1.333,
        "lastSeen": 1.333,
        "occurrences": 1,
        "heldMs": 0
      },
      {
        "code": "container_overflow",
        "severity": "info",
        "time": 1.333,
        "selector": "#perspective-marquee-source-root > div:nth-of-type(1) > div:nth-of-type(1) > div:nth-of-type(1) > span:nth-of-type(13)",
        "message": "Nowrap text is wider than its container.",
        "rect": {
          "left": -13506.78,
          "top": 849.62,
          "right": -8361.44,
          "bottom": 1714.12,
          "width": 5145.34,
          "height": 864.5
        },
        "containerSelector": "#perspective-marquee-source-root > div:nth-of-type(1) > div:nth-of-type(1) > div:nth-of-type(1)",
        "fixHint": "Resize/reposition the child or container, or mark intentional overflow with data-layout-allow-overflow.",
        "containerRect": {
          "left": -3010.8,
          "top": 350.27,
          "right": 146.7,
          "bottom": 665.67,
          "width": 3157.5,
          "height": 315.4
        },
        "overflow": {
          "left": 10495.98
        },
        "dataAttributes": {},
        "sourceFile": "compositions/perspective-marquee.html",
        "bbox": {
          "x": -13506.78,
          "y": 849.62,
          "width": 5145.34,
          "height": 864.5
        },
        "firstSeen": 1.333,
        "lastSeen": 1.333,
        "occurrences": 1,
        "heldMs": 0
      },
      {
        "code": "text_box_overflow",
        "severity": "info",
        "time": 2.222,
        "selector": "#perspective-marquee-source-root > div:nth-of-type(1) > div:nth-of-type(1) > div:nth-of-type(1) > span:nth-of-type(5)",
        "message": "Text extends outside its nearest visual/container box.",
        "rect": {
          "left": 1182.08,
          "top": 214.18,
          "right": 1595.08,
          "bottom": 386.07,
          "width": 413,
          "height": 171.89
        },
        "containerSelector": "#perspective-marquee-source-root > div:nth-of-type(1)",
        "text": "Notion",
        "fixHint": "Text is 413px x 172px inside 1280px x 720px and overflows by up to 315px; widen the container to at least ~1595px, or allow wrapping with max-width/fitTextFontSize.",
        "containerRect": {
          "left": 0,
          "top": 0,
          "right": 1280,
          "bottom": 720,
          "width": 1280,
          "height": 720
        },
        "overflow": {
          "right": 315.08
        },
        "dataAttributes": {},
        "sourceFile": "compositions/perspective-marquee.html",
        "bbox": {
          "x": 1182.08,
          "y": 214.18,
          "width": 413,
          "height": 171.89
        },
        "firstSeen": 2.222,
        "lastSeen": 2.222,
        "occurrences": 1,
        "heldMs": 0
      },
      {
        "code": "canvas_overflow",
        "severity": "info",
        "time": 2.222,
        "selector": "#perspective-marquee-source-root > div:nth-of-type(1) > div:nth-of-type(1) > div:nth-of-type(1) > span:nth-of-type(5)",
        "message": "Text extends outside the composition canvas.",
        "rect": {
          "left": 1182.08,
          "top": 214.18,
          "right": 1595.08,
          "bottom": 386.07,
          "width": 413,
          "height": 171.89
        },
        "containerSelector": "#root",
        "text": "Notion",
        "fixHint": "Move the text inward, reduce its size, or mark intentional off-canvas animation with data-layout-allow-overflow.",
        "containerRect": {
          "left": 0,
          "top": 0,
          "right": 1280,
          "bottom": 720,
          "width": 1280,
          "height": 720
        },
        "overflow": {
          "right": 315.08
        },
        "dataAttributes": {},
        "sourceFile": "compositions/perspective-marquee.html",
        "bbox": {
          "x": 1182.08,
          "y": 214.18,
          "width": 413,
          "height": 171.89
        },
        "firstSeen": 2.222,
        "lastSeen": 2.222,
        "occurrences": 1,
        "heldMs": 0
      },
      {
        "code": "canvas_overflow",
        "severity": "info",
        "time": 2.222,
        "selector": "#perspective-marquee-source-root > div:nth-of-type(1) > div:nth-of-type(1) > div:nth-of-type(1) > span:nth-of-type(6)",
        "message": "Text extends outside the composition canvas.",
        "rect": {
          "left": 1715.97,
          "top": 129.09,
          "right": 2490.34,
          "bottom": 358.57,
          "width": 774.37,
          "height": 229.48
        },
        "containerSelector": "#root",
        "text": "Raycast",
        "fixHint": "Move the text inward, reduce its size, or mark intentional off-canvas animation with data-layout-allow-overflow.",
        "containerRect": {
          "left": 0,
          "top": 0,
          "right": 1280,
          "bottom": 720,
          "width": 1280,
          "height": 720
        },
        "overflow": {
          "right": 1210.34
        },
        "dataAttributes": {},
        "sourceFile": "compositions/perspective-marquee.html",
        "bbox": {
          "x": 1715.97,
          "y": 129.09,
          "width": 774.37,
          "height": 229.48
        },
        "firstSeen": 2.222,
        "lastSeen": 2.222,
        "occurrences": 1,
        "heldMs": 0
      },
      {
        "code": "canvas_overflow",
        "severity": "info",
        "time": 2.222,
        "selector": "#perspective-marquee-source-root > div:nth-of-type(1) > div:nth-of-type(1) > div:nth-of-type(1) > span:nth-of-type(7)",
        "message": "Text extends outside the composition canvas.",
        "rect": {
          "left": 2673.76,
          "top": 61.24,
          "right": 3210.59,
          "bottom": 308.84,
          "width": 536.83,
          "height": 247.6
        },
        "containerSelector": "#root",
        "text": "Arc",
        "fixHint": "Move the text inward, reduce its size, or mark intentional off-canvas animation with data-layout-allow-overflow.",
        "containerRect": {
          "left": 0,
          "top": 0,
          "right": 1280,
          "bottom": 720,
          "width": 1280,
          "height": 720
        },
        "overflow": {
          "right": 1930.59
        },
        "dataAttributes": {},
        "sourceFile": "compositions/perspective-marquee.html",
        "bbox": {
          "x": 2673.76,
          "y": 61.24,
          "width": 536.83,
          "height": 247.6
        },
        "firstSeen": 2.222,
        "lastSeen": 2.222,
        "occurrences": 1,
        "heldMs": 0
      },
      {
        "code": "canvas_overflow",
        "severity": "info",
        "time": 2.222,
        "selector": "#perspective-marquee-source-root > div:nth-of-type(1) > div:nth-of-type(1) > div:nth-of-type(1) > span:nth-of-type(8)",
        "message": "Text extends outside the composition canvas.",
        "rect": {
          "left": 3453.81,
          "top": -114.25,
          "right": 5099.85,
          "bottom": 267.93,
          "width": 1646.04,
          "height": 382.18
        },
        "containerSelector": "#root",
        "text": "Cursor",
        "fixHint": "Move the text inward, reduce its size, or mark intentional off-canvas animation with data-layout-allow-overflow.",
        "containerRect": {
          "left": 0,
          "top": 0,
          "right": 1280,
          "bottom": 720,
          "width": 1280,
          "height": 720
        },
        "overflow": {
          "right": 3819.85,
          "top": 114.25
        },
        "dataAttributes": {},
        "sourceFile": "compositions/perspective-marquee.html",
        "bbox": {
          "x": 3453.81,
          "y": -114.25,
          "width": 1646.04,
          "height": 382.18
        },
        "firstSeen": 2.222,
        "lastSeen": 2.222,
        "occurrences": 1,
        "heldMs": 0
      },
      {
        "code": "canvas_overflow",
        "severity": "info",
        "time": 2.222,
        "selector": "#perspective-marquee-source-root > div:nth-of-type(1) > div:nth-of-type(1) > div:nth-of-type(1) > span:nth-of-type(9)",
        "message": "Text extends outside the composition canvas.",
        "rect": {
          "left": 5541.19,
          "top": -479.04,
          "right": 9153.96,
          "bottom": 156.67,
          "width": 3612.77,
          "height": 635.71
        },
        "containerSelector": "#root",
        "text": "Vercel",
        "fixHint": "Move the text inward, reduce its size, or mark intentional off-canvas animation with data-layout-allow-overflow.",
        "containerRect": {
          "left": 0,
          "top": 0,
          "right": 1280,
          "bottom": 720,
          "width": 1280,
          "height": 720
        },
        "overflow": {
          "right": 7873.96,
          "top": 479.04
        },
        "dataAttributes": {},
        "sourceFile": "compositions/perspective-marquee.html",
        "bbox": {
          "x": 5541.19,
          "y": -479.04,
          "width": 3612.77,
          "height": 635.71
        },
        "firstSeen": 2.222,
        "lastSeen": 2.222,
        "occurrences": 1,
        "heldMs": 0
      },
      {
        "code": "canvas_overflow",
        "severity": "info",
        "time": 2.222,
        "selector": "#perspective-marquee-source-root > div:nth-of-type(1) > div:nth-of-type(1) > div:nth-of-type(1) > span:nth-of-type(10)",
        "message": "Text extends outside the composition canvas.",
        "rect": {
          "left": 10232.99,
          "top": -1726.07,
          "right": 24456.01,
          "bottom": -103.41,
          "width": 14223.02,
          "height": 1622.66
        },
        "containerSelector": "#root",
        "text": "Linear",
        "fixHint": "Move the text inward, reduce its size, or mark intentional off-canvas animation with data-layout-allow-overflow.",
        "containerRect": {
          "left": 0,
          "top": 0,
          "right": 1280,
          "bottom": 720,
          "width": 1280,
          "height": 720
        },
        "overflow": {
          "right": 23176.01,
          "top": 1726.07
        },
        "dataAttributes": {},
        "sourceFile": "compositions/perspective-marquee.html",
        "bbox": {
          "x": 10232.99,
          "y": -1726.07,
          "width": 14223.02,
          "height": 1622.66
        },
        "firstSeen": 2.222,
        "lastSeen": 2.222,
        "occurrences": 1,
        "heldMs": 0
      },
      {
        "code": "text_box_overflow",
        "severity": "info",
        "time": 2.222,
        "selector": "#perspective-marquee-source-root > div:nth-of-type(1) > div:nth-of-type(1) > div:nth-of-type(1) > span:nth-of-type(11)",
        "message": "Text extends outside its nearest visual/container box.",
        "rect": {
          "left": -103617.78,
          "top": -2667.45,
          "right": 37746.28,
          "bottom": 10496.68,
          "width": 141364.06,
          "height": 13164.13
        },
        "containerSelector": "#perspective-marquee-source-root > div:nth-of-type(1)",
        "text": "Stripe",
        "fixHint": "Text is 141364px x 13164px inside 1280px x 720px and overflows by up to 103618px; resize the container to at least ~141364px x 13164px or shrink font-size from 84px to ~1px, or allow wrapping with max-width/fitTextFontSize.",
        "containerRect": {
          "left": 0,
          "top": 0,
          "right": 1280,
          "bottom": 720,
          "width": 1280,
          "height": 720
        },
        "overflow": {
          "left": 103617.78,
          "right": 36466.28,
          "top": 2667.45,
          "bottom": 9776.68
        },
        "dataAttributes": {},
        "sourceFile": "compositions/perspective-marquee.html",
        "bbox": {
          "x": -103617.78,
          "y": -2667.45,
          "width": 141364.06,
          "height": 13164.13
        },
        "firstSeen": 2.222,
        "lastSeen": 2.222,
        "occurrences": 1,
        "heldMs": 0
      },
      {
        "code": "canvas_overflow",
        "severity": "info",
        "time": 2.222,
        "selector": "#perspective-marquee-source-root > div:nth-of-type(1) > div:nth-of-type(1) > div:nth-of-type(1) > span:nth-of-type(11)",
        "message": "Text extends outside the composition canvas.",
        "rect": {
          "left": -103617.78,
          "top": -2667.45,
          "right": 37746.28,
          "bottom": 10496.68,
          "width": 141364.06,
          "height": 13164.13
        },
        "containerSelector": "#root",
        "text": "Stripe",
        "fixHint": "Move the text inward, reduce its size, or mark intentional off-canvas animation with data-layout-allow-overflow.",
        "containerRect": {
          "left": 0,
          "top": 0,
          "right": 1280,
          "bottom": 720,
          "width": 1280,
          "height": 720
        },
        "overflow": {
          "left": 103617.78,
          "right": 36466.28,
          "top": 2667.45,
          "bottom": 9776.68
        },
        "dataAttributes": {},
        "sourceFile": "compositions/perspective-marquee.html",
        "bbox": {
          "x": -103617.78,
          "y": -2667.45,
          "width": 141364.06,
          "height": 13164.13
        },
        "firstSeen": 2.222,
        "lastSeen": 2.222,
        "occurrences": 1,
        "heldMs": 0
      },
      {
        "code": "canvas_overflow",
        "severity": "info",
        "time": 2.222,
        "selector": "#perspective-marquee-source-root > div:nth-of-type(1) > div:nth-of-type(1) > div:nth-of-type(1) > span:nth-of-type(12)",
        "message": "Text extends outside the composition canvas.",
        "rect": {
          "left": -45936.24,
          "top": 1258.36,
          "right": -16120.8,
          "bottom": 4858.53,
          "width": 29815.44,
          "height": 3600.17
        },
        "containerSelector": "#root",
        "text": "Figma",
        "fixHint": "Move the text inward, reduce its size, or mark intentional off-canvas animation with data-layout-allow-overflow.",
        "containerRect": {
          "left": 0,
          "top": 0,
          "right": 1280,
          "bottom": 720,
          "width": 1280,
          "height": 720
        },
        "overflow": {
          "left": 45936.24,
          "bottom": 4138.53
        },
        "dataAttributes": {},
        "sourceFile": "compositions/perspective-marquee.html",
        "bbox": {
          "x": -45936.24,
          "y": 1258.36,
          "width": 29815.44,
          "height": 3600.17
        },
        "firstSeen": 2.222,
        "lastSeen": 2.222,
        "occurrences": 1,
        "heldMs": 0
      },
      {
        "code": "canvas_overflow",
        "severity": "info",
        "time": 2.222,
        "selector": "#perspective-marquee-source-root > div:nth-of-type(1) > div:nth-of-type(1) > div:nth-of-type(1) > span:nth-of-type(13)",
        "message": "Text extends outside the composition canvas.",
        "rect": {
          "left": -14894.23,
          "top": 928,
          "right": -9564.45,
          "bottom": 1824.29,
          "width": 5329.78,
          "height": 896.29
        },
        "containerSelector": "#root",
        "text": "Notion",
        "fixHint": "Move the text inward, reduce its size, or mark intentional off-canvas animation with data-layout-allow-overflow.",
        "containerRect": {
          "left": 0,
          "top": 0,
          "right": 1280,
          "bottom": 720,
          "width": 1280,
          "height": 720
        },
        "overflow": {
          "left": 14894.23,
          "bottom": 1104.29
        },
        "dataAttributes": {},
        "sourceFile": "compositions/perspective-marquee.html",
        "bbox": {
          "x": -14894.23,
          "y": 928,
          "width": 5329.78,
          "height": 896.29
        },
        "firstSeen": 2.222,
        "lastSeen": 2.222,
        "occurrences": 1,
        "heldMs": 0
      },
      {
        "code": "canvas_overflow",
        "severity": "info",
        "time": 2.222,
        "selector": "#perspective-marquee-source-root > div:nth-of-type(1) > div:nth-of-type(1) > div:nth-of-type(1) > span:nth-of-type(14)",
        "message": "Text extends outside the composition canvas.",
        "rect": {
          "left": -9223.49,
          "top": 789.44,
          "right": -6814.72,
          "bottom": 1270,
          "width": 2408.77,
          "height": 480.56
        },
        "containerSelector": "#root",
        "text": "Raycast",
        "fixHint": "Move the text inward, reduce its size, or mark intentional off-canvas animation with data-layout-allow-overflow.",
        "containerRect": {
          "left": 0,
          "top": 0,
          "right": 1280,
          "bottom": 720,
          "width": 1280,
          "height": 720
        },
        "overflow": {
          "left": 9223.49,
          "bottom": 550
        },
        "dataAttributes": {},
        "sourceFile": "compositions/perspective-marquee.html",
        "bbox": {
          "x": -9223.49,
          "y": 789.44,
          "width": 2408.77,
          "height": 480.56
        },
        "firstSeen": 2.222,
        "lastSeen": 2.222,
        "occurrences": 1,
        "heldMs": 0
      },
      {
        "code": "canvas_overflow",
        "severity": "info",
        "time": 2.222,
        "selector": "#perspective-marquee-source-root > div:nth-of-type(1) > div:nth-of-type(1) > div:nth-of-type(1) > span:nth-of-type(15)",
        "message": "Text extends outside the composition canvas.",
        "rect": {
          "left": -6688.49,
          "top": 748.51,
          "right": -6002.48,
          "bottom": 1022.21,
          "width": 686.01,
          "height": 273.7
        },
        "containerSelector": "#root",
        "text": "Arc",
        "fixHint": "Move the text inward, reduce its size, or mark intentional off-canvas animation with data-layout-allow-overflow.",
        "containerRect": {
          "left": 0,
          "top": 0,
          "right": 1280,
          "bottom": 720,
          "width": 1280,
          "height": 720
        },
        "overflow": {
          "left": 6688.49,
          "bottom": 302.21
        },
        "dataAttributes": {},
        "sourceFile": "compositions/perspective-marquee.html",
        "bbox": {
          "x": -6688.49,
          "y": 748.51,
          "width": 686.01,
          "height": 273.7
        },
        "firstSeen": 2.222,
        "lastSeen": 2.222,
        "occurrences": 1,
        "heldMs": 0
      },
      {
        "code": "canvas_overflow",
        "severity": "info",
        "time": 2.222,
        "selector": "#perspective-marquee-source-root > div:nth-of-type(1) > div:nth-of-type(1) > div:nth-of-type(1) > span:nth-of-type(16)",
        "message": "Text extends outside the composition canvas.",
        "rect": {
          "left": -5920.68,
          "top": 704.23,
          "right": -5123.54,
          "bottom": 947.16,
          "width": 797.14,
          "height": 242.93
        },
        "containerSelector": "#root",
        "text": "Cursor",
        "fixHint": "Move the text inward, reduce its size, or mark intentional off-canvas animation with data-layout-allow-overflow.",
        "containerRect": {
          "left": 0,
          "top": 0,
          "right": 1280,
          "bottom": 720,
          "width": 1280,
          "height": 720
        },
        "overflow": {
          "left": 5920.68,
          "bottom": 227.16
        },
        "dataAttributes": {},
        "sourceFile": "compositions/perspective-marquee.html",
        "bbox": {
          "x": -5920.68,
          "y": 704.23,
          "width": 797.14,
          "height": 242.93
        },
        "firstSeen": 2.222,
        "lastSeen": 2.222,
        "occurrences": 1,
        "heldMs": 0
      },
      {
        "code": "canvas_overflow",
        "severity": "info",
        "time": 2.222,
        "selector": "#perspective-marquee-source-root > div:nth-of-type(1) > div:nth-of-type(1) > div:nth-of-type(1) > span:nth-of-type(17)",
        "message": "Text extends outside the composition canvas.",
        "rect": {
          "left": -5079.75,
          "top": 675.67,
          "right": -4556.83,
          "bottom": 864.96,
          "width": 522.92,
          "height": 189.29
        },
        "containerSelector": "#root",
        "text": "Vercel",
        "fixHint": "Move the text inward, reduce its size, or mark intentional off-canvas animation with data-layout-allow-overflow.",
        "containerRect": {
          "left": 0,
          "top": 0,
          "right": 1280,
          "bottom": 720,
          "width": 1280,
          "height": 720
        },
        "overflow": {
          "left": 5079.75,
          "bottom": 144.96
        },
        "dataAttributes": {},
        "sourceFile": "compositions/perspective-marquee.html",
        "bbox": {
          "x": -5079.75,
          "y": 675.67,
          "width": 522.92,
          "height": 189.29
        },
        "firstSeen": 2.222,
        "lastSeen": 2.222,
        "occurrences": 1,
        "heldMs": 0
      },
      {
        "code": "canvas_overflow",
        "severity": "info",
        "time": 2.222,
        "selector": "#perspective-marquee-source-root > div:nth-of-type(1) > div:nth-of-type(1) > div:nth-of-type(1) > span:nth-of-type(18)",
        "message": "Text extends outside the composition canvas.",
        "rect": {
          "left": -4531.92,
          "top": 655.55,
          "right": -4157.58,
          "bottom": 811.42,
          "width": 374.34,
          "height": 155.87
        },
        "containerSelector": "#root",
        "text": "Linear",
        "fixHint": "Move the text inward, reduce its size, or mark intentional off-canvas animation with data-layout-allow-overflow.",
        "containerRect": {
          "left": 0,
          "top": 0,
          "right": 1280,
          "bottom": 720,
          "width": 1280,
          "height": 720
        },
        "overflow": {
          "left": 4531.92,
          "bottom": 91.42
        },
        "dataAttributes": {},
        "sourceFile": "compositions/perspective-marquee.html",
        "bbox": {
          "x": -4531.92,
          "y": 655.55,
          "width": 374.34,
          "height": 155.87
        },
        "firstSeen": 2.222,
        "lastSeen": 2.222,
        "occurrences": 1,
        "heldMs": 0
      },
      {
        "code": "canvas_overflow",
        "severity": "info",
        "time": 2.222,
        "selector": "#perspective-marquee-source-root > div:nth-of-type(1) > div:nth-of-type(1) > div:nth-of-type(1) > span:nth-of-type(19)",
        "message": "Text extends outside the composition canvas.",
        "rect": {
          "left": -4143.27,
          "top": 640.4,
          "right": -3856.88,
          "bottom": 773.43,
          "width": 286.39,
          "height": 133.03
        },
        "containerSelector": "#root",
        "text": "Stripe",
        "fixHint": "Move the text inward, reduce its size, or mark intentional off-canvas animation with data-layout-allow-overflow.",
        "containerRect": {
          "left": 0,
          "top": 0,
          "right": 1280,
          "bottom": 720,
          "width": 1280,
          "height": 720
        },
        "overflow": {
          "left": 4143.27,
          "bottom": 53.43
        },
        "dataAttributes": {},
        "sourceFile": "compositions/perspective-marquee.html",
        "bbox": {
          "x": -4143.27,
          "y": 640.4,
          "width": 286.39,
          "height": 133.03
        },
        "firstSeen": 2.222,
        "lastSeen": 2.222,
        "occurrences": 1,
        "heldMs": 0
      },
      {
        "code": "canvas_overflow",
        "severity": "info",
        "time": 2.222,
        "selector": "#perspective-marquee-source-root > div:nth-of-type(1) > div:nth-of-type(1) > div:nth-of-type(1) > span:nth-of-type(20)",
        "message": "Text extends outside the composition canvas.",
        "rect": {
          "left": -3849.07,
          "top": 628.54,
          "right": -3621.48,
          "bottom": 744.67,
          "width": 227.59,
          "height": 116.13
        },
        "containerSelector": "#root",
        "text": "Figma",
        "fixHint": "Move the text inward, reduce its size, or mark intentional off-canvas animation with data-layout-allow-overflow.",
        "containerRect": {
          "left": 0,
          "top": 0,
          "right": 1280,
          "bottom": 720,
          "width": 1280,
          "height": 720
        },
        "overflow": {
          "left": 3849.07,
          "bottom": 24.67
        },
        "dataAttributes": {},
        "sourceFile": "compositions/perspective-marquee.html",
        "bbox": {
          "x": -3849.07,
          "y": 628.54,
          "width": 227.59,
          "height": 116.13
        },
        "firstSeen": 2.222,
        "lastSeen": 2.222,
        "occurrences": 1,
        "heldMs": 0
      },
      {
        "code": "canvas_overflow",
        "severity": "info",
        "time": 2.222,
        "selector": "#perspective-marquee-source-root > div:nth-of-type(1) > div:nth-of-type(1) > div:nth-of-type(1) > span:nth-of-type(21)",
        "message": "Text extends outside the composition canvas.",
        "rect": {
          "left": -3617.87,
          "top": 618.38,
          "right": -3419.82,
          "bottom": 722.07,
          "width": 198.05,
          "height": 103.69
        },
        "containerSelector": "#root",
        "text": "Notion",
        "fixHint": "Move the text inward, reduce its size, or mark intentional off-canvas animation with data-layout-allow-overflow.",
        "containerRect": {
          "left": 0,
          "top": 0,
          "right": 1280,
          "bottom": 720,
          "width": 1280,
          "height": 720
        },
        "overflow": {
          "left": 3617.87,
          "bottom": 2.07
        },
        "dataAttributes": {},
        "sourceFile": "compositions/perspective-marquee.html",
        "bbox": {
          "x": -3617.87,
          "y": 618.38,
          "width": 198.05,
          "height": 103.69
        },
        "firstSeen": 2.222,
        "lastSeen": 2.222,
        "occurrences": 1,
        "heldMs": 0
      }
    ],
    "duration": 8,
    "samples": [
      0.444,
      1.333,
      2.222,
      3.111,
      4,
      4.889,
      5.778,
      6.667,
      7.556
    ],
    "transitionSamples": [],
    "transitionSamplesDropped": 0,
    "tolerance": 2,
    "totalIssueCount": 258,
    "truncated": true
  },
  "motion": {
    "ok": true,
    "errorCount": 0,
    "warningCount": 0,
    "infoCount": 0,
    "findings": [],
    "enabled": false,
    "samples": 0
  },
  "contrast": {
    "ok": true,
    "errorCount": 0,
    "warningCount": 0,
    "infoCount": 0,
    "findings": [],
    "enabled": true,
    "samples": [
      0.444,
      2.222,
      4,
      5.778,
      7.556
    ],
    "checked": 30,
    "passed": 30
  },
  "hdr": {
    "autoPromotion": null,
    "inspection": "available"
  },
  "snapshots": {
    "enabled": false,
    "files": [],
    "times": [],
    "findingFiles": []
  },
  "_meta": {
    "version": "0.8.99",
    "latestVersion": "0.8.107",
    "updateAvailable": true
  }
}
