[hyperframes] browserGpuMode probe → hardware (WebGL renderer vendor="Google Inc. (NVIDIA Corporation)" renderer="ANGLE (NVIDIA Corporation, NVIDIA GeForce RTX 5060/PCIe/SSE2, OpenGL ES 3.2)")
{
  "ok": true,
  "strict": false,
  "lint": {
    "ok": true,
    "errorCount": 0,
    "warningCount": 0,
    "infoCount": 0,
    "findings": [],
    "filesScanned": 2
  },
  "runtime": {
    "ok": true,
    "errorCount": 0,
    "warningCount": 0,
    "infoCount": 0,
    "findings": []
  },
  "layout": {
    "ok": true,
    "errorCount": 0,
    "warningCount": 7,
    "infoCount": 73,
    "findings": [
      {
        "code": "escaped_container",
        "severity": "warning",
        "time": 0.222,
        "selector": "#snapcn-roster-grant-source-root > div:nth-of-type(1) > div:nth-of-type(2) > div:nth-of-type(1) > div:nth-of-type(1) > div:nth-of-type(1)",
        "message": "Positioned element renders far outside its offset parent — its coordinates were likely computed in a different frame (canvas/viewport pixels).",
        "rect": {
          "left": -624.25,
          "top": 59.21,
          "right": -37.55,
          "bottom": 215.11,
          "width": 586.69,
          "height": 155.9
        },
        "containerSelector": "#snapcn-roster-grant-source-root > div:nth-of-type(1) > div:nth-of-type(2) > div:nth-of-type(1) > div:nth-of-type(1)",
        "text": "WF Word Flip Animation",
        "fixHint": "Compute left/top in the offset parent's frame (subtract its rect), or mark intentional placement with data-layout-allow-overflow.",
        "containerRect": {
          "left": -179.1,
          "top": -48.49,
          "right": 1281.48,
          "bottom": 767.96,
          "width": 1460.58,
          "height": 816.45
        },
        "dataAttributes": {},
        "sourceFile": "compositions/snapcn-roster-grant.html",
        "bbox": {
          "x": -624.25,
          "y": 59.21,
          "width": 586.69,
          "height": 155.9
        },
        "firstSeen": 0.222,
        "lastSeen": 3.778,
        "occurrences": 9,
        "heldMs": 3556
      },
      {
        "code": "escaped_container",
        "severity": "warning",
        "time": 0.222,
        "selector": "#snapcn-roster-grant-source-root > div:nth-of-type(1) > div:nth-of-type(2) > div:nth-of-type(1) > div:nth-of-type(1) > div:nth-of-type(5)",
        "message": "Positioned element renders far outside its offset parent — its coordinates were likely computed in a different frame (canvas/viewport pixels).",
        "rect": {
          "left": 1935.87,
          "top": 59.21,
          "right": 2522.57,
          "bottom": 215.11,
          "width": 586.7,
          "height": 155.9
        },
        "containerSelector": "#snapcn-roster-grant-source-root > div:nth-of-type(1) > div:nth-of-type(2) > div:nth-of-type(1) > div:nth-of-type(1)",
        "text": "WF Word Flip Animation",
        "fixHint": "Compute left/top in the offset parent's frame (subtract its rect), or mark intentional placement with data-layout-allow-overflow.",
        "containerRect": {
          "left": -179.1,
          "top": -48.49,
          "right": 1281.48,
          "bottom": 767.96,
          "width": 1460.58,
          "height": 816.45
        },
        "dataAttributes": {},
        "sourceFile": "compositions/snapcn-roster-grant.html",
        "bbox": {
          "x": 1935.87,
          "y": 59.21,
          "width": 586.7,
          "height": 155.9
        },
        "firstSeen": 0.222,
        "lastSeen": 3.778,
        "occurrences": 9,
        "heldMs": 3556
      },
      {
        "code": "escaped_container",
        "severity": "warning",
        "time": 0.222,
        "selector": "#snapcn-roster-grant-source-root > div:nth-of-type(1) > div:nth-of-type(2) > div:nth-of-type(1) > div:nth-of-type(2) > div:nth-of-type(1)",
        "message": "Positioned element renders far outside its offset parent — its coordinates were likely computed in a different frame (canvas/viewport pixels).",
        "rect": {
          "left": -1005.13,
          "top": 283.83,
          "right": -418.43,
          "bottom": 439.74,
          "width": 586.69,
          "height": 155.9
        },
        "containerSelector": "#snapcn-roster-grant-source-root > div:nth-of-type(1) > div:nth-of-type(2) > div:nth-of-type(1) > div:nth-of-type(2)",
        "text": "TM Type Morph Animation",
        "fixHint": "Compute left/top in the offset parent's frame (subtract its rect), or mark intentional placement with data-layout-allow-overflow.",
        "containerRect": {
          "left": -181.98,
          "top": -48.49,
          "right": 1278.61,
          "bottom": 767.96,
          "width": 1460.58,
          "height": 816.45
        },
        "dataAttributes": {},
        "sourceFile": "compositions/snapcn-roster-grant.html",
        "bbox": {
          "x": -1005.13,
          "y": 283.83,
          "width": 586.69,
          "height": 155.9
        },
        "firstSeen": 0.222,
        "lastSeen": 3.778,
        "occurrences": 9,
        "heldMs": 3556
      },
      {
        "code": "escaped_container",
        "severity": "warning",
        "time": 0.222,
        "selector": "#snapcn-roster-grant-source-root > div:nth-of-type(1) > div:nth-of-type(2) > div:nth-of-type(1) > div:nth-of-type(3) > div:nth-of-type(2)",
        "message": "Positioned element renders far outside its offset parent — its coordinates were likely computed in a different frame (canvas/viewport pixels).",
        "rect": {
          "left": 1766.7,
          "top": 283.83,
          "right": 2353.4,
          "bottom": 439.74,
          "width": 586.69,
          "height": 155.9
        },
        "containerSelector": "#snapcn-roster-grant-source-root > div:nth-of-type(1) > div:nth-of-type(2) > div:nth-of-type(1) > div:nth-of-type(3)",
        "text": "AS Agent Steps Composition",
        "fixHint": "Compute left/top in the offset parent's frame (subtract its rect), or mark intentional placement with data-layout-allow-overflow.",
        "containerRect": {
          "left": 40.95,
          "top": -48.49,
          "right": 1501.53,
          "bottom": 767.96,
          "width": 1460.58,
          "height": 816.45
        },
        "dataAttributes": {},
        "sourceFile": "compositions/snapcn-roster-grant.html",
        "bbox": {
          "x": 1766.7,
          "y": 283.83,
          "width": 586.69,
          "height": 155.9
        },
        "firstSeen": 0.222,
        "lastSeen": 3.778,
        "occurrences": 9,
        "heldMs": 3556
      },
      {
        "code": "escaped_container",
        "severity": "warning",
        "time": 0.222,
        "selector": "#snapcn-roster-grant-source-root > div:nth-of-type(1) > div:nth-of-type(2) > div:nth-of-type(1) > div:nth-of-type(4) > div:nth-of-type(1)",
        "message": "Positioned element renders far outside its offset parent — its coordinates were likely computed in a different frame (canvas/viewport pixels).",
        "rect": {
          "left": -1074.43,
          "top": 508.46,
          "right": -487.73,
          "bottom": 664.36,
          "width": 586.7,
          "height": 155.9
        },
        "containerSelector": "#snapcn-roster-grant-source-root > div:nth-of-type(1) > div:nth-of-type(2) > div:nth-of-type(1) > div:nth-of-type(4)",
        "text": "TH Text Highlight Animation",
        "fixHint": "Compute left/top in the offset parent's frame (subtract its rect), or mark intentional placement with data-layout-allow-overflow.",
        "containerRect": {
          "left": 60.6,
          "top": -48.49,
          "right": 1521.18,
          "bottom": 767.96,
          "width": 1460.58,
          "height": 816.45
        },
        "dataAttributes": {},
        "sourceFile": "compositions/snapcn-roster-grant.html",
        "bbox": {
          "x": -1074.43,
          "y": 508.46,
          "width": 586.7,
          "height": 155.9
        },
        "firstSeen": 0.222,
        "lastSeen": 3.778,
        "occurrences": 9,
        "heldMs": 3556
      },
      {
        "code": "escaped_container",
        "severity": "warning",
        "time": 0.222,
        "selector": "#snapcn-roster-grant-source-root > div:nth-of-type(1) > div:nth-of-type(2) > div:nth-of-type(1) > div:nth-of-type(4) > div:nth-of-type(2)",
        "message": "Positioned element renders far outside its offset parent — its coordinates were likely computed in a different frame (canvas/viewport pixels).",
        "rect": {
          "left": -434.4,
          "top": 508.46,
          "right": 152.3,
          "bottom": 664.36,
          "width": 586.69,
          "height": 155.9
        },
        "containerSelector": "#snapcn-roster-grant-source-root > div:nth-of-type(1) > div:nth-of-type(2) > div:nth-of-type(1) > div:nth-of-type(4)",
        "text": "OG Orbit Gallery Composition",
        "fixHint": "Compute left/top in the offset parent's frame (subtract its rect), or mark intentional placement with data-layout-allow-overflow.",
        "containerRect": {
          "left": 60.6,
          "top": -48.49,
          "right": 1521.18,
          "bottom": 767.96,
          "width": 1460.58,
          "height": 816.45
        },
        "dataAttributes": {},
        "sourceFile": "compositions/snapcn-roster-grant.html",
        "bbox": {
          "x": -434.4,
          "y": 508.46,
          "width": 586.69,
          "height": 155.9
        },
        "firstSeen": 0.222,
        "lastSeen": 3.778,
        "occurrences": 9,
        "heldMs": 3556
      },
      {
        "code": "escaped_container",
        "severity": "warning",
        "time": 0.222,
        "selector": "#snapcn-roster-grant-source-root > div:nth-of-type(1) > div:nth-of-type(2) > div:nth-of-type(1) > div:nth-of-type(4) > div:nth-of-type(5)",
        "message": "Positioned element renders far outside its offset parent — its coordinates were likely computed in a different frame (canvas/viewport pixels).",
        "rect": {
          "left": 1485.66,
          "top": 508.46,
          "right": 2072.36,
          "bottom": 664.36,
          "width": 586.69,
          "height": 155.9
        },
        "containerSelector": "#snapcn-roster-grant-source-root > div:nth-of-type(1) > div:nth-of-type(2) > div:nth-of-type(1) > div:nth-of-type(4)",
        "text": "TH Text Highlight Animation",
        "fixHint": "Compute left/top in the offset parent's frame (subtract its rect), or mark intentional placement with data-layout-allow-overflow.",
        "containerRect": {
          "left": 60.6,
          "top": -48.49,
          "right": 1521.18,
          "bottom": 767.96,
          "width": 1460.58,
          "height": 816.45
        },
        "dataAttributes": {},
        "sourceFile": "compositions/snapcn-roster-grant.html",
        "bbox": {
          "x": 1485.66,
          "y": 508.46,
          "width": 586.69,
          "height": 155.9
        },
        "firstSeen": 0.222,
        "lastSeen": 3.778,
        "occurrences": 9,
        "heldMs": 3556
      },
      {
        "code": "canvas_overflow",
        "severity": "info",
        "time": 0.222,
        "selector": "#snapcn-roster-grant-source-root > div:nth-of-type(1) > div:nth-of-type(2) > div:nth-of-type(1) > div:nth-of-type(1) > div:nth-of-type(1) > div:nth-of-type(1)",
        "message": "Text extends outside the composition canvas.",
        "rect": {
          "left": -578.32,
          "top": 106.39,
          "right": -499.92,
          "bottom": 165.88,
          "width": 78.4,
          "height": 59.49
        },
        "containerSelector": "#root",
        "text": "WF",
        "fixHint": "Move the text inward, reduce its size, or mark intentional off-canvas animation with data-layout-allow-overflow.",
        "containerRect": {
          "left": 0,
          "top": 0,
          "right": 1280,
          "bottom": 720,
          "width": 1280,
          "height": 720
        },
        "overflow": {
          "left": 578.32
        },
        "dataAttributes": {},
        "sourceFile": "compositions/snapcn-roster-grant.html",
        "bbox": {
          "x": -578.32,
          "y": 106.39,
          "width": 78.4,
          "height": 59.49
        },
        "firstSeen": 0.222,
        "lastSeen": 0.222,
        "occurrences": 1,
        "heldMs": 0
      },
      {
        "code": "canvas_overflow",
        "severity": "info",
        "time": 0.222,
        "selector": "#snapcn-roster-grant-source-root > div:nth-of-type(1) > div:nth-of-type(2) > div:nth-of-type(1) > div:nth-of-type(1) > div:nth-of-type(1) > div:nth-of-type(2)",
        "message": "Text extends outside the composition canvas.",
        "rect": {
          "left": -465.27,
          "top": 89.34,
          "right": -279.81,
          "bottom": 138.57,
          "width": 185.46,
          "height": 49.23
        },
        "containerSelector": "#root",
        "text": "Word Flip",
        "fixHint": "Move the text inward, reduce its size, or mark intentional off-canvas animation with data-layout-allow-overflow.",
        "containerRect": {
          "left": 0,
          "top": 0,
          "right": 1280,
          "bottom": 720,
          "width": 1280,
          "height": 720
        },
        "overflow": {
          "left": 465.27
        },
        "dataAttributes": {},
        "sourceFile": "compositions/snapcn-roster-grant.html",
        "bbox": {
          "x": -465.27,
          "y": 89.34,
          "width": 185.46,
          "height": 49.23
        },
        "firstSeen": 0.222,
        "lastSeen": 0.222,
        "occurrences": 1,
        "heldMs": 0
      },
      {
        "code": "canvas_overflow",
        "severity": "info",
        "time": 0.222,
        "selector": "#snapcn-roster-grant-source-root > div:nth-of-type(1) > div:nth-of-type(2) > div:nth-of-type(1) > div:nth-of-type(1) > div:nth-of-type(1) > div:nth-of-type(3)",
        "message": "Text extends outside the composition canvas.",
        "rect": {
          "left": -465.27,
          "top": 143.92,
          "right": -339.36,
          "bottom": 176.74,
          "width": 125.91,
          "height": 32.82
        },
        "containerSelector": "#root",
        "text": "Animation",
        "fixHint": "Move the text inward, reduce its size, or mark intentional off-canvas animation with data-layout-allow-overflow.",
        "containerRect": {
          "left": 0,
          "top": 0,
          "right": 1280,
          "bottom": 720,
          "width": 1280,
          "height": 720
        },
        "overflow": {
          "left": 465.27
        },
        "dataAttributes": {},
        "sourceFile": "compositions/snapcn-roster-grant.html",
        "bbox": {
          "x": -465.27,
          "y": 143.92,
          "width": 125.91,
          "height": 32.82
        },
        "firstSeen": 0.222,
        "lastSeen": 0.222,
        "occurrences": 1,
        "heldMs": 0
      },
      {
        "code": "canvas_overflow",
        "severity": "info",
        "time": 0.222,
        "selector": "#snapcn-roster-grant-source-root > div:nth-of-type(1) > div:nth-of-type(2) > div:nth-of-type(1) > div:nth-of-type(1) > div:nth-of-type(4) > div:nth-of-type(1)",
        "message": "Text extends outside the composition canvas.",
        "rect": {
          "left": 1349.28,
          "top": 106.39,
          "right": 1412.64,
          "bottom": 165.88,
          "width": 63.36,
          "height": 59.49
        },
        "containerSelector": "#root",
        "text": "LD",
        "fixHint": "Move the text inward, reduce its size, or mark intentional off-canvas animation with data-layout-allow-overflow.",
        "containerRect": {
          "left": 0,
          "top": 0,
          "right": 1280,
          "bottom": 720,
          "width": 1280,
          "height": 720
        },
        "overflow": {
          "right": 132.64
        },
        "dataAttributes": {},
        "sourceFile": "compositions/snapcn-roster-grant.html",
        "bbox": {
          "x": 1349.28,
          "y": 106.39,
          "width": 63.36,
          "height": 59.49
        },
        "firstSeen": 0.222,
        "lastSeen": 0.222,
        "occurrences": 1,
        "heldMs": 0
      },
      {
        "code": "canvas_overflow",
        "severity": "info",
        "time": 0.222,
        "selector": "#snapcn-roster-grant-source-root > div:nth-of-type(1) > div:nth-of-type(2) > div:nth-of-type(1) > div:nth-of-type(1) > div:nth-of-type(4) > div:nth-of-type(2)",
        "message": "Text extends outside the composition canvas.",
        "rect": {
          "left": 1454.83,
          "top": 89.34,
          "right": 1648.17,
          "bottom": 138.57,
          "width": 193.34,
          "height": 49.23
        },
        "containerSelector": "#root",
        "text": "Logo Drift",
        "fixHint": "Move the text inward, reduce its size, or mark intentional off-canvas animation with data-layout-allow-overflow.",
        "containerRect": {
          "left": 0,
          "top": 0,
          "right": 1280,
          "bottom": 720,
          "width": 1280,
          "height": 720
        },
        "overflow": {
          "right": 368.17
        },
        "dataAttributes": {},
        "sourceFile": "compositions/snapcn-roster-grant.html",
        "bbox": {
          "x": 1454.83,
          "y": 89.34,
          "width": 193.34,
          "height": 49.23
        },
        "firstSeen": 0.222,
        "lastSeen": 0.222,
        "occurrences": 1,
        "heldMs": 0
      },
      {
        "code": "canvas_overflow",
        "severity": "info",
        "time": 0.222,
        "selector": "#snapcn-roster-grant-source-root > div:nth-of-type(1) > div:nth-of-type(2) > div:nth-of-type(1) > div:nth-of-type(1) > div:nth-of-type(4) > div:nth-of-type(3)",
        "message": "Text extends outside the composition canvas.",
        "rect": {
          "left": 1454.83,
          "top": 143.92,
          "right": 1606.34,
          "bottom": 176.74,
          "width": 151.51,
          "height": 32.82
        },
        "containerSelector": "#root",
        "text": "Background",
        "fixHint": "Move the text inward, reduce its size, or mark intentional off-canvas animation with data-layout-allow-overflow.",
        "containerRect": {
          "left": 0,
          "top": 0,
          "right": 1280,
          "bottom": 720,
          "width": 1280,
          "height": 720
        },
        "overflow": {
          "right": 326.34
        },
        "dataAttributes": {},
        "sourceFile": "compositions/snapcn-roster-grant.html",
        "bbox": {
          "x": 1454.83,
          "y": 143.92,
          "width": 151.51,
          "height": 32.82
        },
        "firstSeen": 0.222,
        "lastSeen": 0.222,
        "occurrences": 1,
        "heldMs": 0
      },
      {
        "code": "canvas_overflow",
        "severity": "info",
        "time": 0.222,
        "selector": "#snapcn-roster-grant-source-root > div:nth-of-type(1) > div:nth-of-type(2) > div:nth-of-type(1) > div:nth-of-type(1) > div:nth-of-type(5) > div:nth-of-type(1)",
        "message": "Text extends outside the composition canvas.",
        "rect": {
          "left": 1981.81,
          "top": 106.39,
          "right": 2060.21,
          "bottom": 165.88,
          "width": 78.4,
          "height": 59.49
        },
        "containerSelector": "#root",
        "text": "WF",
        "fixHint": "Move the text inward, reduce its size, or mark intentional off-canvas animation with data-layout-allow-overflow.",
        "containerRect": {
          "left": 0,
          "top": 0,
          "right": 1280,
          "bottom": 720,
          "width": 1280,
          "height": 720
        },
        "overflow": {
          "right": 780.21
        },
        "dataAttributes": {},
        "sourceFile": "compositions/snapcn-roster-grant.html",
        "bbox": {
          "x": 1981.81,
          "y": 106.39,
          "width": 78.4,
          "height": 59.49
        },
        "firstSeen": 0.222,
        "lastSeen": 0.222,
        "occurrences": 1,
        "heldMs": 0
      },
      {
        "code": "canvas_overflow",
        "severity": "info",
        "time": 0.222,
        "selector": "#snapcn-roster-grant-source-root > div:nth-of-type(1) > div:nth-of-type(2) > div:nth-of-type(1) > div:nth-of-type(1) > div:nth-of-type(5) > div:nth-of-type(2)",
        "message": "Text extends outside the composition canvas.",
        "rect": {
          "left": 2094.86,
          "top": 89.34,
          "right": 2280.31,
          "bottom": 138.57,
          "width": 185.45,
          "height": 49.23
        },
        "containerSelector": "#root",
        "text": "Word Flip",
        "fixHint": "Move the text inward, reduce its size, or mark intentional off-canvas animation with data-layout-allow-overflow.",
        "containerRect": {
          "left": 0,
          "top": 0,
          "right": 1280,
          "bottom": 720,
          "width": 1280,
          "height": 720
        },
        "overflow": {
          "right": 1000.31
        },
        "dataAttributes": {},
        "sourceFile": "compositions/snapcn-roster-grant.html",
        "bbox": {
          "x": 2094.86,
          "y": 89.34,
          "width": 185.45,
          "height": 49.23
        },
        "firstSeen": 0.222,
        "lastSeen": 0.222,
        "occurrences": 1,
        "heldMs": 0
      },
      {
        "code": "canvas_overflow",
        "severity": "info",
        "time": 0.222,
        "selector": "#snapcn-roster-grant-source-root > div:nth-of-type(1) > div:nth-of-type(2) > div:nth-of-type(1) > div:nth-of-type(1) > div:nth-of-type(5) > div:nth-of-type(3)",
        "message": "Text extends outside the composition canvas.",
        "rect": {
          "left": 2094.86,
          "top": 143.92,
          "right": 2220.76,
          "bottom": 176.74,
          "width": 125.9,
          "height": 32.82
        },
        "containerSelector": "#root",
        "text": "Animation",
        "fixHint": "Move the text inward, reduce its size, or mark intentional off-canvas animation with data-layout-allow-overflow.",
        "containerRect": {
          "left": 0,
          "top": 0,
          "right": 1280,
          "bottom": 720,
          "width": 1280,
          "height": 720
        },
        "overflow": {
          "right": 940.76
        },
        "dataAttributes": {},
        "sourceFile": "compositions/snapcn-roster-grant.html",
        "bbox": {
          "x": 2094.86,
          "y": 143.92,
          "width": 125.9,
          "height": 32.82
        },
        "firstSeen": 0.222,
        "lastSeen": 0.222,
        "occurrences": 1,
        "heldMs": 0
      },
      {
        "code": "canvas_overflow",
        "severity": "info",
        "time": 0.222,
        "selector": "#snapcn-roster-grant-source-root > div:nth-of-type(1) > div:nth-of-type(2) > div:nth-of-type(1) > div:nth-of-type(2) > div:nth-of-type(1) > div:nth-of-type(1)",
        "message": "Text extends outside the composition canvas.",
        "rect": {
          "left": -958.55,
          "top": 331.01,
          "right": -881.47,
          "bottom": 390.5,
          "width": 77.08,
          "height": 59.49
        },
        "containerSelector": "#root",
        "text": "TM",
        "fixHint": "Move the text inward, reduce its size, or mark intentional off-canvas animation with data-layout-allow-overflow.",
        "containerRect": {
          "left": 0,
          "top": 0,
          "right": 1280,
          "bottom": 720,
          "width": 1280,
          "height": 720
        },
        "overflow": {
          "left": 958.55
        },
        "dataAttributes": {},
        "sourceFile": "compositions/snapcn-roster-grant.html",
        "bbox": {
          "x": -958.55,
          "y": 331.01,
          "width": 77.08,
          "height": 59.49
        },
        "firstSeen": 0.222,
        "lastSeen": 0.222,
        "occurrences": 1,
        "heldMs": 0
      },
      {
        "code": "canvas_overflow",
        "severity": "info",
        "time": 0.222,
        "selector": "#snapcn-roster-grant-source-root > div:nth-of-type(1) > div:nth-of-type(2) > div:nth-of-type(1) > div:nth-of-type(2) > div:nth-of-type(1) > div:nth-of-type(2)",
        "message": "Text extends outside the composition canvas.",
        "rect": {
          "left": -846.14,
          "top": 313.96,
          "right": -609.24,
          "bottom": 363.2,
          "width": 236.9,
          "height": 49.24
        },
        "containerSelector": "#root",
        "text": "Type Morph",
        "fixHint": "Move the text inward, reduce its size, or mark intentional off-canvas animation with data-layout-allow-overflow.",
        "containerRect": {
          "left": 0,
          "top": 0,
          "right": 1280,
          "bottom": 720,
          "width": 1280,
          "height": 720
        },
        "overflow": {
          "left": 846.14
        },
        "dataAttributes": {},
        "sourceFile": "compositions/snapcn-roster-grant.html",
        "bbox": {
          "x": -846.14,
          "y": 313.96,
          "width": 236.9,
          "height": 49.24
        },
        "firstSeen": 0.222,
        "lastSeen": 0.222,
        "occurrences": 1,
        "heldMs": 0
      },
      {
        "code": "canvas_overflow",
        "severity": "info",
        "time": 0.222,
        "selector": "#snapcn-roster-grant-source-root > div:nth-of-type(1) > div:nth-of-type(2) > div:nth-of-type(1) > div:nth-of-type(2) > div:nth-of-type(1) > div:nth-of-type(3)",
        "message": "Text extends outside the composition canvas.",
        "rect": {
          "left": -846.14,
          "top": 368.55,
          "right": -720.24,
          "bottom": 401.37,
          "width": 125.9,
          "height": 32.82
        },
        "containerSelector": "#root",
        "text": "Animation",
        "fixHint": "Move the text inward, reduce its size, or mark intentional off-canvas animation with data-layout-allow-overflow.",
        "containerRect": {
          "left": 0,
          "top": 0,
          "right": 1280,
          "bottom": 720,
          "width": 1280,
          "height": 720
        },
        "overflow": {
          "left": 846.14
        },
        "dataAttributes": {},
        "sourceFile": "compositions/snapcn-roster-grant.html",
        "bbox": {
          "x": -846.14,
          "y": 368.55,
          "width": 125.9,
          "height": 32.82
        },
        "firstSeen": 0.222,
        "lastSeen": 0.222,
        "occurrences": 1,
        "heldMs": 0
      },
      {
        "code": "canvas_overflow",
        "severity": "info",
        "time": 0.222,
        "selector": "#snapcn-roster-grant-source-root > div:nth-of-type(1) > div:nth-of-type(2) > div:nth-of-type(1) > div:nth-of-type(2) > div:nth-of-type(2) > div:nth-of-type(1)",
        "message": "Text extends outside the composition canvas.",
        "rect": {
          "left": -311.92,
          "top": 331.01,
          "right": -248.04,
          "bottom": 390.5,
          "width": 63.88,
          "height": 59.49
        },
        "containerSelector": "#root",
        "text": "TS",
        "fixHint": "Move the text inward, reduce its size, or mark intentional off-canvas animation with data-layout-allow-overflow.",
        "containerRect": {
          "left": 0,
          "top": 0,
          "right": 1280,
          "bottom": 720,
          "width": 1280,
          "height": 720
        },
        "overflow": {
          "left": 311.92
        },
        "dataAttributes": {},
        "sourceFile": "compositions/snapcn-roster-grant.html",
        "bbox": {
          "x": -311.92,
          "y": 331.01,
          "width": 63.88,
          "height": 59.49
        },
        "firstSeen": 0.222,
        "lastSeen": 0.222,
        "occurrences": 1,
        "heldMs": 0
      },
      {
        "code": "canvas_overflow",
        "severity": "info",
        "time": 0.222,
        "selector": "#snapcn-roster-grant-source-root > div:nth-of-type(1) > div:nth-of-type(2) > div:nth-of-type(1) > div:nth-of-type(2) > div:nth-of-type(2) > div:nth-of-type(2)",
        "message": "Text extends outside the composition canvas.",
        "rect": {
          "left": -206.11,
          "top": 313.96,
          "right": -6.2,
          "bottom": 363.2,
          "width": 199.91,
          "height": 49.24
        },
        "containerSelector": "#root",
        "text": "Text Swell",
        "fixHint": "Move the text inward, reduce its size, or mark intentional off-canvas animation with data-layout-allow-overflow.",
        "containerRect": {
          "left": 0,
          "top": 0,
          "right": 1280,
          "bottom": 720,
          "width": 1280,
          "height": 720
        },
        "overflow": {
          "left": 206.11
        },
        "dataAttributes": {},
        "sourceFile": "compositions/snapcn-roster-grant.html",
        "bbox": {
          "x": -206.11,
          "y": 313.96,
          "width": 199.91,
          "height": 49.24
        },
        "firstSeen": 0.222,
        "lastSeen": 0.222,
        "occurrences": 1,
        "heldMs": 0
      },
      {
        "code": "canvas_overflow",
        "severity": "info",
        "time": 0.222,
        "selector": "#snapcn-roster-grant-source-root > div:nth-of-type(1) > div:nth-of-type(2) > div:nth-of-type(1) > div:nth-of-type(2) > div:nth-of-type(2) > div:nth-of-type(3)",
        "message": "Text extends outside the composition canvas.",
        "rect": {
          "left": -206.11,
          "top": 368.55,
          "right": -80.21,
          "bottom": 401.37,
          "width": 125.9,
          "height": 32.82
        },
        "containerSelector": "#root",
        "text": "Animation",
        "fixHint": "Move the text inward, reduce its size, or mark intentional off-canvas animation with data-layout-allow-overflow.",
        "containerRect": {
          "left": 0,
          "top": 0,
          "right": 1280,
          "bottom": 720,
          "width": 1280,
          "height": 720
        },
        "overflow": {
          "left": 206.11
        },
        "dataAttributes": {},
        "sourceFile": "compositions/snapcn-roster-grant.html",
        "bbox": {
          "x": -206.11,
          "y": 368.55,
          "width": 125.9,
          "height": 32.82
        },
        "firstSeen": 0.222,
        "lastSeen": 0.222,
        "occurrences": 1,
        "heldMs": 0
      },
      {
        "code": "canvas_overflow",
        "severity": "info",
        "time": 0.222,
        "selector": "#snapcn-roster-grant-source-root > div:nth-of-type(1) > div:nth-of-type(2) > div:nth-of-type(1) > div:nth-of-type(3) > div:nth-of-type(1) > div:nth-of-type(2)",
        "message": "Text extends outside the composition canvas.",
        "rect": {
          "left": 1285.65,
          "top": 313.96,
          "right": 1497.36,
          "bottom": 363.2,
          "width": 211.71,
          "height": 49.24
        },
        "containerSelector": "#root",
        "text": "Count Grid",
        "fixHint": "Move the text inward, reduce its size, or mark intentional off-canvas animation with data-layout-allow-overflow.",
        "containerRect": {
          "left": 0,
          "top": 0,
          "right": 1280,
          "bottom": 720,
          "width": 1280,
          "height": 720
        },
        "overflow": {
          "right": 217.36
        },
        "dataAttributes": {},
        "sourceFile": "compositions/snapcn-roster-grant.html",
        "bbox": {
          "x": 1285.65,
          "y": 313.96,
          "width": 211.71,
          "height": 49.24
        },
        "firstSeen": 0.222,
        "lastSeen": 0.222,
        "occurrences": 1,
        "heldMs": 0
      },
      {
        "code": "canvas_overflow",
        "severity": "info",
        "time": 0.222,
        "selector": "#snapcn-roster-grant-source-root > div:nth-of-type(1) > div:nth-of-type(2) > div:nth-of-type(1) > div:nth-of-type(3) > div:nth-of-type(1) > div:nth-of-type(3)",
        "message": "Text extends outside the composition canvas.",
        "rect": {
          "left": 1285.65,
          "top": 368.55,
          "right": 1444.28,
          "bottom": 401.37,
          "width": 158.63,
          "height": 32.82
        },
        "containerSelector": "#root",
        "text": "Composition",
        "fixHint": "Move the text inward, reduce its size, or mark intentional off-canvas animation with data-layout-allow-overflow.",
        "containerRect": {
          "left": 0,
          "top": 0,
          "right": 1280,
          "bottom": 720,
          "width": 1280,
          "height": 720
        },
        "overflow": {
          "right": 164.28
        },
        "dataAttributes": {},
        "sourceFile": "compositions/snapcn-roster-grant.html",
        "bbox": {
          "x": 1285.65,
          "y": 368.55,
          "width": 158.63,
          "height": 32.82
        },
        "firstSeen": 0.222,
        "lastSeen": 0.222,
        "occurrences": 1,
        "heldMs": 0
      },
      {
        "code": "canvas_overflow",
        "severity": "info",
        "time": 0.222,
        "selector": "#snapcn-roster-grant-source-root > div:nth-of-type(1) > div:nth-of-type(2) > div:nth-of-type(1) > div:nth-of-type(3) > div:nth-of-type(2) > div:nth-of-type(1)",
        "message": "Text extends outside the composition canvas.",
        "rect": {
          "left": 1818.59,
          "top": 331.01,
          "right": 1885.07,
          "bottom": 390.5,
          "width": 66.48,
          "height": 59.49
        },
        "containerSelector": "#root",
        "text": "AS",
        "fixHint": "Move the text inward, reduce its size, or mark intentional off-canvas animation with data-layout-allow-overflow.",
        "containerRect": {
          "left": 0,
          "top": 0,
          "right": 1280,
          "bottom": 720,
          "width": 1280,
          "height": 720
        },
        "overflow": {
          "right": 605.07
        },
        "dataAttributes": {},
        "sourceFile": "compositions/snapcn-roster-grant.html",
        "bbox": {
          "x": 1818.59,
          "y": 331.01,
          "width": 66.48,
          "height": 59.49
        },
        "firstSeen": 0.222,
        "lastSeen": 0.222,
        "occurrences": 1,
        "heldMs": 0
      },
      {
        "code": "canvas_overflow",
        "severity": "info",
        "time": 0.222,
        "selector": "#snapcn-roster-grant-source-root > div:nth-of-type(1) > div:nth-of-type(2) > div:nth-of-type(1) > div:nth-of-type(3) > div:nth-of-type(2) > div:nth-of-type(2)",
        "message": "Text extends outside the composition canvas.",
        "rect": {
          "left": 1925.68,
          "top": 313.96,
          "right": 2165.21,
          "bottom": 363.2,
          "width": 239.53,
          "height": 49.24
        },
        "containerSelector": "#root",
        "text": "Agent Steps",
        "fixHint": "Move the text inward, reduce its size, or mark intentional off-canvas animation with data-layout-allow-overflow.",
        "containerRect": {
          "left": 0,
          "top": 0,
          "right": 1280,
          "bottom": 720,
          "width": 1280,
          "height": 720
        },
        "overflow": {
          "right": 885.21
        },
        "dataAttributes": {},
        "sourceFile": "compositions/snapcn-roster-grant.html",
        "bbox": {
          "x": 1925.68,
          "y": 313.96,
          "width": 239.53,
          "height": 49.24
        },
        "firstSeen": 0.222,
        "lastSeen": 0.222,
        "occurrences": 1,
        "heldMs": 0
      },
      {
        "code": "canvas_overflow",
        "severity": "info",
        "time": 0.222,
        "selector": "#snapcn-roster-grant-source-root > div:nth-of-type(1) > div:nth-of-type(2) > div:nth-of-type(1) > div:nth-of-type(3) > div:nth-of-type(2) > div:nth-of-type(3)",
        "message": "Text extends outside the composition canvas.",
        "rect": {
          "left": 1925.68,
          "top": 368.55,
          "right": 2084.31,
          "bottom": 401.37,
          "width": 158.63,
          "height": 32.82
        },
        "containerSelector": "#root",
        "text": "Composition",
        "fixHint": "Move the text inward, reduce its size, or mark intentional off-canvas animation with data-layout-allow-overflow.",
        "containerRect": {
          "left": 0,
          "top": 0,
          "right": 1280,
          "bottom": 720,
          "width": 1280,
          "height": 720
        },
        "overflow": {
          "right": 804.31
        },
        "dataAttributes": {},
        "sourceFile": "compositions/snapcn-roster-grant.html",
        "bbox": {
          "x": 1925.68,
          "y": 368.55,
          "width": 158.63,
          "height": 32.82
        },
        "firstSeen": 0.222,
        "lastSeen": 0.222,
        "occurrences": 1,
        "heldMs": 0
      },
      {
        "code": "canvas_overflow",
        "severity": "info",
        "time": 0.222,
        "selector": "#snapcn-roster-grant-source-root > div:nth-of-type(1) > div:nth-of-type(2) > div:nth-of-type(1) > div:nth-of-type(4) > div:nth-of-type(1) > div:nth-of-type(1)",
        "message": "Text extends outside the composition canvas.",
        "rect": {
          "left": -1023.72,
          "top": 555.64,
          "right": -954.9,
          "bottom": 615.13,
          "width": 68.82,
          "height": 59.49
        },
        "containerSelector": "#root",
        "text": "TH",
        "fixHint": "Move the text inward, reduce its size, or mark intentional off-canvas animation with data-layout-allow-overflow.",
        "containerRect": {
          "left": 0,
          "top": 0,
          "right": 1280,
          "bottom": 720,
          "width": 1280,
          "height": 720
        },
        "overflow": {
          "left": 1023.72
        },
        "dataAttributes": {},
        "sourceFile": "compositions/snapcn-roster-grant.html",
        "bbox": {
          "x": -1023.72,
          "y": 555.64,
          "width": 68.82,
          "height": 59.49
        },
        "firstSeen": 0.222,
        "lastSeen": 0.222,
        "occurrences": 1,
        "heldMs": 0
      },
      {
        "code": "canvas_overflow",
        "severity": "info",
        "time": 0.222,
        "selector": "#snapcn-roster-grant-source-root > div:nth-of-type(1) > div:nth-of-type(2) > div:nth-of-type(1) > div:nth-of-type(4) > div:nth-of-type(1) > div:nth-of-type(2)",
        "message": "Text extends outside the composition canvas.",
        "rect": {
          "left": -915.44,
          "top": 538.59,
          "right": -644.41,
          "bottom": 587.82,
          "width": 271.03,
          "height": 49.23
        },
        "containerSelector": "#root",
        "text": "Text Highlight",
        "fixHint": "Move the text inward, reduce its size, or mark intentional off-canvas animation with data-layout-allow-overflow.",
        "containerRect": {
          "left": 0,
          "top": 0,
          "right": 1280,
          "bottom": 720,
          "width": 1280,
          "height": 720
        },
        "overflow": {
          "left": 915.44
        },
        "dataAttributes": {},
        "sourceFile": "compositions/snapcn-roster-grant.html",
        "bbox": {
          "x": -915.44,
          "y": 538.59,
          "width": 271.03,
          "height": 49.23
        },
        "firstSeen": 0.222,
        "lastSeen": 0.222,
        "occurrences": 1,
        "heldMs": 0
      },
      {
        "code": "canvas_overflow",
        "severity": "info",
        "time": 0.222,
        "selector": "#snapcn-roster-grant-source-root > div:nth-of-type(1) > div:nth-of-type(2) > div:nth-of-type(1) > div:nth-of-type(4) > div:nth-of-type(1) > div:nth-of-type(3)",
        "message": "Text extends outside the composition canvas.",
        "rect": {
          "left": -915.44,
          "top": 593.17,
          "right": -789.54,
          "bottom": 626,
          "width": 125.9,
          "height": 32.83
        },
        "containerSelector": "#root",
        "text": "Animation",
        "fixHint": "Move the text inward, reduce its size, or mark intentional off-canvas animation with data-layout-allow-overflow.",
        "containerRect": {
          "left": 0,
          "top": 0,
          "right": 1280,
          "bottom": 720,
          "width": 1280,
          "height": 720
        },
        "overflow": {
          "left": 915.44
        },
        "dataAttributes": {},
        "sourceFile": "compositions/snapcn-roster-grant.html",
        "bbox": {
          "x": -915.44,
          "y": 593.17,
          "width": 125.9,
          "height": 32.83
        },
        "firstSeen": 0.222,
        "lastSeen": 0.222,
        "occurrences": 1,
        "heldMs": 0
      },
      {
        "code": "canvas_overflow",
        "severity": "info",
        "time": 0.222,
        "selector": "#snapcn-roster-grant-source-root > div:nth-of-type(1) > div:nth-of-type(2) > div:nth-of-type(1) > div:nth-of-type(4) > div:nth-of-type(2) > div:nth-of-type(1)",
        "message": "Text extends outside the composition canvas.",
        "rect": {
          "left": -386.54,
          "top": 555.64,
          "right": -311.99,
          "bottom": 615.13,
          "width": 74.55,
          "height": 59.49
        },
        "containerSelector": "#root",
        "text": "OG",
        "fixHint": "Move the text inward, reduce its size, or mark intentional off-canvas animation with data-layout-allow-overflow.",
        "containerRect": {
          "left": 0,
          "top": 0,
          "right": 1280,
          "bottom": 720,
          "width": 1280,
          "height": 720
        },
        "overflow": {
          "left": 386.54
        },
        "dataAttributes": {},
        "sourceFile": "compositions/snapcn-roster-grant.html",
        "bbox": {
          "x": -386.54,
          "y": 555.64,
          "width": 74.55,
          "height": 59.49
        },
        "firstSeen": 0.222,
        "lastSeen": 0.222,
        "occurrences": 1,
        "heldMs": 0
      },
      {
        "code": "canvas_overflow",
        "severity": "info",
        "time": 0.222,
        "selector": "#snapcn-roster-grant-source-root > div:nth-of-type(1) > div:nth-of-type(2) > div:nth-of-type(1) > div:nth-of-type(4) > div:nth-of-type(2) > div:nth-of-type(2)",
        "message": "Text extends outside the composition canvas.",
        "rect": {
          "left": -275.41,
          "top": 538.59,
          "right": -28,
          "bottom": 587.82,
          "width": 247.41,
          "height": 49.23
        },
        "containerSelector": "#root",
        "text": "Orbit Gallery",
        "fixHint": "Move the text inward, reduce its size, or mark intentional off-canvas animation with data-layout-allow-overflow.",
        "containerRect": {
          "left": 0,
          "top": 0,
          "right": 1280,
          "bottom": 720,
          "width": 1280,
          "height": 720
        },
        "overflow": {
          "left": 275.41
        },
        "dataAttributes": {},
        "sourceFile": "compositions/snapcn-roster-grant.html",
        "bbox": {
          "x": -275.41,
          "y": 538.59,
          "width": 247.41,
          "height": 49.23
        },
        "firstSeen": 0.222,
        "lastSeen": 0.222,
        "occurrences": 1,
        "heldMs": 0
      },
      {
        "code": "canvas_overflow",
        "severity": "info",
        "time": 0.222,
        "selector": "#snapcn-roster-grant-source-root > div:nth-of-type(1) > div:nth-of-type(2) > div:nth-of-type(1) > div:nth-of-type(4) > div:nth-of-type(2) > div:nth-of-type(3)",
        "message": "Text extends outside the composition canvas.",
        "rect": {
          "left": -275.41,
          "top": 593.17,
          "right": -116.78,
          "bottom": 626,
          "width": 158.63,
          "height": 32.83
        },
        "containerSelector": "#root",
        "text": "Composition",
        "fixHint": "Move the text inward, reduce its size, or mark intentional off-canvas animation with data-layout-allow-overflow.",
        "containerRect": {
          "left": 0,
          "top": 0,
          "right": 1280,
          "bottom": 720,
          "width": 1280,
          "height": 720
        },
        "overflow": {
          "left": 275.41
        },
        "dataAttributes": {},
        "sourceFile": "compositions/snapcn-roster-grant.html",
        "bbox": {
          "x": -275.41,
          "y": 593.17,
          "width": 158.63,
          "height": 32.83
        },
        "firstSeen": 0.222,
        "lastSeen": 0.222,
        "occurrences": 1,
        "heldMs": 0
      },
      {
        "code": "canvas_overflow",
        "severity": "info",
        "time": 0.222,
        "selector": "#snapcn-roster-grant-source-root > div:nth-of-type(1) > div:nth-of-type(2) > div:nth-of-type(1) > div:nth-of-type(4) > div:nth-of-type(4) > div:nth-of-type(2)",
        "message": "Text extends outside the composition canvas.",
        "rect": {
          "left": 1004.62,
          "top": 538.59,
          "right": 1286.94,
          "bottom": 587.82,
          "width": 282.32,
          "height": 49.23
        },
        "containerSelector": "#root",
        "text": "Search Typing",
        "fixHint": "Move the text inward, reduce its size, or mark intentional off-canvas animation with data-layout-allow-overflow.",
        "containerRect": {
          "left": 0,
          "top": 0,
          "right": 1280,
          "bottom": 720,
          "width": 1280,
          "height": 720
        },
        "overflow": {
          "right": 6.94
        },
        "dataAttributes": {},
        "sourceFile": "compositions/snapcn-roster-grant.html",
        "bbox": {
          "x": 1004.62,
          "y": 538.59,
          "width": 282.32,
          "height": 49.23
        },
        "firstSeen": 0.222,
        "lastSeen": 0.222,
        "occurrences": 1,
        "heldMs": 0
      },
      {
        "code": "canvas_overflow",
        "severity": "info",
        "time": 0.222,
        "selector": "#snapcn-roster-grant-source-root > div:nth-of-type(1) > div:nth-of-type(2) > div:nth-of-type(1) > div:nth-of-type(4) > div:nth-of-type(5) > div:nth-of-type(1)",
        "message": "Text extends outside the composition canvas.",
        "rect": {
          "left": 1536.37,
          "top": 555.64,
          "right": 1605.19,
          "bottom": 615.13,
          "width": 68.82,
          "height": 59.49
        },
        "containerSelector": "#root",
        "text": "TH",
        "fixHint": "Move the text inward, reduce its size, or mark intentional off-canvas animation with data-layout-allow-overflow.",
        "containerRect": {
          "left": 0,
          "top": 0,
          "right": 1280,
          "bottom": 720,
          "width": 1280,
          "height": 720
        },
        "overflow": {
          "right": 325.19
        },
        "dataAttributes": {},
        "sourceFile": "compositions/snapcn-roster-grant.html",
        "bbox": {
          "x": 1536.37,
          "y": 555.64,
          "width": 68.82,
          "height": 59.49
        },
        "firstSeen": 0.222,
        "lastSeen": 0.222,
        "occurrences": 1,
        "heldMs": 0
      },
      {
        "code": "canvas_overflow",
        "severity": "info",
        "time": 0.222,
        "selector": "#snapcn-roster-grant-source-root > div:nth-of-type(1) > div:nth-of-type(2) > div:nth-of-type(1) > div:nth-of-type(4) > div:nth-of-type(5) > div:nth-of-type(2)",
        "message": "Text extends outside the composition canvas.",
        "rect": {
          "left": 1644.65,
          "top": 538.59,
          "right": 1915.69,
          "bottom": 587.82,
          "width": 271.04,
          "height": 49.23
        },
        "containerSelector": "#root",
        "text": "Text Highlight",
        "fixHint": "Move the text inward, reduce its size, or mark intentional off-canvas animation with data-layout-allow-overflow.",
        "containerRect": {
          "left": 0,
          "top": 0,
          "right": 1280,
          "bottom": 720,
          "width": 1280,
          "height": 720
        },
        "overflow": {
          "right": 635.69
        },
        "dataAttributes": {},
        "sourceFile": "compositions/snapcn-roster-grant.html",
        "bbox": {
          "x": 1644.65,
          "y": 538.59,
          "width": 271.04,
          "height": 49.23
        },
        "firstSeen": 0.222,
        "lastSeen": 0.222,
        "occurrences": 1,
        "heldMs": 0
      },
      {
        "code": "canvas_overflow",
        "severity": "info",
        "time": 0.222,
        "selector": "#snapcn-roster-grant-source-root > div:nth-of-type(1) > div:nth-of-type(2) > div:nth-of-type(1) > div:nth-of-type(4) > div:nth-of-type(5) > div:nth-of-type(3)",
        "message": "Text extends outside the composition canvas.",
        "rect": {
          "left": 1644.65,
          "top": 593.17,
          "right": 1770.55,
          "bottom": 626,
          "width": 125.9,
          "height": 32.83
        },
        "containerSelector": "#root",
        "text": "Animation",
        "fixHint": "Move the text inward, reduce its size, or mark intentional off-canvas animation with data-layout-allow-overflow.",
        "containerRect": {
          "left": 0,
          "top": 0,
          "right": 1280,
          "bottom": 720,
          "width": 1280,
          "height": 720
        },
        "overflow": {
          "right": 490.55
        },
        "dataAttributes": {},
        "sourceFile": "compositions/snapcn-roster-grant.html",
        "bbox": {
          "x": 1644.65,
          "y": 593.17,
          "width": 125.9,
          "height": 32.83
        },
        "firstSeen": 0.222,
        "lastSeen": 0.222,
        "occurrences": 1,
        "heldMs": 0
      },
      {
        "code": "panel_out_of_canvas",
        "severity": "info",
        "time": 0.222,
        "selector": "#snapcn-roster-grant-source-root > div:nth-of-type(1) > div:nth-of-type(2) > div:nth-of-type(1) > div:nth-of-type(2) > div:nth-of-type(2)",
        "message": "Painted panel extends outside the composition canvas.",
        "rect": {
          "left": -365.1,
          "top": 283.83,
          "right": 221.6,
          "bottom": 439.74,
          "width": 586.69,
          "height": 155.9
        },
        "containerSelector": "#root",
        "text": "TS Text Swell Animation",
        "fixHint": "Move the panel inward, or mark intentional off-canvas animation with data-layout-allow-overflow.",
        "containerRect": {
          "left": 0,
          "top": 0,
          "right": 1280,
          "bottom": 720,
          "width": 1280,
          "height": 720
        },
        "overflow": {
          "left": 365.1
        },
        "dataAttributes": {},
        "sourceFile": "compositions/snapcn-roster-grant.html",
        "bbox": {
          "x": -365.1,
          "y": 283.83,
          "width": 586.69,
          "height": 155.9
        },
        "firstSeen": 0.222,
        "lastSeen": 0.222,
        "occurrences": 1,
        "heldMs": 0
      },
      {
        "code": "panel_out_of_canvas",
        "severity": "info",
        "time": 0.222,
        "selector": "#snapcn-roster-grant-source-root > div:nth-of-type(1) > div:nth-of-type(2) > div:nth-of-type(1) > div:nth-of-type(3) > div:nth-of-type(1)",
        "message": "Painted panel extends outside the composition canvas.",
        "rect": {
          "left": 1126.67,
          "top": 283.83,
          "right": 1713.37,
          "bottom": 439.74,
          "width": 586.69,
          "height": 155.9
        },
        "containerSelector": "#root",
        "text": "CG Count Grid Composition",
        "fixHint": "Move the panel inward, or mark intentional off-canvas animation with data-layout-allow-overflow.",
        "containerRect": {
          "left": 0,
          "top": 0,
          "right": 1280,
          "bottom": 720,
          "width": 1280,
          "height": 720
        },
        "overflow": {
          "right": 433.37
        },
        "dataAttributes": {},
        "sourceFile": "compositions/snapcn-roster-grant.html",
        "bbox": {
          "x": 1126.67,
          "y": 283.83,
          "width": 586.69,
          "height": 155.9
        },
        "firstSeen": 0.222,
        "lastSeen": 0.222,
        "occurrences": 1,
        "heldMs": 0
      },
      {
        "code": "panel_out_of_canvas",
        "severity": "info",
        "time": 0.222,
        "selector": "#snapcn-roster-grant-source-root > div:nth-of-type(1) > div:nth-of-type(2) > div:nth-of-type(1) > div:nth-of-type(4) > div:nth-of-type(4)",
        "message": "Painted panel extends outside the composition canvas.",
        "rect": {
          "left": 845.63,
          "top": 508.46,
          "right": 1432.33,
          "bottom": 664.36,
          "width": 586.69,
          "height": 155.9
        },
        "containerSelector": "#root",
        "text": "ST Search Typing Composition",
        "fixHint": "Move the panel inward, or mark intentional off-canvas animation with data-layout-allow-overflow.",
        "containerRect": {
          "left": 0,
          "top": 0,
          "right": 1280,
          "bottom": 720,
          "width": 1280,
          "height": 720
        },
        "overflow": {
          "right": 152.33
        },
        "dataAttributes": {},
        "sourceFile": "compositions/snapcn-roster-grant.html",
        "bbox": {
          "x": 845.63,
          "y": 508.46,
          "width": 586.69,
          "height": 155.9
        },
        "firstSeen": 0.222,
        "lastSeen": 0.222,
        "occurrences": 1,
        "heldMs": 0
      },
      {
        "code": "canvas_overflow",
        "severity": "info",
        "time": 0.667,
        "selector": "#snapcn-roster-grant-source-root > div:nth-of-type(1) > div:nth-of-type(2) > div:nth-of-type(1) > div:nth-of-type(1) > div:nth-of-type(1) > div:nth-of-type(1)",
        "message": "Text extends outside the composition canvas.",
        "rect": {
          "left": -646.84,
          "top": 120.97,
          "right": -572.91,
          "bottom": 177.07,
          "width": 73.93,
          "height": 56.1
        },
        "containerSelector": "#root",
        "text": "WF",
        "fixHint": "Move the text inward, reduce its size, or mark intentional off-canvas animation with data-layout-allow-overflow.",
        "containerRect": {
          "left": 0,
          "top": 0,
          "right": 1280,
          "bottom": 720,
          "width": 1280,
          "height": 720
        },
        "overflow": {
          "left": 646.84
        },
        "dataAttributes": {},
        "sourceFile": "compositions/snapcn-roster-grant.html",
        "bbox": {
          "x": -646.84,
          "y": 120.97,
          "width": 73.93,
          "height": 56.1
        },
        "firstSeen": 0.667,
        "lastSeen": 0.667,
        "occurrences": 1,
        "heldMs": 0
      },
      {
        "code": "canvas_overflow",
        "severity": "info",
        "time": 0.667,
        "selector": "#snapcn-roster-grant-source-root > div:nth-of-type(1) > div:nth-of-type(2) > div:nth-of-type(1) > div:nth-of-type(1) > div:nth-of-type(1) > div:nth-of-type(2)",
        "message": "Text extends outside the composition canvas.",
        "rect": {
          "left": -540.24,
          "top": 104.9,
          "right": -365.38,
          "bottom": 151.32,
          "width": 174.86,
          "height": 46.42
        },
        "containerSelector": "#root",
        "text": "Word Flip",
        "fixHint": "Move the text inward, reduce its size, or mark intentional off-canvas animation with data-layout-allow-overflow.",
        "containerRect": {
          "left": 0,
          "top": 0,
          "right": 1280,
          "bottom": 720,
          "width": 1280,
          "height": 720
        },
        "overflow": {
          "left": 540.24
        },
        "dataAttributes": {},
        "sourceFile": "compositions/snapcn-roster-grant.html",
        "bbox": {
          "x": -540.24,
          "y": 104.9,
          "width": 174.86,
          "height": 46.42
        },
        "firstSeen": 0.667,
        "lastSeen": 0.667,
        "occurrences": 1,
        "heldMs": 0
      },
      {
        "code": "canvas_overflow",
        "severity": "info",
        "time": 0.667,
        "selector": "#snapcn-roster-grant-source-root > div:nth-of-type(1) > div:nth-of-type(2) > div:nth-of-type(1) > div:nth-of-type(1) > div:nth-of-type(1) > div:nth-of-type(3)",
        "message": "Text extends outside the composition canvas.",
        "rect": {
          "left": -540.24,
          "top": 156.36,
          "right": -421.53,
          "bottom": 187.31,
          "width": 118.71,
          "height": 30.95
        },
        "containerSelector": "#root",
        "text": "Animation",
        "fixHint": "Move the text inward, reduce its size, or mark intentional off-canvas animation with data-layout-allow-overflow.",
        "containerRect": {
          "left": 0,
          "top": 0,
          "right": 1280,
          "bottom": 720,
          "width": 1280,
          "height": 720
        },
        "overflow": {
          "left": 540.24
        },
        "dataAttributes": {},
        "sourceFile": "compositions/snapcn-roster-grant.html",
        "bbox": {
          "x": -540.24,
          "y": 156.36,
          "width": 118.71,
          "height": 30.95
        },
        "firstSeen": 0.667,
        "lastSeen": 0.667,
        "occurrences": 1,
        "heldMs": 0
      },
      {
        "code": "canvas_overflow",
        "severity": "info",
        "time": 0.667,
        "selector": "#snapcn-roster-grant-source-root > div:nth-of-type(1) > div:nth-of-type(2) > div:nth-of-type(1) > div:nth-of-type(1) > div:nth-of-type(2) > div:nth-of-type(1)",
        "message": "Text extends outside the composition canvas.",
        "rect": {
          "left": -36.59,
          "top": 120.97,
          "right": 23.79,
          "bottom": 177.07,
          "width": 60.38,
          "height": 56.1
        },
        "containerSelector": "#root",
        "text": "TR",
        "fixHint": "Move the text inward, reduce its size, or mark intentional off-canvas animation with data-layout-allow-overflow.",
        "containerRect": {
          "left": 0,
          "top": 0,
          "right": 1280,
          "bottom": 720,
          "width": 1280,
          "height": 720
        },
        "overflow": {
          "left": 36.59
        },
        "dataAttributes": {},
        "sourceFile": "compositions/snapcn-roster-grant.html",
        "bbox": {
          "x": -36.59,
          "y": 120.97,
          "width": 60.38,
          "height": 56.1
        },
        "firstSeen": 0.667,
        "lastSeen": 0.667,
        "occurrences": 1,
        "heldMs": 0
      },
      {
        "code": "canvas_overflow",
        "severity": "info",
        "time": 0.667,
        "selector": "#snapcn-roster-grant-source-root > div:nth-of-type(1) > div:nth-of-type(2) > div:nth-of-type(1) > div:nth-of-type(1) > div:nth-of-type(4) > div:nth-of-type(2)",
        "message": "Text extends outside the composition canvas.",
        "rect": {
          "left": 1270.19,
          "top": 104.9,
          "right": 1452.49,
          "bottom": 151.32,
          "width": 182.3,
          "height": 46.42
        },
        "containerSelector": "#root",
        "text": "Logo Drift",
        "fixHint": "Move the text inward, reduce its size, or mark intentional off-canvas animation with data-layout-allow-overflow.",
        "containerRect": {
          "left": 0,
          "top": 0,
          "right": 1280,
          "bottom": 720,
          "width": 1280,
          "height": 720
        },
        "overflow": {
          "right": 172.49
        },
        "dataAttributes": {},
        "sourceFile": "compositions/snapcn-roster-grant.html",
        "bbox": {
          "x": 1270.19,
          "y": 104.9,
          "width": 182.3,
          "height": 46.42
        },
        "firstSeen": 0.667,
        "lastSeen": 0.667,
        "occurrences": 1,
        "heldMs": 0
      },
      {
        "code": "canvas_overflow",
        "severity": "info",
        "time": 0.667,
        "selector": "#snapcn-roster-grant-source-root > div:nth-of-type(1) > div:nth-of-type(2) > div:nth-of-type(1) > div:nth-of-type(1) > div:nth-of-type(4) > div:nth-of-type(3)",
        "message": "Text extends outside the composition canvas.",
        "rect": {
          "left": 1270.19,
          "top": 156.36,
          "right": 1413.05,
          "bottom": 187.31,
          "width": 142.86,
          "height": 30.95
        },
        "containerSelector": "#root",
        "text": "Background",
        "fixHint": "Move the text inward, reduce its size, or mark intentional off-canvas animation with data-layout-allow-overflow.",
        "containerRect": {
          "left": 0,
          "top": 0,
          "right": 1280,
          "bottom": 720,
          "width": 1280,
          "height": 720
        },
        "overflow": {
          "right": 133.05
        },
        "dataAttributes": {},
        "sourceFile": "compositions/snapcn-roster-grant.html",
        "bbox": {
          "x": 1270.19,
          "y": 156.36,
          "width": 142.86,
          "height": 30.95
        },
        "firstSeen": 0.667,
        "lastSeen": 0.667,
        "occurrences": 1,
        "heldMs": 0
      },
      {
        "code": "canvas_overflow",
        "severity": "info",
        "time": 0.667,
        "selector": "#snapcn-roster-grant-source-root > div:nth-of-type(1) > div:nth-of-type(2) > div:nth-of-type(1) > div:nth-of-type(1) > div:nth-of-type(5) > div:nth-of-type(1)",
        "message": "Text extends outside the composition canvas.",
        "rect": {
          "left": 1767.08,
          "top": 120.97,
          "right": 1841,
          "bottom": 177.07,
          "width": 73.92,
          "height": 56.1
        },
        "containerSelector": "#root",
        "text": "WF",
        "fixHint": "Move the text inward, reduce its size, or mark intentional off-canvas animation with data-layout-allow-overflow.",
        "containerRect": {
          "left": 0,
          "top": 0,
          "right": 1280,
          "bottom": 720,
          "width": 1280,
          "height": 720
        },
        "overflow": {
          "right": 561
        },
        "dataAttributes": {},
        "sourceFile": "compositions/snapcn-roster-grant.html",
        "bbox": {
          "x": 1767.08,
          "y": 120.97,
          "width": 73.92,
          "height": 56.1
        },
        "firstSeen": 0.667,
        "lastSeen": 0.667,
        "occurrences": 1,
        "heldMs": 0
      },
      {
        "code": "canvas_overflow",
        "severity": "info",
        "time": 0.667,
        "selector": "#snapcn-roster-grant-source-root > div:nth-of-type(1) > div:nth-of-type(2) > div:nth-of-type(1) > div:nth-of-type(1) > div:nth-of-type(5) > div:nth-of-type(2)",
        "message": "Text extends outside the composition canvas.",
        "rect": {
          "left": 1873.67,
          "top": 104.9,
          "right": 2048.54,
          "bottom": 151.32,
          "width": 174.87,
          "height": 46.42
        },
        "containerSelector": "#root",
        "text": "Word Flip",
        "fixHint": "Move the text inward, reduce its size, or mark intentional off-canvas animation with data-layout-allow-overflow.",
        "containerRect": {
          "left": 0,
          "top": 0,
          "right": 1280,
          "bottom": 720,
          "width": 1280,
          "height": 720
        },
        "overflow": {
          "right": 768.54
        },
        "dataAttributes": {},
        "sourceFile": "compositions/snapcn-roster-grant.html",
        "bbox": {
          "x": 1873.67,
          "y": 104.9,
          "width": 174.87,
          "height": 46.42
        },
        "firstSeen": 0.667,
        "lastSeen": 0.667,
        "occurrences": 1,
        "heldMs": 0
      },
      {
        "code": "canvas_overflow",
        "severity": "info",
        "time": 0.667,
        "selector": "#snapcn-roster-grant-source-root > div:nth-of-type(1) > div:nth-of-type(2) > div:nth-of-type(1) > div:nth-of-type(1) > div:nth-of-type(5) > div:nth-of-type(3)",
        "message": "Text extends outside the composition canvas.",
        "rect": {
          "left": 1873.67,
          "top": 156.36,
          "right": 1992.38,
          "bottom": 187.31,
          "width": 118.71,
          "height": 30.95
        },
        "containerSelector": "#root",
        "text": "Animation",
        "fixHint": "Move the text inward, reduce its size, or mark intentional off-canvas animation with data-layout-allow-overflow.",
        "containerRect": {
          "left": 0,
          "top": 0,
          "right": 1280,
          "bottom": 720,
          "width": 1280,
          "height": 720
        },
        "overflow": {
          "right": 712.38
        },
        "dataAttributes": {},
        "sourceFile": "compositions/snapcn-roster-grant.html",
        "bbox": {
          "x": 1873.67,
          "y": 156.36,
          "width": 118.71,
          "height": 30.95
        },
        "firstSeen": 0.667,
        "lastSeen": 0.667,
        "occurrences": 1,
        "heldMs": 0
      },
      {
        "code": "canvas_overflow",
        "severity": "info",
        "time": 0.667,
        "selector": "#snapcn-roster-grant-source-root > div:nth-of-type(1) > div:nth-of-type(2) > div:nth-of-type(1) > div:nth-of-type(2) > div:nth-of-type(1) > div:nth-of-type(1)",
        "message": "Text extends outside the composition canvas.",
        "rect": {
          "left": -829.23,
          "top": 332.77,
          "right": -756.54,
          "bottom": 388.86,
          "width": 72.69,
          "height": 56.09
        },
        "containerSelector": "#root",
        "text": "TM",
        "fixHint": "Move the text inward, reduce its size, or mark intentional off-canvas animation with data-layout-allow-overflow.",
        "containerRect": {
          "left": 0,
          "top": 0,
          "right": 1280,
          "bottom": 720,
          "width": 1280,
          "height": 720
        },
        "overflow": {
          "left": 829.23
        },
        "dataAttributes": {},
        "sourceFile": "compositions/snapcn-roster-grant.html",
        "bbox": {
          "x": -829.23,
          "y": 332.77,
          "width": 72.69,
          "height": 56.09
        },
        "firstSeen": 0.667,
        "lastSeen": 0.667,
        "occurrences": 1,
        "heldMs": 0
      },
      {
        "code": "canvas_overflow",
        "severity": "info",
        "time": 0.667,
        "selector": "#snapcn-roster-grant-source-root > div:nth-of-type(1) > div:nth-of-type(2) > div:nth-of-type(1) > div:nth-of-type(2) > div:nth-of-type(1) > div:nth-of-type(2)",
        "message": "Text extends outside the composition canvas.",
        "rect": {
          "left": -723.24,
          "top": 316.69,
          "right": -499.86,
          "bottom": 363.11,
          "width": 223.38,
          "height": 46.42
        },
        "containerSelector": "#root",
        "text": "Type Morph",
        "fixHint": "Move the text inward, reduce its size, or mark intentional off-canvas animation with data-layout-allow-overflow.",
        "containerRect": {
          "left": 0,
          "top": 0,
          "right": 1280,
          "bottom": 720,
          "width": 1280,
          "height": 720
        },
        "overflow": {
          "left": 723.24
        },
        "dataAttributes": {},
        "sourceFile": "compositions/snapcn-roster-grant.html",
        "bbox": {
          "x": -723.24,
          "y": 316.69,
          "width": 223.38,
          "height": 46.42
        },
        "firstSeen": 0.667,
        "lastSeen": 0.667,
        "occurrences": 1,
        "heldMs": 0
      },
      {
        "code": "canvas_overflow",
        "severity": "info",
        "time": 0.667,
        "selector": "#snapcn-roster-grant-source-root > div:nth-of-type(1) > div:nth-of-type(2) > div:nth-of-type(1) > div:nth-of-type(2) > div:nth-of-type(1) > div:nth-of-type(3)",
        "message": "Text extends outside the composition canvas.",
        "rect": {
          "left": -723.24,
          "top": 368.16,
          "right": -604.52,
          "bottom": 399.11,
          "width": 118.72,
          "height": 30.95
        },
        "containerSelector": "#root",
        "text": "Animation",
        "fixHint": "Move the text inward, reduce its size, or mark intentional off-canvas animation with data-layout-allow-overflow.",
        "containerRect": {
          "left": 0,
          "top": 0,
          "right": 1280,
          "bottom": 720,
          "width": 1280,
          "height": 720
        },
        "overflow": {
          "left": 723.24
        },
        "dataAttributes": {},
        "sourceFile": "compositions/snapcn-roster-grant.html",
        "bbox": {
          "x": -723.24,
          "y": 368.16,
          "width": 118.72,
          "height": 30.95
        },
        "firstSeen": 0.667,
        "lastSeen": 0.667,
        "occurrences": 1,
        "heldMs": 0
      },
      {
        "code": "canvas_overflow",
        "severity": "info",
        "time": 0.667,
        "selector": "#snapcn-roster-grant-source-root > div:nth-of-type(1) > div:nth-of-type(2) > div:nth-of-type(1) > div:nth-of-type(2) > div:nth-of-type(2) > div:nth-of-type(1)",
        "message": "Text extends outside the composition canvas.",
        "rect": {
          "left": -219.52,
          "top": 332.77,
          "right": -159.29,
          "bottom": 388.86,
          "width": 60.23,
          "height": 56.09
        },
        "containerSelector": "#root",
        "text": "TS",
        "fixHint": "Move the text inward, reduce its size, or mark intentional off-canvas animation with data-layout-allow-overflow.",
        "containerRect": {
          "left": 0,
          "top": 0,
          "right": 1280,
          "bottom": 720,
          "width": 1280,
          "height": 720
        },
        "overflow": {
          "left": 219.52
        },
        "dataAttributes": {},
        "sourceFile": "compositions/snapcn-roster-grant.html",
        "bbox": {
          "x": -219.52,
          "y": 332.77,
          "width": 60.23,
          "height": 56.09
        },
        "firstSeen": 0.667,
        "lastSeen": 0.667,
        "occurrences": 1,
        "heldMs": 0
      },
      {
        "code": "canvas_overflow",
        "severity": "info",
        "time": 0.667,
        "selector": "#snapcn-roster-grant-source-root > div:nth-of-type(1) > div:nth-of-type(2) > div:nth-of-type(1) > div:nth-of-type(2) > div:nth-of-type(2) > div:nth-of-type(2)",
        "message": "Text extends outside the composition canvas.",
        "rect": {
          "left": -119.76,
          "top": 316.69,
          "right": 68.74,
          "bottom": 363.11,
          "width": 188.5,
          "height": 46.42
        },
        "containerSelector": "#root",
        "text": "Text Swell",
        "fixHint": "Move the text inward, reduce its size, or mark intentional off-canvas animation with data-layout-allow-overflow.",
        "containerRect": {
          "left": 0,
          "top": 0,
          "right": 1280,
          "bottom": 720,
          "width": 1280,
          "height": 720
        },
        "overflow": {
          "left": 119.76
        },
        "dataAttributes": {},
        "sourceFile": "compositions/snapcn-roster-grant.html",
        "bbox": {
          "x": -119.76,
          "y": 316.69,
          "width": 188.5,
          "height": 46.42
        },
        "firstSeen": 0.667,
        "lastSeen": 0.667,
        "occurrences": 1,
        "heldMs": 0
      },
      {
        "code": "canvas_overflow",
        "severity": "info",
        "time": 0.667,
        "selector": "#snapcn-roster-grant-source-root > div:nth-of-type(1) > div:nth-of-type(2) > div:nth-of-type(1) > div:nth-of-type(2) > div:nth-of-type(2) > div:nth-of-type(3)",
        "message": "Text extends outside the composition canvas.",
        "rect": {
          "left": -119.76,
          "top": 368.16,
          "right": -1.05,
          "bottom": 399.11,
          "width": 118.71,
          "height": 30.95
        },
        "containerSelector": "#root",
        "text": "Animation",
        "fixHint": "Move the text inward, reduce its size, or mark intentional off-canvas animation with data-layout-allow-overflow.",
        "containerRect": {
          "left": 0,
          "top": 0,
          "right": 1280,
          "bottom": 720,
          "width": 1280,
          "height": 720
        },
        "overflow": {
          "left": 119.76
        },
        "dataAttributes": {},
        "sourceFile": "compositions/snapcn-roster-grant.html",
        "bbox": {
          "x": -119.76,
          "y": 368.16,
          "width": 118.71,
          "height": 30.95
        },
        "firstSeen": 0.667,
        "lastSeen": 0.667,
        "occurrences": 1,
        "heldMs": 0
      },
      {
        "code": "canvas_overflow",
        "severity": "info",
        "time": 0.667,
        "selector": "#snapcn-roster-grant-source-root > div:nth-of-type(1) > div:nth-of-type(2) > div:nth-of-type(1) > div:nth-of-type(3) > div:nth-of-type(1) > div:nth-of-type(2)",
        "message": "Text extends outside the composition canvas.",
        "rect": {
          "left": 1199.13,
          "top": 316.69,
          "right": 1398.75,
          "bottom": 363.11,
          "width": 199.62,
          "height": 46.42
        },
        "containerSelector": "#root",
        "text": "Count Grid",
        "fixHint": "Move the text inward, reduce its size, or mark intentional off-canvas animation with data-layout-allow-overflow.",
        "containerRect": {
          "left": 0,
          "top": 0,
          "right": 1280,
          "bottom": 720,
          "width": 1280,
          "height": 720
        },
        "overflow": {
          "right": 118.75
        },
        "dataAttributes": {},
        "sourceFile": "compositions/snapcn-roster-grant.html",
        "bbox": {
          "x": 1199.13,
          "y": 316.69,
          "width": 199.62,
          "height": 46.42
        },
        "firstSeen": 0.667,
        "lastSeen": 0.667,
        "occurrences": 1,
        "heldMs": 0
      },
      {
        "code": "canvas_overflow",
        "severity": "info",
        "time": 0.667,
        "selector": "#snapcn-roster-grant-source-root > div:nth-of-type(1) > div:nth-of-type(2) > div:nth-of-type(1) > div:nth-of-type(3) > div:nth-of-type(1) > div:nth-of-type(3)",
        "message": "Text extends outside the composition canvas.",
        "rect": {
          "left": 1199.13,
          "top": 368.16,
          "right": 1348.7,
          "bottom": 399.11,
          "width": 149.57,
          "height": 30.95
        },
        "containerSelector": "#root",
        "text": "Composition",
        "fixHint": "Move the text inward, reduce its size, or mark intentional off-canvas animation with data-layout-allow-overflow.",
        "containerRect": {
          "left": 0,
          "top": 0,
          "right": 1280,
          "bottom": 720,
          "width": 1280,
          "height": 720
        },
        "overflow": {
          "right": 68.7
        },
        "dataAttributes": {},
        "sourceFile": "compositions/snapcn-roster-grant.html",
        "bbox": {
          "x": 1199.13,
          "y": 368.16,
          "width": 149.57,
          "height": 30.95
        },
        "firstSeen": 0.667,
        "lastSeen": 0.667,
        "occurrences": 1,
        "heldMs": 0
      },
      {
        "code": "canvas_overflow",
        "severity": "info",
        "time": 0.667,
        "selector": "#snapcn-roster-grant-source-root > div:nth-of-type(1) > div:nth-of-type(2) > div:nth-of-type(1) > div:nth-of-type(3) > div:nth-of-type(2) > div:nth-of-type(1)",
        "message": "Text extends outside the composition canvas.",
        "rect": {
          "left": 1701.64,
          "top": 332.77,
          "right": 1764.32,
          "bottom": 388.86,
          "width": 62.68,
          "height": 56.09
        },
        "containerSelector": "#root",
        "text": "AS",
        "fixHint": "Move the text inward, reduce its size, or mark intentional off-canvas animation with data-layout-allow-overflow.",
        "containerRect": {
          "left": 0,
          "top": 0,
          "right": 1280,
          "bottom": 720,
          "width": 1280,
          "height": 720
        },
        "overflow": {
          "right": 484.32
        },
        "dataAttributes": {},
        "sourceFile": "compositions/snapcn-roster-grant.html",
        "bbox": {
          "x": 1701.64,
          "y": 332.77,
          "width": 62.68,
          "height": 56.09
        },
        "firstSeen": 0.667,
        "lastSeen": 0.667,
        "occurrences": 1,
        "heldMs": 0
      },
      {
        "code": "canvas_overflow",
        "severity": "info",
        "time": 0.667,
        "selector": "#snapcn-roster-grant-source-root > div:nth-of-type(1) > div:nth-of-type(2) > div:nth-of-type(1) > div:nth-of-type(3) > div:nth-of-type(2) > div:nth-of-type(2)",
        "message": "Text extends outside the composition canvas.",
        "rect": {
          "left": 1802.61,
          "top": 316.69,
          "right": 2028.46,
          "bottom": 363.11,
          "width": 225.85,
          "height": 46.42
        },
        "containerSelector": "#root",
        "text": "Agent Steps",
        "fixHint": "Move the text inward, reduce its size, or mark intentional off-canvas animation with data-layout-allow-overflow.",
        "containerRect": {
          "left": 0,
          "top": 0,
          "right": 1280,
          "bottom": 720,
          "width": 1280,
          "height": 720
        },
        "overflow": {
          "right": 748.46
        },
        "dataAttributes": {},
        "sourceFile": "compositions/snapcn-roster-grant.html",
        "bbox": {
          "x": 1802.61,
          "y": 316.69,
          "width": 225.85,
          "height": 46.42
        },
        "firstSeen": 0.667,
        "lastSeen": 0.667,
        "occurrences": 1,
        "heldMs": 0
      },
      {
        "code": "canvas_overflow",
        "severity": "info",
        "time": 0.667,
        "selector": "#snapcn-roster-grant-source-root > div:nth-of-type(1) > div:nth-of-type(2) > div:nth-of-type(1) > div:nth-of-type(3) > div:nth-of-type(2) > div:nth-of-type(3)",
        "message": "Text extends outside the composition canvas.",
        "rect": {
          "left": 1802.61,
          "top": 368.16,
          "right": 1952.18,
          "bottom": 399.11,
          "width": 149.57,
          "height": 30.95
        },
        "containerSelector": "#root",
        "text": "Composition",
        "fixHint": "Move the text inward, reduce its size, or mark intentional off-canvas animation with data-layout-allow-overflow.",
        "containerRect": {
          "left": 0,
          "top": 0,
          "right": 1280,
          "bottom": 720,
          "width": 1280,
          "height": 720
        },
        "overflow": {
          "right": 672.18
        },
        "dataAttributes": {},
        "sourceFile": "compositions/snapcn-roster-grant.html",
        "bbox": {
          "x": 1802.61,
          "y": 368.16,
          "width": 149.57,
          "height": 30.95
        },
        "firstSeen": 0.667,
        "lastSeen": 0.667,
        "occurrences": 1,
        "heldMs": 0
      },
      {
        "code": "canvas_overflow",
        "severity": "info",
        "time": 0.667,
        "selector": "#snapcn-roster-grant-source-root > div:nth-of-type(1) > div:nth-of-type(2) > div:nth-of-type(1) > div:nth-of-type(4) > div:nth-of-type(1) > div:nth-of-type(1)",
        "message": "Text extends outside the composition canvas.",
        "rect": {
          "left": -697.65,
          "top": 544.57,
          "right": -632.76,
          "bottom": 600.66,
          "width": 64.89,
          "height": 56.09
        },
        "containerSelector": "#root",
        "text": "TH",
        "fixHint": "Move the text inward, reduce its size, or mark intentional off-canvas animation with data-layout-allow-overflow.",
        "containerRect": {
          "left": 0,
          "top": 0,
          "right": 1280,
          "bottom": 720,
          "width": 1280,
          "height": 720
        },
        "overflow": {
          "left": 697.65
        },
        "dataAttributes": {},
        "sourceFile": "compositions/snapcn-roster-grant.html",
        "bbox": {
          "x": -697.65,
          "y": 544.57,
          "width": 64.89,
          "height": 56.09
        },
        "firstSeen": 0.667,
        "lastSeen": 0.667,
        "occurrences": 1,
        "heldMs": 0
      },
      {
        "code": "canvas_overflow",
        "severity": "info",
        "time": 0.667,
        "selector": "#snapcn-roster-grant-source-root > div:nth-of-type(1) > div:nth-of-type(2) > div:nth-of-type(1) > div:nth-of-type(4) > div:nth-of-type(1) > div:nth-of-type(2)",
        "message": "Text extends outside the composition canvas.",
        "rect": {
          "left": -595.56,
          "top": 528.49,
          "right": -340,
          "bottom": 574.91,
          "width": 255.56,
          "height": 46.42
        },
        "containerSelector": "#root",
        "text": "Text Highlight",
        "fixHint": "Move the text inward, reduce its size, or mark intentional off-canvas animation with data-layout-allow-overflow.",
        "containerRect": {
          "left": 0,
          "top": 0,
          "right": 1280,
          "bottom": 720,
          "width": 1280,
          "height": 720
        },
        "overflow": {
          "left": 595.56
        },
        "dataAttributes": {},
        "sourceFile": "compositions/snapcn-roster-grant.html",
        "bbox": {
          "x": -595.56,
          "y": 528.49,
          "width": 255.56,
          "height": 46.42
        },
        "firstSeen": 0.667,
        "lastSeen": 0.667,
        "occurrences": 1,
        "heldMs": 0
      },
      {
        "code": "canvas_overflow",
        "severity": "info",
        "time": 0.667,
        "selector": "#snapcn-roster-grant-source-root > div:nth-of-type(1) > div:nth-of-type(2) > div:nth-of-type(1) > div:nth-of-type(4) > div:nth-of-type(1) > div:nth-of-type(3)",
        "message": "Text extends outside the composition canvas.",
        "rect": {
          "left": -595.56,
          "top": 579.96,
          "right": -476.84,
          "bottom": 610.91,
          "width": 118.72,
          "height": 30.95
        },
        "containerSelector": "#root",
        "text": "Animation",
        "fixHint": "Move the text inward, reduce its size, or mark intentional off-canvas animation with data-layout-allow-overflow.",
        "containerRect": {
          "left": 0,
          "top": 0,
          "right": 1280,
          "bottom": 720,
          "width": 1280,
          "height": 720
        },
        "overflow": {
          "left": 595.56
        },
        "dataAttributes": {},
        "sourceFile": "compositions/snapcn-roster-grant.html",
        "bbox": {
          "x": -595.56,
          "y": 579.96,
          "width": 118.72,
          "height": 30.95
        },
        "firstSeen": 0.667,
        "lastSeen": 0.667,
        "occurrences": 1,
        "heldMs": 0
      },
      {
        "code": "canvas_overflow",
        "severity": "info",
        "time": 0.667,
        "selector": "#snapcn-roster-grant-source-root > div:nth-of-type(1) > div:nth-of-type(2) > div:nth-of-type(1) > div:nth-of-type(4) > div:nth-of-type(2) > div:nth-of-type(1)",
        "message": "Text extends outside the composition canvas.",
        "rect": {
          "left": -96.86,
          "top": 544.57,
          "right": -26.56,
          "bottom": 600.66,
          "width": 70.3,
          "height": 56.09
        },
        "containerSelector": "#root",
        "text": "OG",
        "fixHint": "Move the text inward, reduce its size, or mark intentional off-canvas animation with data-layout-allow-overflow.",
        "containerRect": {
          "left": 0,
          "top": 0,
          "right": 1280,
          "bottom": 720,
          "width": 1280,
          "height": 720
        },
        "overflow": {
          "left": 96.86
        },
        "dataAttributes": {},
        "sourceFile": "compositions/snapcn-roster-grant.html",
        "bbox": {
          "x": -96.86,
          "y": 544.57,
          "width": 70.3,
          "height": 56.09
        },
        "firstSeen": 0.667,
        "lastSeen": 0.667,
        "occurrences": 1,
        "heldMs": 0
      },
      {
        "code": "canvas_overflow",
        "severity": "info",
        "time": 0.667,
        "selector": "#snapcn-roster-grant-source-root > div:nth-of-type(1) > div:nth-of-type(2) > div:nth-of-type(1) > div:nth-of-type(4) > div:nth-of-type(4) > div:nth-of-type(2)",
        "message": "Text extends outside the composition canvas.",
        "rect": {
          "left": 1214.85,
          "top": 528.49,
          "right": 1481.05,
          "bottom": 574.91,
          "width": 266.2,
          "height": 46.42
        },
        "containerSelector": "#root",
        "text": "Search Typing",
        "fixHint": "Move the text inward, reduce its size, or mark intentional off-canvas animation with data-layout-allow-overflow.",
        "containerRect": {
          "left": 0,
          "top": 0,
          "right": 1280,
          "bottom": 720,
          "width": 1280,
          "height": 720
        },
        "overflow": {
          "right": 201.05
        },
        "dataAttributes": {},
        "sourceFile": "compositions/snapcn-roster-grant.html",
        "bbox": {
          "x": 1214.85,
          "y": 528.49,
          "width": 266.2,
          "height": 46.42
        },
        "firstSeen": 0.667,
        "lastSeen": 0.667,
        "occurrences": 1,
        "heldMs": 0
      },
      {
        "code": "canvas_overflow",
        "severity": "info",
        "time": 0.667,
        "selector": "#snapcn-roster-grant-source-root > div:nth-of-type(1) > div:nth-of-type(2) > div:nth-of-type(1) > div:nth-of-type(4) > div:nth-of-type(4) > div:nth-of-type(3)",
        "message": "Text extends outside the composition canvas.",
        "rect": {
          "left": 1214.85,
          "top": 579.96,
          "right": 1364.42,
          "bottom": 610.91,
          "width": 149.57,
          "height": 30.95
        },
        "containerSelector": "#root",
        "text": "Composition",
        "fixHint": "Move the text inward, reduce its size, or mark intentional off-canvas animation with data-layout-allow-overflow.",
        "containerRect": {
          "left": 0,
          "top": 0,
          "right": 1280,
          "bottom": 720,
          "width": 1280,
          "height": 720
        },
        "overflow": {
          "right": 84.42
        },
        "dataAttributes": {},
        "sourceFile": "compositions/snapcn-roster-grant.html",
        "bbox": {
          "x": 1214.85,
          "y": 579.96,
          "width": 149.57,
          "height": 30.95
        },
        "firstSeen": 0.667,
        "lastSeen": 0.667,
        "occurrences": 1,
        "heldMs": 0
      },
      {
        "code": "canvas_overflow",
        "severity": "info",
        "time": 0.667,
        "selector": "#snapcn-roster-grant-source-root > div:nth-of-type(1) > div:nth-of-type(2) > div:nth-of-type(1) > div:nth-of-type(4) > div:nth-of-type(5) > div:nth-of-type(1)",
        "message": "Text extends outside the composition canvas.",
        "rect": {
          "left": 1716.24,
          "top": 544.57,
          "right": 1781.12,
          "bottom": 600.66,
          "width": 64.88,
          "height": 56.09
        },
        "containerSelector": "#root",
        "text": "TH",
        "fixHint": "Move the text inward, reduce its size, or mark intentional off-canvas animation with data-layout-allow-overflow.",
        "containerRect": {
          "left": 0,
          "top": 0,
          "right": 1280,
          "bottom": 720,
          "width": 1280,
          "height": 720
        },
        "overflow": {
          "right": 501.12
        },
        "dataAttributes": {},
        "sourceFile": "compositions/snapcn-roster-grant.html",
        "bbox": {
          "x": 1716.24,
          "y": 544.57,
          "width": 64.88,
          "height": 56.09
        },
        "firstSeen": 0.667,
        "lastSeen": 0.667,
        "occurrences": 1,
        "heldMs": 0
      },
      {
        "code": "canvas_overflow",
        "severity": "info",
        "time": 0.667,
        "selector": "#snapcn-roster-grant-source-root > div:nth-of-type(1) > div:nth-of-type(2) > div:nth-of-type(1) > div:nth-of-type(4) > div:nth-of-type(5) > div:nth-of-type(2)",
        "message": "Text extends outside the composition canvas.",
        "rect": {
          "left": 1818.33,
          "top": 528.49,
          "right": 2073.89,
          "bottom": 574.91,
          "width": 255.56,
          "height": 46.42
        },
        "containerSelector": "#root",
        "text": "Text Highlight",
        "fixHint": "Move the text inward, reduce its size, or mark intentional off-canvas animation with data-layout-allow-overflow.",
        "containerRect": {
          "left": 0,
          "top": 0,
          "right": 1280,
          "bottom": 720,
          "width": 1280,
          "height": 720
        },
        "overflow": {
          "right": 793.89
        },
        "dataAttributes": {},
        "sourceFile": "compositions/snapcn-roster-grant.html",
        "bbox": {
          "x": 1818.33,
          "y": 528.49,
          "width": 255.56,
          "height": 46.42
        },
        "firstSeen": 0.667,
        "lastSeen": 0.667,
        "occurrences": 1,
        "heldMs": 0
      },
      {
        "code": "canvas_overflow",
        "severity": "info",
        "time": 0.667,
        "selector": "#snapcn-roster-grant-source-root > div:nth-of-type(1) > div:nth-of-type(2) > div:nth-of-type(1) > div:nth-of-type(4) > div:nth-of-type(5) > div:nth-of-type(3)",
        "message": "Text extends outside the composition canvas.",
        "rect": {
          "left": 1818.33,
          "top": 579.96,
          "right": 1937.04,
          "bottom": 610.91,
          "width": 118.71,
          "height": 30.95
        },
        "containerSelector": "#root",
        "text": "Animation",
        "fixHint": "Move the text inward, reduce its size, or mark intentional off-canvas animation with data-layout-allow-overflow.",
        "containerRect": {
          "left": 0,
          "top": 0,
          "right": 1280,
          "bottom": 720,
          "width": 1280,
          "height": 720
        },
        "overflow": {
          "right": 657.04
        },
        "dataAttributes": {},
        "sourceFile": "compositions/snapcn-roster-grant.html",
        "bbox": {
          "x": 1818.33,
          "y": 579.96,
          "width": 118.71,
          "height": 30.95
        },
        "firstSeen": 0.667,
        "lastSeen": 0.667,
        "occurrences": 1,
        "heldMs": 0
      },
      {
        "code": "panel_out_of_canvas",
        "severity": "info",
        "time": 0.667,
        "selector": "#snapcn-roster-grant-source-root > div:nth-of-type(1) > div:nth-of-type(2) > div:nth-of-type(1) > div:nth-of-type(1) > div:nth-of-type(2)",
        "message": "Painted panel extends outside the composition canvas.",
        "rect": {
          "left": -86.67,
          "top": 76.49,
          "right": 466.52,
          "bottom": 223.49,
          "width": 553.19,
          "height": 147
        },
        "containerSelector": "#root",
        "text": "TR Text Reveal Animation",
        "fixHint": "Move the panel inward, or mark intentional off-canvas animation with data-layout-allow-overflow.",
        "containerRect": {
          "left": 0,
          "top": 0,
          "right": 1280,
          "bottom": 720,
          "width": 1280,
          "height": 720
        },
        "overflow": {
          "left": 86.67
        },
        "dataAttributes": {},
        "sourceFile": "compositions/snapcn-roster-grant.html",
        "bbox": {
          "x": -86.67,
          "y": 76.49,
          "width": 553.19,
          "height": 147
        },
        "firstSeen": 0.667,
        "lastSeen": 0.667,
        "occurrences": 1,
        "heldMs": 0
      },
      {
        "code": "panel_out_of_canvas",
        "severity": "info",
        "time": 0.667,
        "selector": "#snapcn-roster-grant-source-root > div:nth-of-type(1) > div:nth-of-type(2) > div:nth-of-type(1) > div:nth-of-type(1) > div:nth-of-type(4)",
        "message": "Painted panel extends outside the composition canvas.",
        "rect": {
          "left": 1120.29,
          "top": 76.49,
          "right": 1673.48,
          "bottom": 223.49,
          "width": 553.19,
          "height": 147
        },
        "containerSelector": "#root",
        "text": "LD Logo Drift Background",
        "fixHint": "Move the panel inward, or mark intentional off-canvas animation with data-layout-allow-overflow.",
        "containerRect": {
          "left": 0,
          "top": 0,
          "right": 1280,
          "bottom": 720,
          "width": 1280,
          "height": 720
        },
        "overflow": {
          "right": 393.48
        },
        "dataAttributes": {},
        "sourceFile": "compositions/snapcn-roster-grant.html",
        "bbox": {
          "x": 1120.29,
          "y": 76.49,
          "width": 553.19,
          "height": 147
        },
        "firstSeen": 0.667,
        "lastSeen": 0.667,
        "occurrences": 1,
        "heldMs": 0
      },
      {
        "code": "panel_out_of_canvas",
        "severity": "info",
        "time": 0.667,
        "selector": "#snapcn-roster-grant-source-root > div:nth-of-type(1) > div:nth-of-type(2) > div:nth-of-type(1) > div:nth-of-type(2) > div:nth-of-type(2)",
        "message": "Painted panel extends outside the composition canvas.",
        "rect": {
          "left": -269.66,
          "top": 288.28,
          "right": 283.53,
          "bottom": 435.29,
          "width": 553.19,
          "height": 147
        },
        "containerSelector": "#root",
        "text": "TS Text Swell Animation",
        "fixHint": "Move the panel inward, or mark intentional off-canvas animation with data-layout-allow-overflow.",
        "containerRect": {
          "left": 0,
          "top": 0,
          "right": 1280,
          "bottom": 720,
          "width": 1280,
          "height": 720
        },
        "overflow": {
          "left": 269.66
        },
        "dataAttributes": {},
        "sourceFile": "compositions/snapcn-roster-grant.html",
        "bbox": {
          "x": -269.66,
          "y": 288.28,
          "width": 553.19,
          "height": 147
        },
        "firstSeen": 0.667,
        "lastSeen": 0.667,
        "occurrences": 1,
        "heldMs": 0
      },
      {
        "code": "panel_out_of_canvas",
        "severity": "info",
        "time": 0.667,
        "selector": "#snapcn-roster-grant-source-root > div:nth-of-type(1) > div:nth-of-type(2) > div:nth-of-type(1) > div:nth-of-type(3) > div:nth-of-type(1)",
        "message": "Painted panel extends outside the composition canvas.",
        "rect": {
          "left": 1049.23,
          "top": 288.28,
          "right": 1602.42,
          "bottom": 435.29,
          "width": 553.19,
          "height": 147
        },
        "containerSelector": "#root",
        "text": "CG Count Grid Composition",
        "fixHint": "Move the panel inward, or mark intentional off-canvas animation with data-layout-allow-overflow.",
        "containerRect": {
          "left": 0,
          "top": 0,
          "right": 1280,
          "bottom": 720,
          "width": 1280,
          "height": 720
        },
        "overflow": {
          "right": 322.42
        },
        "dataAttributes": {},
        "sourceFile": "compositions/snapcn-roster-grant.html",
        "bbox": {
          "x": 1049.23,
          "y": 288.28,
          "width": 553.19,
          "height": 147
        },
        "firstSeen": 0.667,
        "lastSeen": 0.667,
        "occurrences": 1,
        "heldMs": 0
      },
      {
        "code": "panel_out_of_canvas",
        "severity": "info",
        "time": 0.667,
        "selector": "#snapcn-roster-grant-source-root > div:nth-of-type(1) > div:nth-of-type(2) > div:nth-of-type(1) > div:nth-of-type(4) > div:nth-of-type(4)",
        "message": "Painted panel extends outside the composition canvas.",
        "rect": {
          "left": 1064.95,
          "top": 500.08,
          "right": 1618.13,
          "bottom": 647.08,
          "width": 553.19,
          "height": 147
        },
        "containerSelector": "#root",
        "text": "ST Search Typing Composition",
        "fixHint": "Move the panel inward, or mark intentional off-canvas animation with data-layout-allow-overflow.",
        "containerRect": {
          "left": 0,
          "top": 0,
          "right": 1280,
          "bottom": 720,
          "width": 1280,
          "height": 720
        },
        "overflow": {
          "right": 338.13
        },
        "dataAttributes": {},
        "sourceFile": "compositions/snapcn-roster-grant.html",
        "bbox": {
          "x": 1064.95,
          "y": 500.08,
          "width": 553.19,
          "height": 147
        },
        "firstSeen": 0.667,
        "lastSeen": 0.667,
        "occurrences": 1,
        "heldMs": 0
      },
      {
        "code": "canvas_overflow",
        "severity": "info",
        "time": 1.111,
        "selector": "#snapcn-roster-grant-source-root > div:nth-of-type(1) > div:nth-of-type(2) > div:nth-of-type(1) > div:nth-of-type(1) > div:nth-of-type(1) > div:nth-of-type(1)",
        "message": "Text extends outside the composition canvas.",
        "rect": {
          "left": -680.08,
          "top": 128.41,
          "right": -608.44,
          "bottom": 182.77,
          "width": 71.64,
          "height": 54.36
        },
        "containerSelector": "#root",
        "text": "WF",
        "fixHint": "Move the text inward, reduce its size, or mark intentional off-canvas animation with data-layout-allow-overflow.",
        "containerRect": {
          "left": 0,
          "top": 0,
          "right": 1280,
          "bottom": 720,
          "width": 1280,
          "height": 720
        },
        "overflow": {
          "left": 680.08
        },
        "dataAttributes": {},
        "sourceFile": "compositions/snapcn-roster-grant.html",
        "bbox": {
          "x": -680.08,
          "y": 128.41,
          "width": 71.64,
          "height": 54.36
        },
        "firstSeen": 1.111,
        "lastSeen": 1.111,
        "occurrences": 1,
        "heldMs": 0
      },
      {
        "code": "canvas_overflow",
        "severity": "info",
        "time": 1.111,
        "selector": "#snapcn-roster-grant-source-root > div:nth-of-type(1) > div:nth-of-type(2) > div:nth-of-type(1) > div:nth-of-type(1) > div:nth-of-type(1) > div:nth-of-type(2)",
        "message": "Text extends outside the composition canvas.",
        "rect": {
          "left": -576.78,
          "top": 112.83,
          "right": -407.31,
          "bottom": 157.81,
          "width": 169.47,
          "height": 44.98
        },
        "containerSelector": "#root",
        "text": "Word Flip",
        "fixHint": "Move the text inward, reduce its size, or mark intentional off-canvas animation with data-layout-allow-overflow.",
        "containerRect": {
          "left": 0,
          "top": 0,
          "right": 1280,
          "bottom": 720,
          "width": 1280,
          "height": 720
        },
        "overflow": {
          "left": 576.78
        },
        "dataAttributes": {},
        "sourceFile": "compositions/snapcn-roster-grant.html",
        "bbox": {
          "x": -576.78,
          "y": 112.83,
          "width": 169.47,
          "height": 44.98
        },
        "firstSeen": 1.111,
        "lastSeen": 1.111,
        "occurrences": 1,
        "heldMs": 0
      },
      {
        "code": "canvas_overflow",
        "severity": "info",
        "time": 1.111,
        "selector": "#snapcn-roster-grant-source-root > div:nth-of-type(1) > div:nth-of-type(2) > div:nth-of-type(1) > div:nth-of-type(1) > div:nth-of-type(1) > div:nth-of-type(3)",
        "message": "Text extends outside the composition canvas.",
        "rect": {
          "left": -576.78,
          "top": 162.71,
          "right": -461.73,
          "bottom": 192.7,
          "width": 115.05,
          "height": 29.99
        },
        "containerSelector": "#root",
        "text": "Animation",
        "fixHint": "Move the text inward, reduce its size, or mark intentional off-canvas animation with data-layout-allow-overflow.",
        "containerRect": {
          "left": 0,
          "top": 0,
          "right": 1280,
          "bottom": 720,
          "width": 1280,
          "height": 720
        },
        "overflow": {
          "left": 576.78
        },
        "dataAttributes": {},
        "sourceFile": "compositions/snapcn-roster-grant.html",
        "bbox": {
          "x": -576.78,
          "y": 162.71,
          "width": 115.05,
          "height": 29.99
        },
        "firstSeen": 1.111,
        "lastSeen": 1.111,
        "occurrences": 1,
        "heldMs": 0
      },
      {
        "code": "canvas_overflow",
        "severity": "info",
        "time": 1.111,
        "selector": "#snapcn-roster-grant-source-root > div:nth-of-type(1) > div:nth-of-type(2) > div:nth-of-type(1) > div:nth-of-type(1) > div:nth-of-type(2) > div:nth-of-type(1)",
        "message": "Text extends outside the composition canvas.",
        "rect": {
          "left": -88.67,
          "top": 128.41,
          "right": -30.15,
          "bottom": 182.77,
          "width": 58.52,
          "height": 54.36
        },
        "containerSelector": "#root",
        "text": "TR",
        "fixHint": "Move the text inward, reduce its size, or mark intentional off-canvas animation with data-layout-allow-overflow.",
        "containerRect": {
          "left": 0,
          "top": 0,
          "right": 1280,
          "bottom": 720,
          "width": 1280,
          "height": 720
        },
        "overflow": {
          "left": 88.67
        },
        "dataAttributes": {},
        "sourceFile": "compositions/snapcn-roster-grant.html",
        "bbox": {
          "x": -88.67,
          "y": 128.41,
          "width": 58.52,
          "height": 54.36
        },
        "firstSeen": 1.111,
        "lastSeen": 1.111,
        "occurrences": 1,
        "heldMs": 0
      },
      {
        "code": "canvas_overflow",
        "severity": "info",
        "time": 1.111,
        "selector": "#snapcn-roster-grant-source-root > div:nth-of-type(1) > div:nth-of-type(2) > div:nth-of-type(1) > div:nth-of-type(1) > div:nth-of-type(4) > div:nth-of-type(2)",
        "message": "Text extends outside the composition canvas.",
        "rect": {
          "left": 1177.76,
          "top": 112.83,
          "right": 1354.44,
          "bottom": 157.81,
          "width": 176.68,
          "height": 44.98
        },
        "containerSelector": "#root",
        "text": "Logo Drift",
        "fixHint": "Move the text inward, reduce its size, or mark intentional off-canvas animation with data-layout-allow-overflow.",
        "containerRect": {
          "left": 0,
          "top": 0,
          "right": 1280,
          "bottom": 720,
          "width": 1280,
          "height": 720
        },
        "overflow": {
          "right": 74.44
        },
        "dataAttributes": {},
        "sourceFile": "compositions/snapcn-roster-grant.html",
        "bbox": {
          "x": 1177.76,
          "y": 112.83,
          "width": 176.68,
          "height": 44.98
        },
        "firstSeen": 1.111,
        "lastSeen": 1.111,
        "occurrences": 1,
        "heldMs": 0
      },
      {
        "code": "canvas_overflow",
        "severity": "info",
        "time": 1.111,
        "selector": "#snapcn-roster-grant-source-root > div:nth-of-type(1) > div:nth-of-type(2) > div:nth-of-type(1) > div:nth-of-type(1) > div:nth-of-type(4) > div:nth-of-type(3)",
        "message": "Text extends outside the composition canvas.",
        "rect": {
          "left": 1177.76,
          "top": 162.71,
          "right": 1316.21,
          "bottom": 192.7,
          "width": 138.45,
          "height": 29.99
        },
        "containerSelector": "#root",
        "text": "Background",
        "fixHint": "Move the text inward, reduce its size, or mark intentional off-canvas animation with data-layout-allow-overflow.",
        "containerRect": {
          "left": 0,
          "top": 0,
          "right": 1280,
          "bottom": 720,
          "width": 1280,
          "height": 720
        },
        "overflow": {
          "right": 36.21
        },
        "dataAttributes": {},
        "sourceFile": "compositions/snapcn-roster-grant.html",
        "bbox": {
          "x": 1177.76,
          "y": 162.71,
          "width": 138.45,
          "height": 29.99
        },
        "firstSeen": 1.111,
        "lastSeen": 1.111,
        "occurrences": 1,
        "heldMs": 0
      }
    ],
    "duration": 4,
    "samples": [
      0.222,
      0.667,
      1.111,
      1.556,
      2,
      2.444,
      2.889,
      3.333,
      3.778
    ],
    "transitionSamples": [],
    "transitionSamplesDropped": 0,
    "tolerance": 2,
    "totalIssueCount": 300,
    "truncated": true
  },
  "motion": {
    "ok": true,
    "errorCount": 0,
    "warningCount": 0,
    "infoCount": 0,
    "findings": [],
    "enabled": false,
    "samples": 0
  },
  "contrast": {
    "ok": true,
    "errorCount": 0,
    "warningCount": 0,
    "infoCount": 0,
    "findings": [],
    "enabled": true,
    "samples": [
      0.222,
      1.111,
      2,
      2.889,
      3.778
    ],
    "checked": 105,
    "passed": 105
  },
  "hdr": {
    "autoPromotion": null,
    "inspection": "available"
  },
  "snapshots": {
    "enabled": false,
    "files": [],
    "times": [],
    "findingFiles": []
  },
  "_meta": {
    "version": "0.8.99",
    "latestVersion": "0.8.94",
    "updateAvailable": false
  }
}
