[hyperframes] browserGpuMode probe → hardware (WebGL renderer vendor="Google Inc. (NVIDIA Corporation)" renderer="ANGLE (NVIDIA Corporation, NVIDIA GeForce RTX 5060/PCIe/SSE2, OpenGL ES 3.2)")
{
  "ok": false,
  "strict": false,
  "lint": {
    "ok": true,
    "errorCount": 0,
    "warningCount": 0,
    "infoCount": 0,
    "findings": [],
    "filesScanned": 2
  },
  "runtime": {
    "ok": true,
    "errorCount": 0,
    "warningCount": 0,
    "infoCount": 0,
    "findings": []
  },
  "layout": {
    "ok": false,
    "errorCount": 66,
    "warningCount": 8,
    "infoCount": 6,
    "findings": [
      {
        "code": "content_overlap",
        "severity": "error",
        "time": 0.37,
        "selector": "#type-repeater-source-root > div:nth-of-type(1) > div:nth-of-type(1) > div:nth-of-type(2)",
        "message": "Two text blocks overlap and may render unreadable.",
        "rect": {
          "left": 0,
          "top": 84.75,
          "right": 1280,
          "bottom": 635.25,
          "width": 1280,
          "height": 550.5
        },
        "containerSelector": "#type-repeater-source-root > div:nth-of-type(1) > div:nth-of-type(1) > div:nth-of-type(3)",
        "text": "Repeat",
        "fixHint": "Give each block its own zone, or mark intentional layering with data-layout-allow-overlap.",
        "dataAttributes": {},
        "sourceFile": "compositions/type-repeater.html",
        "bbox": {
          "x": 0,
          "y": 84.75,
          "width": 1280,
          "height": 550.5
        },
        "firstSeen": 0.37,
        "lastSeen": 2.778,
        "occurrences": 27,
        "heldMs": 2408
      },
      {
        "code": "content_overlap",
        "severity": "error",
        "time": 0.37,
        "selector": "#type-repeater-source-root > div:nth-of-type(1) > div:nth-of-type(1) > div:nth-of-type(2)",
        "message": "Two text blocks overlap and may render unreadable.",
        "rect": {
          "left": 0,
          "top": 84.75,
          "right": 1280,
          "bottom": 635.25,
          "width": 1280,
          "height": 550.5
        },
        "containerSelector": "#type-repeater-source-root > div:nth-of-type(1) > div:nth-of-type(1) > div:nth-of-type(4)",
        "text": "Repeat",
        "fixHint": "Give each block its own zone, or mark intentional layering with data-layout-allow-overlap.",
        "dataAttributes": {},
        "sourceFile": "compositions/type-repeater.html",
        "bbox": {
          "x": 0,
          "y": 84.75,
          "width": 1280,
          "height": 550.5
        },
        "firstSeen": 0.37,
        "lastSeen": 2.778,
        "occurrences": 27,
        "heldMs": 2408
      },
      {
        "code": "content_overlap",
        "severity": "error",
        "time": 0.37,
        "selector": "#type-repeater-source-root > div:nth-of-type(1) > div:nth-of-type(1) > div:nth-of-type(2)",
        "message": "Two text blocks overlap and may render unreadable.",
        "rect": {
          "left": 0,
          "top": 84.75,
          "right": 1280,
          "bottom": 635.25,
          "width": 1280,
          "height": 550.5
        },
        "containerSelector": "#type-repeater-source-root > div:nth-of-type(1) > div:nth-of-type(1) > div:nth-of-type(5)",
        "text": "Repeat",
        "fixHint": "Give each block its own zone, or mark intentional layering with data-layout-allow-overlap.",
        "dataAttributes": {},
        "sourceFile": "compositions/type-repeater.html",
        "bbox": {
          "x": 0,
          "y": 84.75,
          "width": 1280,
          "height": 550.5
        },
        "firstSeen": 0.37,
        "lastSeen": 2.778,
        "occurrences": 27,
        "heldMs": 2408
      },
      {
        "code": "content_overlap",
        "severity": "error",
        "time": 0.37,
        "selector": "#type-repeater-source-root > div:nth-of-type(1) > div:nth-of-type(1) > div:nth-of-type(2)",
        "message": "Two text blocks overlap and may render unreadable.",
        "rect": {
          "left": 0,
          "top": 84.75,
          "right": 1280,
          "bottom": 635.25,
          "width": 1280,
          "height": 550.5
        },
        "containerSelector": "#type-repeater-source-root > div:nth-of-type(1) > div:nth-of-type(1) > div:nth-of-type(6)",
        "text": "Repeat",
        "fixHint": "Give each block its own zone, or mark intentional layering with data-layout-allow-overlap.",
        "dataAttributes": {},
        "sourceFile": "compositions/type-repeater.html",
        "bbox": {
          "x": 0,
          "y": 84.75,
          "width": 1280,
          "height": 550.5
        },
        "firstSeen": 0.37,
        "lastSeen": 2.778,
        "occurrences": 27,
        "heldMs": 2408
      },
      {
        "code": "content_overlap",
        "severity": "error",
        "time": 0.37,
        "selector": "#type-repeater-source-root > div:nth-of-type(1) > div:nth-of-type(1) > div:nth-of-type(2)",
        "message": "Two text blocks overlap and may render unreadable.",
        "rect": {
          "left": 0,
          "top": 84.75,
          "right": 1280,
          "bottom": 635.25,
          "width": 1280,
          "height": 550.5
        },
        "containerSelector": "#type-repeater-source-root > div:nth-of-type(1) > div:nth-of-type(1) > div:nth-of-type(7)",
        "text": "Repeat",
        "fixHint": "Give each block its own zone, or mark intentional layering with data-layout-allow-overlap.",
        "dataAttributes": {},
        "sourceFile": "compositions/type-repeater.html",
        "bbox": {
          "x": 0,
          "y": 84.75,
          "width": 1280,
          "height": 550.5
        },
        "firstSeen": 0.37,
        "lastSeen": 2.778,
        "occurrences": 27,
        "heldMs": 2408
      },
      {
        "code": "content_overlap",
        "severity": "error",
        "time": 0.37,
        "selector": "#type-repeater-source-root > div:nth-of-type(1) > div:nth-of-type(1) > div:nth-of-type(2)",
        "message": "Two text blocks overlap and may render unreadable.",
        "rect": {
          "left": 0,
          "top": 84.75,
          "right": 1280,
          "bottom": 635.25,
          "width": 1280,
          "height": 550.5
        },
        "containerSelector": "#type-repeater-source-root > div:nth-of-type(1) > div:nth-of-type(1) > div:nth-of-type(8)",
        "text": "Repeat",
        "fixHint": "Give each block its own zone, or mark intentional layering with data-layout-allow-overlap.",
        "dataAttributes": {},
        "sourceFile": "compositions/type-repeater.html",
        "bbox": {
          "x": 0,
          "y": 84.75,
          "width": 1280,
          "height": 550.5
        },
        "firstSeen": 0.37,
        "lastSeen": 2.778,
        "occurrences": 27,
        "heldMs": 2408
      },
      {
        "code": "content_overlap",
        "severity": "error",
        "time": 0.37,
        "selector": "#type-repeater-source-root > div:nth-of-type(1) > div:nth-of-type(1) > div:nth-of-type(2)",
        "message": "Two text blocks overlap and may render unreadable.",
        "rect": {
          "left": 0,
          "top": 84.75,
          "right": 1280,
          "bottom": 635.25,
          "width": 1280,
          "height": 550.5
        },
        "containerSelector": "#type-repeater-source-root > div:nth-of-type(1) > div:nth-of-type(1) > div:nth-of-type(9)",
        "text": "Repeat",
        "fixHint": "Give each block its own zone, or mark intentional layering with data-layout-allow-overlap.",
        "dataAttributes": {},
        "sourceFile": "compositions/type-repeater.html",
        "bbox": {
          "x": 0,
          "y": 84.75,
          "width": 1280,
          "height": 550.5
        },
        "firstSeen": 0.37,
        "lastSeen": 2.778,
        "occurrences": 27,
        "heldMs": 2408
      },
      {
        "code": "content_overlap",
        "severity": "error",
        "time": 0.37,
        "selector": "#type-repeater-source-root > div:nth-of-type(1) > div:nth-of-type(1) > div:nth-of-type(2)",
        "message": "Two text blocks overlap and may render unreadable.",
        "rect": {
          "left": 0,
          "top": 84.75,
          "right": 1280,
          "bottom": 635.25,
          "width": 1280,
          "height": 550.5
        },
        "containerSelector": "#type-repeater-source-root > div:nth-of-type(1) > div:nth-of-type(1) > div:nth-of-type(10)",
        "text": "Repeat",
        "fixHint": "Give each block its own zone, or mark intentional layering with data-layout-allow-overlap.",
        "dataAttributes": {},
        "sourceFile": "compositions/type-repeater.html",
        "bbox": {
          "x": 0,
          "y": 84.75,
          "width": 1280,
          "height": 550.5
        },
        "firstSeen": 0.37,
        "lastSeen": 2.778,
        "occurrences": 27,
        "heldMs": 2408
      },
      {
        "code": "content_overlap",
        "severity": "error",
        "time": 0.37,
        "selector": "#type-repeater-source-root > div:nth-of-type(1) > div:nth-of-type(1) > div:nth-of-type(2)",
        "message": "Two text blocks overlap and may render unreadable.",
        "rect": {
          "left": 0,
          "top": 84.75,
          "right": 1280,
          "bottom": 635.25,
          "width": 1280,
          "height": 550.5
        },
        "containerSelector": "#type-repeater-source-root > div:nth-of-type(1) > div:nth-of-type(1) > div:nth-of-type(11)",
        "text": "Repeat",
        "fixHint": "Give each block its own zone, or mark intentional layering with data-layout-allow-overlap.",
        "dataAttributes": {},
        "sourceFile": "compositions/type-repeater.html",
        "bbox": {
          "x": 0,
          "y": 84.75,
          "width": 1280,
          "height": 550.5
        },
        "firstSeen": 0.37,
        "lastSeen": 2.778,
        "occurrences": 27,
        "heldMs": 2408
      },
      {
        "code": "content_overlap",
        "severity": "error",
        "time": 0.37,
        "selector": "#type-repeater-source-root > div:nth-of-type(1) > div:nth-of-type(1) > div:nth-of-type(2)",
        "message": "Two text blocks overlap and may render unreadable.",
        "rect": {
          "left": 0,
          "top": 84.75,
          "right": 1280,
          "bottom": 635.25,
          "width": 1280,
          "height": 550.5
        },
        "containerSelector": "#type-repeater-source-root > div:nth-of-type(1) > div:nth-of-type(1) > div:nth-of-type(12)",
        "text": "Repeat",
        "fixHint": "Give each block its own zone, or mark intentional layering with data-layout-allow-overlap.",
        "dataAttributes": {},
        "sourceFile": "compositions/type-repeater.html",
        "bbox": {
          "x": 0,
          "y": 84.75,
          "width": 1280,
          "height": 550.5
        },
        "firstSeen": 0.37,
        "lastSeen": 2.778,
        "occurrences": 27,
        "heldMs": 2408
      },
      {
        "code": "content_overlap",
        "severity": "error",
        "time": 0.37,
        "selector": "#type-repeater-source-root > div:nth-of-type(1) > div:nth-of-type(1) > div:nth-of-type(3)",
        "message": "Two text blocks overlap and may render unreadable.",
        "rect": {
          "left": 0,
          "top": 121.02,
          "right": 1280,
          "bottom": 598.98,
          "width": 1280,
          "height": 477.96
        },
        "containerSelector": "#type-repeater-source-root > div:nth-of-type(1) > div:nth-of-type(1) > div:nth-of-type(4)",
        "text": "Repeat",
        "fixHint": "Give each block its own zone, or mark intentional layering with data-layout-allow-overlap.",
        "dataAttributes": {},
        "sourceFile": "compositions/type-repeater.html",
        "bbox": {
          "x": 0,
          "y": 121.02,
          "width": 1280,
          "height": 477.96
        },
        "firstSeen": 0.37,
        "lastSeen": 2.778,
        "occurrences": 27,
        "heldMs": 2408
      },
      {
        "code": "content_overlap",
        "severity": "error",
        "time": 0.37,
        "selector": "#type-repeater-source-root > div:nth-of-type(1) > div:nth-of-type(1) > div:nth-of-type(3)",
        "message": "Two text blocks overlap and may render unreadable.",
        "rect": {
          "left": 0,
          "top": 121.02,
          "right": 1280,
          "bottom": 598.98,
          "width": 1280,
          "height": 477.96
        },
        "containerSelector": "#type-repeater-source-root > div:nth-of-type(1) > div:nth-of-type(1) > div:nth-of-type(5)",
        "text": "Repeat",
        "fixHint": "Give each block its own zone, or mark intentional layering with data-layout-allow-overlap.",
        "dataAttributes": {},
        "sourceFile": "compositions/type-repeater.html",
        "bbox": {
          "x": 0,
          "y": 121.02,
          "width": 1280,
          "height": 477.96
        },
        "firstSeen": 0.37,
        "lastSeen": 2.778,
        "occurrences": 27,
        "heldMs": 2408
      },
      {
        "code": "content_overlap",
        "severity": "error",
        "time": 0.37,
        "selector": "#type-repeater-source-root > div:nth-of-type(1) > div:nth-of-type(1) > div:nth-of-type(3)",
        "message": "Two text blocks overlap and may render unreadable.",
        "rect": {
          "left": 0,
          "top": 121.02,
          "right": 1280,
          "bottom": 598.98,
          "width": 1280,
          "height": 477.96
        },
        "containerSelector": "#type-repeater-source-root > div:nth-of-type(1) > div:nth-of-type(1) > div:nth-of-type(6)",
        "text": "Repeat",
        "fixHint": "Give each block its own zone, or mark intentional layering with data-layout-allow-overlap.",
        "dataAttributes": {},
        "sourceFile": "compositions/type-repeater.html",
        "bbox": {
          "x": 0,
          "y": 121.02,
          "width": 1280,
          "height": 477.96
        },
        "firstSeen": 0.37,
        "lastSeen": 2.778,
        "occurrences": 27,
        "heldMs": 2408
      },
      {
        "code": "content_overlap",
        "severity": "error",
        "time": 0.37,
        "selector": "#type-repeater-source-root > div:nth-of-type(1) > div:nth-of-type(1) > div:nth-of-type(3)",
        "message": "Two text blocks overlap and may render unreadable.",
        "rect": {
          "left": 0,
          "top": 121.02,
          "right": 1280,
          "bottom": 598.98,
          "width": 1280,
          "height": 477.96
        },
        "containerSelector": "#type-repeater-source-root > div:nth-of-type(1) > div:nth-of-type(1) > div:nth-of-type(7)",
        "text": "Repeat",
        "fixHint": "Give each block its own zone, or mark intentional layering with data-layout-allow-overlap.",
        "dataAttributes": {},
        "sourceFile": "compositions/type-repeater.html",
        "bbox": {
          "x": 0,
          "y": 121.02,
          "width": 1280,
          "height": 477.96
        },
        "firstSeen": 0.37,
        "lastSeen": 2.778,
        "occurrences": 27,
        "heldMs": 2408
      },
      {
        "code": "content_overlap",
        "severity": "error",
        "time": 0.37,
        "selector": "#type-repeater-source-root > div:nth-of-type(1) > div:nth-of-type(1) > div:nth-of-type(3)",
        "message": "Two text blocks overlap and may render unreadable.",
        "rect": {
          "left": 0,
          "top": 121.02,
          "right": 1280,
          "bottom": 598.98,
          "width": 1280,
          "height": 477.96
        },
        "containerSelector": "#type-repeater-source-root > div:nth-of-type(1) > div:nth-of-type(1) > div:nth-of-type(8)",
        "text": "Repeat",
        "fixHint": "Give each block its own zone, or mark intentional layering with data-layout-allow-overlap.",
        "dataAttributes": {},
        "sourceFile": "compositions/type-repeater.html",
        "bbox": {
          "x": 0,
          "y": 121.02,
          "width": 1280,
          "height": 477.96
        },
        "firstSeen": 0.37,
        "lastSeen": 2.778,
        "occurrences": 27,
        "heldMs": 2408
      },
      {
        "code": "content_overlap",
        "severity": "error",
        "time": 0.37,
        "selector": "#type-repeater-source-root > div:nth-of-type(1) > div:nth-of-type(1) > div:nth-of-type(3)",
        "message": "Two text blocks overlap and may render unreadable.",
        "rect": {
          "left": 0,
          "top": 121.02,
          "right": 1280,
          "bottom": 598.98,
          "width": 1280,
          "height": 477.96
        },
        "containerSelector": "#type-repeater-source-root > div:nth-of-type(1) > div:nth-of-type(1) > div:nth-of-type(9)",
        "text": "Repeat",
        "fixHint": "Give each block its own zone, or mark intentional layering with data-layout-allow-overlap.",
        "dataAttributes": {},
        "sourceFile": "compositions/type-repeater.html",
        "bbox": {
          "x": 0,
          "y": 121.02,
          "width": 1280,
          "height": 477.96
        },
        "firstSeen": 0.37,
        "lastSeen": 2.778,
        "occurrences": 27,
        "heldMs": 2408
      },
      {
        "code": "content_overlap",
        "severity": "error",
        "time": 0.37,
        "selector": "#type-repeater-source-root > div:nth-of-type(1) > div:nth-of-type(1) > div:nth-of-type(3)",
        "message": "Two text blocks overlap and may render unreadable.",
        "rect": {
          "left": 0,
          "top": 121.02,
          "right": 1280,
          "bottom": 598.98,
          "width": 1280,
          "height": 477.96
        },
        "containerSelector": "#type-repeater-source-root > div:nth-of-type(1) > div:nth-of-type(1) > div:nth-of-type(10)",
        "text": "Repeat",
        "fixHint": "Give each block its own zone, or mark intentional layering with data-layout-allow-overlap.",
        "dataAttributes": {},
        "sourceFile": "compositions/type-repeater.html",
        "bbox": {
          "x": 0,
          "y": 121.02,
          "width": 1280,
          "height": 477.96
        },
        "firstSeen": 0.37,
        "lastSeen": 2.778,
        "occurrences": 27,
        "heldMs": 2408
      },
      {
        "code": "content_overlap",
        "severity": "error",
        "time": 0.37,
        "selector": "#type-repeater-source-root > div:nth-of-type(1) > div:nth-of-type(1) > div:nth-of-type(3)",
        "message": "Two text blocks overlap and may render unreadable.",
        "rect": {
          "left": 0,
          "top": 121.02,
          "right": 1280,
          "bottom": 598.98,
          "width": 1280,
          "height": 477.96
        },
        "containerSelector": "#type-repeater-source-root > div:nth-of-type(1) > div:nth-of-type(1) > div:nth-of-type(11)",
        "text": "Repeat",
        "fixHint": "Give each block its own zone, or mark intentional layering with data-layout-allow-overlap.",
        "dataAttributes": {},
        "sourceFile": "compositions/type-repeater.html",
        "bbox": {
          "x": 0,
          "y": 121.02,
          "width": 1280,
          "height": 477.96
        },
        "firstSeen": 0.37,
        "lastSeen": 2.778,
        "occurrences": 27,
        "heldMs": 2408
      },
      {
        "code": "content_overlap",
        "severity": "error",
        "time": 0.37,
        "selector": "#type-repeater-source-root > div:nth-of-type(1) > div:nth-of-type(1) > div:nth-of-type(3)",
        "message": "Two text blocks overlap and may render unreadable.",
        "rect": {
          "left": 0,
          "top": 121.02,
          "right": 1280,
          "bottom": 598.98,
          "width": 1280,
          "height": 477.96
        },
        "containerSelector": "#type-repeater-source-root > div:nth-of-type(1) > div:nth-of-type(1) > div:nth-of-type(12)",
        "text": "Repeat",
        "fixHint": "Give each block its own zone, or mark intentional layering with data-layout-allow-overlap.",
        "dataAttributes": {},
        "sourceFile": "compositions/type-repeater.html",
        "bbox": {
          "x": 0,
          "y": 121.02,
          "width": 1280,
          "height": 477.96
        },
        "firstSeen": 0.37,
        "lastSeen": 2.778,
        "occurrences": 27,
        "heldMs": 2408
      },
      {
        "code": "content_overlap",
        "severity": "error",
        "time": 0.37,
        "selector": "#type-repeater-source-root > div:nth-of-type(1) > div:nth-of-type(1) > div:nth-of-type(4)",
        "message": "Two text blocks overlap and may render unreadable.",
        "rect": {
          "left": 48.95,
          "top": 152.51,
          "right": 1231.04,
          "bottom": 567.49,
          "width": 1182.09,
          "height": 414.98
        },
        "containerSelector": "#type-repeater-source-root > div:nth-of-type(1) > div:nth-of-type(1) > div:nth-of-type(5)",
        "text": "Repeat",
        "fixHint": "Give each block its own zone, or mark intentional layering with data-layout-allow-overlap.",
        "dataAttributes": {},
        "sourceFile": "compositions/type-repeater.html",
        "bbox": {
          "x": 48.95,
          "y": 152.51,
          "width": 1182.09,
          "height": 414.98
        },
        "firstSeen": 0.37,
        "lastSeen": 2.778,
        "occurrences": 27,
        "heldMs": 2408
      },
      {
        "code": "content_overlap",
        "severity": "error",
        "time": 0.37,
        "selector": "#type-repeater-source-root > div:nth-of-type(1) > div:nth-of-type(1) > div:nth-of-type(4)",
        "message": "Two text blocks overlap and may render unreadable.",
        "rect": {
          "left": 48.95,
          "top": 152.51,
          "right": 1231.04,
          "bottom": 567.49,
          "width": 1182.09,
          "height": 414.98
        },
        "containerSelector": "#type-repeater-source-root > div:nth-of-type(1) > div:nth-of-type(1) > div:nth-of-type(6)",
        "text": "Repeat",
        "fixHint": "Give each block its own zone, or mark intentional layering with data-layout-allow-overlap.",
        "dataAttributes": {},
        "sourceFile": "compositions/type-repeater.html",
        "bbox": {
          "x": 48.95,
          "y": 152.51,
          "width": 1182.09,
          "height": 414.98
        },
        "firstSeen": 0.37,
        "lastSeen": 2.778,
        "occurrences": 27,
        "heldMs": 2408
      },
      {
        "code": "content_overlap",
        "severity": "error",
        "time": 0.37,
        "selector": "#type-repeater-source-root > div:nth-of-type(1) > div:nth-of-type(1) > div:nth-of-type(4)",
        "message": "Two text blocks overlap and may render unreadable.",
        "rect": {
          "left": 48.95,
          "top": 152.51,
          "right": 1231.04,
          "bottom": 567.49,
          "width": 1182.09,
          "height": 414.98
        },
        "containerSelector": "#type-repeater-source-root > div:nth-of-type(1) > div:nth-of-type(1) > div:nth-of-type(7)",
        "text": "Repeat",
        "fixHint": "Give each block its own zone, or mark intentional layering with data-layout-allow-overlap.",
        "dataAttributes": {},
        "sourceFile": "compositions/type-repeater.html",
        "bbox": {
          "x": 48.95,
          "y": 152.51,
          "width": 1182.09,
          "height": 414.98
        },
        "firstSeen": 0.37,
        "lastSeen": 2.778,
        "occurrences": 27,
        "heldMs": 2408
      },
      {
        "code": "content_overlap",
        "severity": "error",
        "time": 0.37,
        "selector": "#type-repeater-source-root > div:nth-of-type(1) > div:nth-of-type(1) > div:nth-of-type(4)",
        "message": "Two text blocks overlap and may render unreadable.",
        "rect": {
          "left": 48.95,
          "top": 152.51,
          "right": 1231.04,
          "bottom": 567.49,
          "width": 1182.09,
          "height": 414.98
        },
        "containerSelector": "#type-repeater-source-root > div:nth-of-type(1) > div:nth-of-type(1) > div:nth-of-type(8)",
        "text": "Repeat",
        "fixHint": "Give each block its own zone, or mark intentional layering with data-layout-allow-overlap.",
        "dataAttributes": {},
        "sourceFile": "compositions/type-repeater.html",
        "bbox": {
          "x": 48.95,
          "y": 152.51,
          "width": 1182.09,
          "height": 414.98
        },
        "firstSeen": 0.37,
        "lastSeen": 2.778,
        "occurrences": 27,
        "heldMs": 2408
      },
      {
        "code": "content_overlap",
        "severity": "error",
        "time": 0.37,
        "selector": "#type-repeater-source-root > div:nth-of-type(1) > div:nth-of-type(1) > div:nth-of-type(4)",
        "message": "Two text blocks overlap and may render unreadable.",
        "rect": {
          "left": 48.95,
          "top": 152.51,
          "right": 1231.04,
          "bottom": 567.49,
          "width": 1182.09,
          "height": 414.98
        },
        "containerSelector": "#type-repeater-source-root > div:nth-of-type(1) > div:nth-of-type(1) > div:nth-of-type(9)",
        "text": "Repeat",
        "fixHint": "Give each block its own zone, or mark intentional layering with data-layout-allow-overlap.",
        "dataAttributes": {},
        "sourceFile": "compositions/type-repeater.html",
        "bbox": {
          "x": 48.95,
          "y": 152.51,
          "width": 1182.09,
          "height": 414.98
        },
        "firstSeen": 0.37,
        "lastSeen": 2.778,
        "occurrences": 27,
        "heldMs": 2408
      },
      {
        "code": "content_overlap",
        "severity": "error",
        "time": 0.37,
        "selector": "#type-repeater-source-root > div:nth-of-type(1) > div:nth-of-type(1) > div:nth-of-type(4)",
        "message": "Two text blocks overlap and may render unreadable.",
        "rect": {
          "left": 48.95,
          "top": 152.51,
          "right": 1231.04,
          "bottom": 567.49,
          "width": 1182.09,
          "height": 414.98
        },
        "containerSelector": "#type-repeater-source-root > div:nth-of-type(1) > div:nth-of-type(1) > div:nth-of-type(10)",
        "text": "Repeat",
        "fixHint": "Give each block its own zone, or mark intentional layering with data-layout-allow-overlap.",
        "dataAttributes": {},
        "sourceFile": "compositions/type-repeater.html",
        "bbox": {
          "x": 48.95,
          "y": 152.51,
          "width": 1182.09,
          "height": 414.98
        },
        "firstSeen": 0.37,
        "lastSeen": 2.778,
        "occurrences": 27,
        "heldMs": 2408
      },
      {
        "code": "content_overlap",
        "severity": "error",
        "time": 0.37,
        "selector": "#type-repeater-source-root > div:nth-of-type(1) > div:nth-of-type(1) > div:nth-of-type(4)",
        "message": "Two text blocks overlap and may render unreadable.",
        "rect": {
          "left": 48.95,
          "top": 152.51,
          "right": 1231.04,
          "bottom": 567.49,
          "width": 1182.09,
          "height": 414.98
        },
        "containerSelector": "#type-repeater-source-root > div:nth-of-type(1) > div:nth-of-type(1) > div:nth-of-type(11)",
        "text": "Repeat",
        "fixHint": "Give each block its own zone, or mark intentional layering with data-layout-allow-overlap.",
        "dataAttributes": {},
        "sourceFile": "compositions/type-repeater.html",
        "bbox": {
          "x": 48.95,
          "y": 152.51,
          "width": 1182.09,
          "height": 414.98
        },
        "firstSeen": 0.37,
        "lastSeen": 2.778,
        "occurrences": 27,
        "heldMs": 2408
      },
      {
        "code": "content_overlap",
        "severity": "error",
        "time": 0.37,
        "selector": "#type-repeater-source-root > div:nth-of-type(1) > div:nth-of-type(1) > div:nth-of-type(4)",
        "message": "Two text blocks overlap and may render unreadable.",
        "rect": {
          "left": 48.95,
          "top": 152.51,
          "right": 1231.04,
          "bottom": 567.49,
          "width": 1182.09,
          "height": 414.98
        },
        "containerSelector": "#type-repeater-source-root > div:nth-of-type(1) > div:nth-of-type(1) > div:nth-of-type(12)",
        "text": "Repeat",
        "fixHint": "Give each block its own zone, or mark intentional layering with data-layout-allow-overlap.",
        "dataAttributes": {},
        "sourceFile": "compositions/type-repeater.html",
        "bbox": {
          "x": 48.95,
          "y": 152.51,
          "width": 1182.09,
          "height": 414.98
        },
        "firstSeen": 0.37,
        "lastSeen": 2.778,
        "occurrences": 27,
        "heldMs": 2408
      },
      {
        "code": "content_overlap",
        "severity": "error",
        "time": 0.37,
        "selector": "#type-repeater-source-root > div:nth-of-type(1) > div:nth-of-type(1) > div:nth-of-type(5)",
        "message": "Two text blocks overlap and may render unreadable.",
        "rect": {
          "left": 126.83,
          "top": 179.85,
          "right": 1153.15,
          "bottom": 540.15,
          "width": 1026.32,
          "height": 360.3
        },
        "containerSelector": "#type-repeater-source-root > div:nth-of-type(1) > div:nth-of-type(1) > div:nth-of-type(6)",
        "text": "Repeat",
        "fixHint": "Give each block its own zone, or mark intentional layering with data-layout-allow-overlap.",
        "dataAttributes": {},
        "sourceFile": "compositions/type-repeater.html",
        "bbox": {
          "x": 126.83,
          "y": 179.85,
          "width": 1026.32,
          "height": 360.3
        },
        "firstSeen": 0.37,
        "lastSeen": 2.778,
        "occurrences": 27,
        "heldMs": 2408
      },
      {
        "code": "content_overlap",
        "severity": "error",
        "time": 0.37,
        "selector": "#type-repeater-source-root > div:nth-of-type(1) > div:nth-of-type(1) > div:nth-of-type(5)",
        "message": "Two text blocks overlap and may render unreadable.",
        "rect": {
          "left": 126.83,
          "top": 179.85,
          "right": 1153.15,
          "bottom": 540.15,
          "width": 1026.32,
          "height": 360.3
        },
        "containerSelector": "#type-repeater-source-root > div:nth-of-type(1) > div:nth-of-type(1) > div:nth-of-type(7)",
        "text": "Repeat",
        "fixHint": "Give each block its own zone, or mark intentional layering with data-layout-allow-overlap.",
        "dataAttributes": {},
        "sourceFile": "compositions/type-repeater.html",
        "bbox": {
          "x": 126.83,
          "y": 179.85,
          "width": 1026.32,
          "height": 360.3
        },
        "firstSeen": 0.37,
        "lastSeen": 2.778,
        "occurrences": 27,
        "heldMs": 2408
      },
      {
        "code": "content_overlap",
        "severity": "error",
        "time": 0.37,
        "selector": "#type-repeater-source-root > div:nth-of-type(1) > div:nth-of-type(1) > div:nth-of-type(5)",
        "message": "Two text blocks overlap and may render unreadable.",
        "rect": {
          "left": 126.83,
          "top": 179.85,
          "right": 1153.15,
          "bottom": 540.15,
          "width": 1026.32,
          "height": 360.3
        },
        "containerSelector": "#type-repeater-source-root > div:nth-of-type(1) > div:nth-of-type(1) > div:nth-of-type(8)",
        "text": "Repeat",
        "fixHint": "Give each block its own zone, or mark intentional layering with data-layout-allow-overlap.",
        "dataAttributes": {},
        "sourceFile": "compositions/type-repeater.html",
        "bbox": {
          "x": 126.83,
          "y": 179.85,
          "width": 1026.32,
          "height": 360.3
        },
        "firstSeen": 0.37,
        "lastSeen": 2.778,
        "occurrences": 27,
        "heldMs": 2408
      },
      {
        "code": "content_overlap",
        "severity": "error",
        "time": 0.37,
        "selector": "#type-repeater-source-root > div:nth-of-type(1) > div:nth-of-type(1) > div:nth-of-type(5)",
        "message": "Two text blocks overlap and may render unreadable.",
        "rect": {
          "left": 126.83,
          "top": 179.85,
          "right": 1153.15,
          "bottom": 540.15,
          "width": 1026.32,
          "height": 360.3
        },
        "containerSelector": "#type-repeater-source-root > div:nth-of-type(1) > div:nth-of-type(1) > div:nth-of-type(9)",
        "text": "Repeat",
        "fixHint": "Give each block its own zone, or mark intentional layering with data-layout-allow-overlap.",
        "dataAttributes": {},
        "sourceFile": "compositions/type-repeater.html",
        "bbox": {
          "x": 126.83,
          "y": 179.85,
          "width": 1026.32,
          "height": 360.3
        },
        "firstSeen": 0.37,
        "lastSeen": 2.778,
        "occurrences": 27,
        "heldMs": 2408
      },
      {
        "code": "content_overlap",
        "severity": "error",
        "time": 0.37,
        "selector": "#type-repeater-source-root > div:nth-of-type(1) > div:nth-of-type(1) > div:nth-of-type(5)",
        "message": "Two text blocks overlap and may render unreadable.",
        "rect": {
          "left": 126.83,
          "top": 179.85,
          "right": 1153.15,
          "bottom": 540.15,
          "width": 1026.32,
          "height": 360.3
        },
        "containerSelector": "#type-repeater-source-root > div:nth-of-type(1) > div:nth-of-type(1) > div:nth-of-type(10)",
        "text": "Repeat",
        "fixHint": "Give each block its own zone, or mark intentional layering with data-layout-allow-overlap.",
        "dataAttributes": {},
        "sourceFile": "compositions/type-repeater.html",
        "bbox": {
          "x": 126.83,
          "y": 179.85,
          "width": 1026.32,
          "height": 360.3
        },
        "firstSeen": 0.37,
        "lastSeen": 2.778,
        "occurrences": 27,
        "heldMs": 2408
      },
      {
        "code": "content_overlap",
        "severity": "error",
        "time": 0.37,
        "selector": "#type-repeater-source-root > div:nth-of-type(1) > div:nth-of-type(1) > div:nth-of-type(5)",
        "message": "Two text blocks overlap and may render unreadable.",
        "rect": {
          "left": 126.83,
          "top": 179.85,
          "right": 1153.15,
          "bottom": 540.15,
          "width": 1026.32,
          "height": 360.3
        },
        "containerSelector": "#type-repeater-source-root > div:nth-of-type(1) > div:nth-of-type(1) > div:nth-of-type(11)",
        "text": "Repeat",
        "fixHint": "Give each block its own zone, or mark intentional layering with data-layout-allow-overlap.",
        "dataAttributes": {},
        "sourceFile": "compositions/type-repeater.html",
        "bbox": {
          "x": 126.83,
          "y": 179.85,
          "width": 1026.32,
          "height": 360.3
        },
        "firstSeen": 0.37,
        "lastSeen": 2.778,
        "occurrences": 27,
        "heldMs": 2408
      },
      {
        "code": "content_overlap",
        "severity": "error",
        "time": 0.37,
        "selector": "#type-repeater-source-root > div:nth-of-type(1) > div:nth-of-type(1) > div:nth-of-type(5)",
        "message": "Two text blocks overlap and may render unreadable.",
        "rect": {
          "left": 126.83,
          "top": 179.85,
          "right": 1153.15,
          "bottom": 540.15,
          "width": 1026.32,
          "height": 360.3
        },
        "containerSelector": "#type-repeater-source-root > div:nth-of-type(1) > div:nth-of-type(1) > div:nth-of-type(12)",
        "text": "Repeat",
        "fixHint": "Give each block its own zone, or mark intentional layering with data-layout-allow-overlap.",
        "dataAttributes": {},
        "sourceFile": "compositions/type-repeater.html",
        "bbox": {
          "x": 126.83,
          "y": 179.85,
          "width": 1026.32,
          "height": 360.3
        },
        "firstSeen": 0.37,
        "lastSeen": 2.778,
        "occurrences": 27,
        "heldMs": 2408
      },
      {
        "code": "content_overlap",
        "severity": "error",
        "time": 0.37,
        "selector": "#type-repeater-source-root > div:nth-of-type(1) > div:nth-of-type(1) > div:nth-of-type(6)",
        "message": "Two text blocks overlap and may render unreadable.",
        "rect": {
          "left": 194.45,
          "top": 203.59,
          "right": 1085.53,
          "bottom": 516.41,
          "width": 891.08,
          "height": 312.82
        },
        "containerSelector": "#type-repeater-source-root > div:nth-of-type(1) > div:nth-of-type(1) > div:nth-of-type(7)",
        "text": "Repeat",
        "fixHint": "Give each block its own zone, or mark intentional layering with data-layout-allow-overlap.",
        "dataAttributes": {},
        "sourceFile": "compositions/type-repeater.html",
        "bbox": {
          "x": 194.45,
          "y": 203.59,
          "width": 891.08,
          "height": 312.82
        },
        "firstSeen": 0.37,
        "lastSeen": 2.778,
        "occurrences": 27,
        "heldMs": 2408
      },
      {
        "code": "content_overlap",
        "severity": "error",
        "time": 0.37,
        "selector": "#type-repeater-source-root > div:nth-of-type(1) > div:nth-of-type(1) > div:nth-of-type(6)",
        "message": "Two text blocks overlap and may render unreadable.",
        "rect": {
          "left": 194.45,
          "top": 203.59,
          "right": 1085.53,
          "bottom": 516.41,
          "width": 891.08,
          "height": 312.82
        },
        "containerSelector": "#type-repeater-source-root > div:nth-of-type(1) > div:nth-of-type(1) > div:nth-of-type(8)",
        "text": "Repeat",
        "fixHint": "Give each block its own zone, or mark intentional layering with data-layout-allow-overlap.",
        "dataAttributes": {},
        "sourceFile": "compositions/type-repeater.html",
        "bbox": {
          "x": 194.45,
          "y": 203.59,
          "width": 891.08,
          "height": 312.82
        },
        "firstSeen": 0.37,
        "lastSeen": 2.778,
        "occurrences": 27,
        "heldMs": 2408
      },
      {
        "code": "content_overlap",
        "severity": "error",
        "time": 0.37,
        "selector": "#type-repeater-source-root > div:nth-of-type(1) > div:nth-of-type(1) > div:nth-of-type(6)",
        "message": "Two text blocks overlap and may render unreadable.",
        "rect": {
          "left": 194.45,
          "top": 203.59,
          "right": 1085.53,
          "bottom": 516.41,
          "width": 891.08,
          "height": 312.82
        },
        "containerSelector": "#type-repeater-source-root > div:nth-of-type(1) > div:nth-of-type(1) > div:nth-of-type(9)",
        "text": "Repeat",
        "fixHint": "Give each block its own zone, or mark intentional layering with data-layout-allow-overlap.",
        "dataAttributes": {},
        "sourceFile": "compositions/type-repeater.html",
        "bbox": {
          "x": 194.45,
          "y": 203.59,
          "width": 891.08,
          "height": 312.82
        },
        "firstSeen": 0.37,
        "lastSeen": 2.778,
        "occurrences": 27,
        "heldMs": 2408
      },
      {
        "code": "content_overlap",
        "severity": "error",
        "time": 0.37,
        "selector": "#type-repeater-source-root > div:nth-of-type(1) > div:nth-of-type(1) > div:nth-of-type(6)",
        "message": "Two text blocks overlap and may render unreadable.",
        "rect": {
          "left": 194.45,
          "top": 203.59,
          "right": 1085.53,
          "bottom": 516.41,
          "width": 891.08,
          "height": 312.82
        },
        "containerSelector": "#type-repeater-source-root > div:nth-of-type(1) > div:nth-of-type(1) > div:nth-of-type(10)",
        "text": "Repeat",
        "fixHint": "Give each block its own zone, or mark intentional layering with data-layout-allow-overlap.",
        "dataAttributes": {},
        "sourceFile": "compositions/type-repeater.html",
        "bbox": {
          "x": 194.45,
          "y": 203.59,
          "width": 891.08,
          "height": 312.82
        },
        "firstSeen": 0.37,
        "lastSeen": 2.778,
        "occurrences": 27,
        "heldMs": 2408
      },
      {
        "code": "content_overlap",
        "severity": "error",
        "time": 0.37,
        "selector": "#type-repeater-source-root > div:nth-of-type(1) > div:nth-of-type(1) > div:nth-of-type(6)",
        "message": "Two text blocks overlap and may render unreadable.",
        "rect": {
          "left": 194.45,
          "top": 203.59,
          "right": 1085.53,
          "bottom": 516.41,
          "width": 891.08,
          "height": 312.82
        },
        "containerSelector": "#type-repeater-source-root > div:nth-of-type(1) > div:nth-of-type(1) > div:nth-of-type(11)",
        "text": "Repeat",
        "fixHint": "Give each block its own zone, or mark intentional layering with data-layout-allow-overlap.",
        "dataAttributes": {},
        "sourceFile": "compositions/type-repeater.html",
        "bbox": {
          "x": 194.45,
          "y": 203.59,
          "width": 891.08,
          "height": 312.82
        },
        "firstSeen": 0.37,
        "lastSeen": 2.778,
        "occurrences": 27,
        "heldMs": 2408
      },
      {
        "code": "content_overlap",
        "severity": "error",
        "time": 0.37,
        "selector": "#type-repeater-source-root > div:nth-of-type(1) > div:nth-of-type(1) > div:nth-of-type(6)",
        "message": "Two text blocks overlap and may render unreadable.",
        "rect": {
          "left": 194.45,
          "top": 203.59,
          "right": 1085.53,
          "bottom": 516.41,
          "width": 891.08,
          "height": 312.82
        },
        "containerSelector": "#type-repeater-source-root > div:nth-of-type(1) > div:nth-of-type(1) > div:nth-of-type(12)",
        "text": "Repeat",
        "fixHint": "Give each block its own zone, or mark intentional layering with data-layout-allow-overlap.",
        "dataAttributes": {},
        "sourceFile": "compositions/type-repeater.html",
        "bbox": {
          "x": 194.45,
          "y": 203.59,
          "width": 891.08,
          "height": 312.82
        },
        "firstSeen": 0.37,
        "lastSeen": 2.778,
        "occurrences": 27,
        "heldMs": 2408
      },
      {
        "code": "content_overlap",
        "severity": "error",
        "time": 0.37,
        "selector": "#type-repeater-source-root > div:nth-of-type(1) > div:nth-of-type(1) > div:nth-of-type(7)",
        "message": "Two text blocks overlap and may render unreadable.",
        "rect": {
          "left": 253.16,
          "top": 224.2,
          "right": 1026.82,
          "bottom": 495.8,
          "width": 773.66,
          "height": 271.6
        },
        "containerSelector": "#type-repeater-source-root > div:nth-of-type(1) > div:nth-of-type(1) > div:nth-of-type(8)",
        "text": "Repeat",
        "fixHint": "Give each block its own zone, or mark intentional layering with data-layout-allow-overlap.",
        "dataAttributes": {},
        "sourceFile": "compositions/type-repeater.html",
        "bbox": {
          "x": 253.16,
          "y": 224.2,
          "width": 773.66,
          "height": 271.6
        },
        "firstSeen": 0.37,
        "lastSeen": 2.778,
        "occurrences": 27,
        "heldMs": 2408
      },
      {
        "code": "content_overlap",
        "severity": "error",
        "time": 0.37,
        "selector": "#type-repeater-source-root > div:nth-of-type(1) > div:nth-of-type(1) > div:nth-of-type(7)",
        "message": "Two text blocks overlap and may render unreadable.",
        "rect": {
          "left": 253.16,
          "top": 224.2,
          "right": 1026.82,
          "bottom": 495.8,
          "width": 773.66,
          "height": 271.6
        },
        "containerSelector": "#type-repeater-source-root > div:nth-of-type(1) > div:nth-of-type(1) > div:nth-of-type(9)",
        "text": "Repeat",
        "fixHint": "Give each block its own zone, or mark intentional layering with data-layout-allow-overlap.",
        "dataAttributes": {},
        "sourceFile": "compositions/type-repeater.html",
        "bbox": {
          "x": 253.16,
          "y": 224.2,
          "width": 773.66,
          "height": 271.6
        },
        "firstSeen": 0.37,
        "lastSeen": 2.778,
        "occurrences": 27,
        "heldMs": 2408
      },
      {
        "code": "content_overlap",
        "severity": "error",
        "time": 0.37,
        "selector": "#type-repeater-source-root > div:nth-of-type(1) > div:nth-of-type(1) > div:nth-of-type(7)",
        "message": "Two text blocks overlap and may render unreadable.",
        "rect": {
          "left": 253.16,
          "top": 224.2,
          "right": 1026.82,
          "bottom": 495.8,
          "width": 773.66,
          "height": 271.6
        },
        "containerSelector": "#type-repeater-source-root > div:nth-of-type(1) > div:nth-of-type(1) > div:nth-of-type(10)",
        "text": "Repeat",
        "fixHint": "Give each block its own zone, or mark intentional layering with data-layout-allow-overlap.",
        "dataAttributes": {},
        "sourceFile": "compositions/type-repeater.html",
        "bbox": {
          "x": 253.16,
          "y": 224.2,
          "width": 773.66,
          "height": 271.6
        },
        "firstSeen": 0.37,
        "lastSeen": 2.778,
        "occurrences": 27,
        "heldMs": 2408
      },
      {
        "code": "content_overlap",
        "severity": "error",
        "time": 0.37,
        "selector": "#type-repeater-source-root > div:nth-of-type(1) > div:nth-of-type(1) > div:nth-of-type(7)",
        "message": "Two text blocks overlap and may render unreadable.",
        "rect": {
          "left": 253.16,
          "top": 224.2,
          "right": 1026.82,
          "bottom": 495.8,
          "width": 773.66,
          "height": 271.6
        },
        "containerSelector": "#type-repeater-source-root > div:nth-of-type(1) > div:nth-of-type(1) > div:nth-of-type(11)",
        "text": "Repeat",
        "fixHint": "Give each block its own zone, or mark intentional layering with data-layout-allow-overlap.",
        "dataAttributes": {},
        "sourceFile": "compositions/type-repeater.html",
        "bbox": {
          "x": 253.16,
          "y": 224.2,
          "width": 773.66,
          "height": 271.6
        },
        "firstSeen": 0.37,
        "lastSeen": 2.778,
        "occurrences": 27,
        "heldMs": 2408
      },
      {
        "code": "content_overlap",
        "severity": "error",
        "time": 0.37,
        "selector": "#type-repeater-source-root > div:nth-of-type(1) > div:nth-of-type(1) > div:nth-of-type(7)",
        "message": "Two text blocks overlap and may render unreadable.",
        "rect": {
          "left": 253.16,
          "top": 224.2,
          "right": 1026.82,
          "bottom": 495.8,
          "width": 773.66,
          "height": 271.6
        },
        "containerSelector": "#type-repeater-source-root > div:nth-of-type(1) > div:nth-of-type(1) > div:nth-of-type(12)",
        "text": "Repeat",
        "fixHint": "Give each block its own zone, or mark intentional layering with data-layout-allow-overlap.",
        "dataAttributes": {},
        "sourceFile": "compositions/type-repeater.html",
        "bbox": {
          "x": 253.16,
          "y": 224.2,
          "width": 773.66,
          "height": 271.6
        },
        "firstSeen": 0.37,
        "lastSeen": 2.778,
        "occurrences": 27,
        "heldMs": 2408
      },
      {
        "code": "content_overlap",
        "severity": "error",
        "time": 0.37,
        "selector": "#type-repeater-source-root > div:nth-of-type(1) > div:nth-of-type(1) > div:nth-of-type(8)",
        "message": "Two text blocks overlap and may render unreadable.",
        "rect": {
          "left": 304.13,
          "top": 242.09,
          "right": 975.85,
          "bottom": 477.91,
          "width": 671.72,
          "height": 235.82
        },
        "containerSelector": "#type-repeater-source-root > div:nth-of-type(1) > div:nth-of-type(1) > div:nth-of-type(9)",
        "text": "Repeat",
        "fixHint": "Give each block its own zone, or mark intentional layering with data-layout-allow-overlap.",
        "dataAttributes": {},
        "sourceFile": "compositions/type-repeater.html",
        "bbox": {
          "x": 304.13,
          "y": 242.09,
          "width": 671.72,
          "height": 235.82
        },
        "firstSeen": 0.37,
        "lastSeen": 2.778,
        "occurrences": 27,
        "heldMs": 2408
      },
      {
        "code": "content_overlap",
        "severity": "error",
        "time": 0.37,
        "selector": "#type-repeater-source-root > div:nth-of-type(1) > div:nth-of-type(1) > div:nth-of-type(8)",
        "message": "Two text blocks overlap and may render unreadable.",
        "rect": {
          "left": 304.13,
          "top": 242.09,
          "right": 975.85,
          "bottom": 477.91,
          "width": 671.72,
          "height": 235.82
        },
        "containerSelector": "#type-repeater-source-root > div:nth-of-type(1) > div:nth-of-type(1) > div:nth-of-type(10)",
        "text": "Repeat",
        "fixHint": "Give each block its own zone, or mark intentional layering with data-layout-allow-overlap.",
        "dataAttributes": {},
        "sourceFile": "compositions/type-repeater.html",
        "bbox": {
          "x": 304.13,
          "y": 242.09,
          "width": 671.72,
          "height": 235.82
        },
        "firstSeen": 0.37,
        "lastSeen": 2.778,
        "occurrences": 27,
        "heldMs": 2408
      },
      {
        "code": "content_overlap",
        "severity": "error",
        "time": 0.37,
        "selector": "#type-repeater-source-root > div:nth-of-type(1) > div:nth-of-type(1) > div:nth-of-type(8)",
        "message": "Two text blocks overlap and may render unreadable.",
        "rect": {
          "left": 304.13,
          "top": 242.09,
          "right": 975.85,
          "bottom": 477.91,
          "width": 671.72,
          "height": 235.82
        },
        "containerSelector": "#type-repeater-source-root > div:nth-of-type(1) > div:nth-of-type(1) > div:nth-of-type(11)",
        "text": "Repeat",
        "fixHint": "Give each block its own zone, or mark intentional layering with data-layout-allow-overlap.",
        "dataAttributes": {},
        "sourceFile": "compositions/type-repeater.html",
        "bbox": {
          "x": 304.13,
          "y": 242.09,
          "width": 671.72,
          "height": 235.82
        },
        "firstSeen": 0.37,
        "lastSeen": 2.778,
        "occurrences": 27,
        "heldMs": 2408
      },
      {
        "code": "content_overlap",
        "severity": "error",
        "time": 0.37,
        "selector": "#type-repeater-source-root > div:nth-of-type(1) > div:nth-of-type(1) > div:nth-of-type(8)",
        "message": "Two text blocks overlap and may render unreadable.",
        "rect": {
          "left": 304.13,
          "top": 242.09,
          "right": 975.85,
          "bottom": 477.91,
          "width": 671.72,
          "height": 235.82
        },
        "containerSelector": "#type-repeater-source-root > div:nth-of-type(1) > div:nth-of-type(1) > div:nth-of-type(12)",
        "text": "Repeat",
        "fixHint": "Give each block its own zone, or mark intentional layering with data-layout-allow-overlap.",
        "dataAttributes": {},
        "sourceFile": "compositions/type-repeater.html",
        "bbox": {
          "x": 304.13,
          "y": 242.09,
          "width": 671.72,
          "height": 235.82
        },
        "firstSeen": 0.37,
        "lastSeen": 2.778,
        "occurrences": 27,
        "heldMs": 2408
      },
      {
        "code": "content_overlap",
        "severity": "error",
        "time": 0.37,
        "selector": "#type-repeater-source-root > div:nth-of-type(1) > div:nth-of-type(1) > div:nth-of-type(9)",
        "message": "Two text blocks overlap and may render unreadable.",
        "rect": {
          "left": 348.39,
          "top": 257.63,
          "right": 931.6,
          "bottom": 462.37,
          "width": 583.21,
          "height": 204.74
        },
        "containerSelector": "#type-repeater-source-root > div:nth-of-type(1) > div:nth-of-type(1) > div:nth-of-type(10)",
        "text": "Repeat",
        "fixHint": "Give each block its own zone, or mark intentional layering with data-layout-allow-overlap.",
        "dataAttributes": {},
        "sourceFile": "compositions/type-repeater.html",
        "bbox": {
          "x": 348.39,
          "y": 257.63,
          "width": 583.21,
          "height": 204.74
        },
        "firstSeen": 0.37,
        "lastSeen": 2.778,
        "occurrences": 27,
        "heldMs": 2408
      },
      {
        "code": "content_overlap",
        "severity": "error",
        "time": 0.37,
        "selector": "#type-repeater-source-root > div:nth-of-type(1) > div:nth-of-type(1) > div:nth-of-type(9)",
        "message": "Two text blocks overlap and may render unreadable.",
        "rect": {
          "left": 348.39,
          "top": 257.63,
          "right": 931.6,
          "bottom": 462.37,
          "width": 583.21,
          "height": 204.74
        },
        "containerSelector": "#type-repeater-source-root > div:nth-of-type(1) > div:nth-of-type(1) > div:nth-of-type(11)",
        "text": "Repeat",
        "fixHint": "Give each block its own zone, or mark intentional layering with data-layout-allow-overlap.",
        "dataAttributes": {},
        "sourceFile": "compositions/type-repeater.html",
        "bbox": {
          "x": 348.39,
          "y": 257.63,
          "width": 583.21,
          "height": 204.74
        },
        "firstSeen": 0.37,
        "lastSeen": 2.778,
        "occurrences": 27,
        "heldMs": 2408
      },
      {
        "code": "content_overlap",
        "severity": "error",
        "time": 0.37,
        "selector": "#type-repeater-source-root > div:nth-of-type(1) > div:nth-of-type(1) > div:nth-of-type(9)",
        "message": "Two text blocks overlap and may render unreadable.",
        "rect": {
          "left": 348.39,
          "top": 257.63,
          "right": 931.6,
          "bottom": 462.37,
          "width": 583.21,
          "height": 204.74
        },
        "containerSelector": "#type-repeater-source-root > div:nth-of-type(1) > div:nth-of-type(1) > div:nth-of-type(12)",
        "text": "Repeat",
        "fixHint": "Give each block its own zone, or mark intentional layering with data-layout-allow-overlap.",
        "dataAttributes": {},
        "sourceFile": "compositions/type-repeater.html",
        "bbox": {
          "x": 348.39,
          "y": 257.63,
          "width": 583.21,
          "height": 204.74
        },
        "firstSeen": 0.37,
        "lastSeen": 2.778,
        "occurrences": 27,
        "heldMs": 2408
      },
      {
        "code": "content_overlap",
        "severity": "error",
        "time": 0.37,
        "selector": "#type-repeater-source-root > div:nth-of-type(1) > div:nth-of-type(1) > div:nth-of-type(10)",
        "message": "Two text blocks overlap and may render unreadable.",
        "rect": {
          "left": 386.81,
          "top": 271.12,
          "right": 893.17,
          "bottom": 448.88,
          "width": 506.36,
          "height": 177.76
        },
        "containerSelector": "#type-repeater-source-root > div:nth-of-type(1) > div:nth-of-type(1) > div:nth-of-type(11)",
        "text": "Repeat",
        "fixHint": "Give each block its own zone, or mark intentional layering with data-layout-allow-overlap.",
        "dataAttributes": {},
        "sourceFile": "compositions/type-repeater.html",
        "bbox": {
          "x": 386.81,
          "y": 271.12,
          "width": 506.36,
          "height": 177.76
        },
        "firstSeen": 0.37,
        "lastSeen": 2.84,
        "occurrences": 28,
        "heldMs": 2469.9999999999995
      },
      {
        "code": "content_overlap",
        "severity": "error",
        "time": 0.37,
        "selector": "#type-repeater-source-root > div:nth-of-type(1) > div:nth-of-type(1) > div:nth-of-type(10)",
        "message": "Two text blocks overlap and may render unreadable.",
        "rect": {
          "left": 386.81,
          "top": 271.12,
          "right": 893.17,
          "bottom": 448.88,
          "width": 506.36,
          "height": 177.76
        },
        "containerSelector": "#type-repeater-source-root > div:nth-of-type(1) > div:nth-of-type(1) > div:nth-of-type(12)",
        "text": "Repeat",
        "fixHint": "Give each block its own zone, or mark intentional layering with data-layout-allow-overlap.",
        "dataAttributes": {},
        "sourceFile": "compositions/type-repeater.html",
        "bbox": {
          "x": 386.81,
          "y": 271.12,
          "width": 506.36,
          "height": 177.76
        },
        "firstSeen": 0.37,
        "lastSeen": 2.84,
        "occurrences": 28,
        "heldMs": 2469.9999999999995
      },
      {
        "code": "content_overlap",
        "severity": "error",
        "time": 0.37,
        "selector": "#type-repeater-source-root > div:nth-of-type(1) > div:nth-of-type(1) > div:nth-of-type(11)",
        "message": "Two text blocks overlap and may render unreadable.",
        "rect": {
          "left": 420.18,
          "top": 282.83,
          "right": 859.81,
          "bottom": 437.17,
          "width": 439.63,
          "height": 154.34
        },
        "containerSelector": "#type-repeater-source-root > div:nth-of-type(1) > div:nth-of-type(1) > div:nth-of-type(12)",
        "text": "Repeat",
        "fixHint": "Give each block its own zone, or mark intentional layering with data-layout-allow-overlap.",
        "dataAttributes": {},
        "sourceFile": "compositions/type-repeater.html",
        "bbox": {
          "x": 420.18,
          "y": 282.83,
          "width": 439.63,
          "height": 154.34
        },
        "firstSeen": 0.37,
        "lastSeen": 2.84,
        "occurrences": 28,
        "heldMs": 2469.9999999999995
      },
      {
        "code": "content_overlap",
        "severity": "error",
        "time": 0.494,
        "selector": "#type-repeater-source-root > div:nth-of-type(1) > div:nth-of-type(1) > div:nth-of-type(1)",
        "message": "Two text blocks overlap and may render unreadable.",
        "rect": {
          "left": 0,
          "top": 42.97,
          "right": 1280,
          "bottom": 677.03,
          "width": 1280,
          "height": 634.06
        },
        "containerSelector": "#type-repeater-source-root > div:nth-of-type(1) > div:nth-of-type(1) > div:nth-of-type(2)",
        "text": "Repeat",
        "fixHint": "Give each block its own zone, or mark intentional layering with data-layout-allow-overlap.",
        "dataAttributes": {},
        "sourceFile": "compositions/type-repeater.html",
        "bbox": {
          "x": 0,
          "y": 42.97,
          "width": 1280,
          "height": 634.06
        },
        "firstSeen": 0.494,
        "lastSeen": 2.716,
        "occurrences": 25,
        "heldMs": 2222.0000000000005
      },
      {
        "code": "content_overlap",
        "severity": "error",
        "time": 0.494,
        "selector": "#type-repeater-source-root > div:nth-of-type(1) > div:nth-of-type(1) > div:nth-of-type(1)",
        "message": "Two text blocks overlap and may render unreadable.",
        "rect": {
          "left": 0,
          "top": 42.97,
          "right": 1280,
          "bottom": 677.03,
          "width": 1280,
          "height": 634.06
        },
        "containerSelector": "#type-repeater-source-root > div:nth-of-type(1) > div:nth-of-type(1) > div:nth-of-type(3)",
        "text": "Repeat",
        "fixHint": "Give each block its own zone, or mark intentional layering with data-layout-allow-overlap.",
        "dataAttributes": {},
        "sourceFile": "compositions/type-repeater.html",
        "bbox": {
          "x": 0,
          "y": 42.97,
          "width": 1280,
          "height": 634.06
        },
        "firstSeen": 0.494,
        "lastSeen": 2.716,
        "occurrences": 25,
        "heldMs": 2222.0000000000005
      },
      {
        "code": "content_overlap",
        "severity": "error",
        "time": 0.494,
        "selector": "#type-repeater-source-root > div:nth-of-type(1) > div:nth-of-type(1) > div:nth-of-type(1)",
        "message": "Two text blocks overlap and may render unreadable.",
        "rect": {
          "left": 0,
          "top": 42.97,
          "right": 1280,
          "bottom": 677.03,
          "width": 1280,
          "height": 634.06
        },
        "containerSelector": "#type-repeater-source-root > div:nth-of-type(1) > div:nth-of-type(1) > div:nth-of-type(4)",
        "text": "Repeat",
        "fixHint": "Give each block its own zone, or mark intentional layering with data-layout-allow-overlap.",
        "dataAttributes": {},
        "sourceFile": "compositions/type-repeater.html",
        "bbox": {
          "x": 0,
          "y": 42.97,
          "width": 1280,
          "height": 634.06
        },
        "firstSeen": 0.494,
        "lastSeen": 2.716,
        "occurrences": 25,
        "heldMs": 2222.0000000000005
      },
      {
        "code": "content_overlap",
        "severity": "error",
        "time": 0.494,
        "selector": "#type-repeater-source-root > div:nth-of-type(1) > div:nth-of-type(1) > div:nth-of-type(1)",
        "message": "Two text blocks overlap and may render unreadable.",
        "rect": {
          "left": 0,
          "top": 42.97,
          "right": 1280,
          "bottom": 677.03,
          "width": 1280,
          "height": 634.06
        },
        "containerSelector": "#type-repeater-source-root > div:nth-of-type(1) > div:nth-of-type(1) > div:nth-of-type(5)",
        "text": "Repeat",
        "fixHint": "Give each block its own zone, or mark intentional layering with data-layout-allow-overlap.",
        "dataAttributes": {},
        "sourceFile": "compositions/type-repeater.html",
        "bbox": {
          "x": 0,
          "y": 42.97,
          "width": 1280,
          "height": 634.06
        },
        "firstSeen": 0.494,
        "lastSeen": 2.716,
        "occurrences": 25,
        "heldMs": 2222.0000000000005
      },
      {
        "code": "content_overlap",
        "severity": "error",
        "time": 0.494,
        "selector": "#type-repeater-source-root > div:nth-of-type(1) > div:nth-of-type(1) > div:nth-of-type(1)",
        "message": "Two text blocks overlap and may render unreadable.",
        "rect": {
          "left": 0,
          "top": 42.97,
          "right": 1280,
          "bottom": 677.03,
          "width": 1280,
          "height": 634.06
        },
        "containerSelector": "#type-repeater-source-root > div:nth-of-type(1) > div:nth-of-type(1) > div:nth-of-type(6)",
        "text": "Repeat",
        "fixHint": "Give each block its own zone, or mark intentional layering with data-layout-allow-overlap.",
        "dataAttributes": {},
        "sourceFile": "compositions/type-repeater.html",
        "bbox": {
          "x": 0,
          "y": 42.97,
          "width": 1280,
          "height": 634.06
        },
        "firstSeen": 0.494,
        "lastSeen": 2.716,
        "occurrences": 25,
        "heldMs": 2222.0000000000005
      },
      {
        "code": "content_overlap",
        "severity": "error",
        "time": 0.494,
        "selector": "#type-repeater-source-root > div:nth-of-type(1) > div:nth-of-type(1) > div:nth-of-type(1)",
        "message": "Two text blocks overlap and may render unreadable.",
        "rect": {
          "left": 0,
          "top": 42.97,
          "right": 1280,
          "bottom": 677.03,
          "width": 1280,
          "height": 634.06
        },
        "containerSelector": "#type-repeater-source-root > div:nth-of-type(1) > div:nth-of-type(1) > div:nth-of-type(7)",
        "text": "Repeat",
        "fixHint": "Give each block its own zone, or mark intentional layering with data-layout-allow-overlap.",
        "dataAttributes": {},
        "sourceFile": "compositions/type-repeater.html",
        "bbox": {
          "x": 0,
          "y": 42.97,
          "width": 1280,
          "height": 634.06
        },
        "firstSeen": 0.494,
        "lastSeen": 2.716,
        "occurrences": 25,
        "heldMs": 2222.0000000000005
      },
      {
        "code": "content_overlap",
        "severity": "error",
        "time": 0.494,
        "selector": "#type-repeater-source-root > div:nth-of-type(1) > div:nth-of-type(1) > div:nth-of-type(1)",
        "message": "Two text blocks overlap and may render unreadable.",
        "rect": {
          "left": 0,
          "top": 42.97,
          "right": 1280,
          "bottom": 677.03,
          "width": 1280,
          "height": 634.06
        },
        "containerSelector": "#type-repeater-source-root > div:nth-of-type(1) > div:nth-of-type(1) > div:nth-of-type(8)",
        "text": "Repeat",
        "fixHint": "Give each block its own zone, or mark intentional layering with data-layout-allow-overlap.",
        "dataAttributes": {},
        "sourceFile": "compositions/type-repeater.html",
        "bbox": {
          "x": 0,
          "y": 42.97,
          "width": 1280,
          "height": 634.06
        },
        "firstSeen": 0.494,
        "lastSeen": 2.716,
        "occurrences": 25,
        "heldMs": 2222.0000000000005
      },
      {
        "code": "content_overlap",
        "severity": "error",
        "time": 0.494,
        "selector": "#type-repeater-source-root > div:nth-of-type(1) > div:nth-of-type(1) > div:nth-of-type(1)",
        "message": "Two text blocks overlap and may render unreadable.",
        "rect": {
          "left": 0,
          "top": 42.97,
          "right": 1280,
          "bottom": 677.03,
          "width": 1280,
          "height": 634.06
        },
        "containerSelector": "#type-repeater-source-root > div:nth-of-type(1) > div:nth-of-type(1) > div:nth-of-type(9)",
        "text": "Repeat",
        "fixHint": "Give each block its own zone, or mark intentional layering with data-layout-allow-overlap.",
        "dataAttributes": {},
        "sourceFile": "compositions/type-repeater.html",
        "bbox": {
          "x": 0,
          "y": 42.97,
          "width": 1280,
          "height": 634.06
        },
        "firstSeen": 0.494,
        "lastSeen": 2.716,
        "occurrences": 25,
        "heldMs": 2222.0000000000005
      },
      {
        "code": "content_overlap",
        "severity": "error",
        "time": 0.494,
        "selector": "#type-repeater-source-root > div:nth-of-type(1) > div:nth-of-type(1) > div:nth-of-type(1)",
        "message": "Two text blocks overlap and may render unreadable.",
        "rect": {
          "left": 0,
          "top": 42.97,
          "right": 1280,
          "bottom": 677.03,
          "width": 1280,
          "height": 634.06
        },
        "containerSelector": "#type-repeater-source-root > div:nth-of-type(1) > div:nth-of-type(1) > div:nth-of-type(10)",
        "text": "Repeat",
        "fixHint": "Give each block its own zone, or mark intentional layering with data-layout-allow-overlap.",
        "dataAttributes": {},
        "sourceFile": "compositions/type-repeater.html",
        "bbox": {
          "x": 0,
          "y": 42.97,
          "width": 1280,
          "height": 634.06
        },
        "firstSeen": 0.494,
        "lastSeen": 2.716,
        "occurrences": 25,
        "heldMs": 2222.0000000000005
      },
      {
        "code": "content_overlap",
        "severity": "error",
        "time": 0.494,
        "selector": "#type-repeater-source-root > div:nth-of-type(1) > div:nth-of-type(1) > div:nth-of-type(1)",
        "message": "Two text blocks overlap and may render unreadable.",
        "rect": {
          "left": 0,
          "top": 42.97,
          "right": 1280,
          "bottom": 677.03,
          "width": 1280,
          "height": 634.06
        },
        "containerSelector": "#type-repeater-source-root > div:nth-of-type(1) > div:nth-of-type(1) > div:nth-of-type(11)",
        "text": "Repeat",
        "fixHint": "Give each block its own zone, or mark intentional layering with data-layout-allow-overlap.",
        "dataAttributes": {},
        "sourceFile": "compositions/type-repeater.html",
        "bbox": {
          "x": 0,
          "y": 42.97,
          "width": 1280,
          "height": 634.06
        },
        "firstSeen": 0.494,
        "lastSeen": 2.716,
        "occurrences": 25,
        "heldMs": 2222.0000000000005
      },
      {
        "code": "content_overlap",
        "severity": "error",
        "time": 0.494,
        "selector": "#type-repeater-source-root > div:nth-of-type(1) > div:nth-of-type(1) > div:nth-of-type(1)",
        "message": "Two text blocks overlap and may render unreadable.",
        "rect": {
          "left": 0,
          "top": 42.97,
          "right": 1280,
          "bottom": 677.03,
          "width": 1280,
          "height": 634.06
        },
        "containerSelector": "#type-repeater-source-root > div:nth-of-type(1) > div:nth-of-type(1) > div:nth-of-type(12)",
        "text": "Repeat",
        "fixHint": "Give each block its own zone, or mark intentional layering with data-layout-allow-overlap.",
        "dataAttributes": {},
        "sourceFile": "compositions/type-repeater.html",
        "bbox": {
          "x": 0,
          "y": 42.97,
          "width": 1280,
          "height": 634.06
        },
        "firstSeen": 0.494,
        "lastSeen": 2.716,
        "occurrences": 25,
        "heldMs": 2222.0000000000005
      },
      {
        "code": "escaped_container",
        "severity": "warning",
        "time": 0.556,
        "selector": "#type-repeater-source-root > div:nth-of-type(1) > div:nth-of-type(1) > div:nth-of-type(1)",
        "message": "Positioned element renders far outside its offset parent — its coordinates were likely computed in a different frame (canvas/viewport pixels).",
        "rect": {
          "left": -263.07,
          "top": 99.75,
          "right": 1543.05,
          "bottom": 620.25,
          "width": 1806.12,
          "height": 520.49
        },
        "containerSelector": "#type-repeater-source-root > div:nth-of-type(1) > div:nth-of-type(1)",
        "text": "Repeat",
        "fixHint": "Compute left/top in the offset parent's frame (subtract its rect), or mark intentional placement with data-layout-allow-overflow.",
        "containerRect": {
          "left": 449.14,
          "top": 305,
          "right": 830.84,
          "bottom": 415,
          "width": 381.7,
          "height": 110
        },
        "dataAttributes": {},
        "sourceFile": "compositions/type-repeater.html",
        "bbox": {
          "x": -263.07,
          "y": 99.75,
          "width": 1806.12,
          "height": 520.49
        },
        "firstSeen": 0.556,
        "lastSeen": 2.407,
        "occurrences": 6,
        "heldMs": 1851
      },
      {
        "code": "escaped_container",
        "severity": "warning",
        "time": 0.556,
        "selector": "#type-repeater-source-root > div:nth-of-type(1) > div:nth-of-type(1) > div:nth-of-type(2)",
        "message": "Positioned element renders far outside its offset parent — its coordinates were likely computed in a different frame (canvas/viewport pixels).",
        "rect": {
          "left": -144.07,
          "top": 134.05,
          "right": 1424.05,
          "bottom": 585.95,
          "width": 1568.12,
          "height": 451.91
        },
        "containerSelector": "#type-repeater-source-root > div:nth-of-type(1) > div:nth-of-type(1)",
        "text": "Repeat",
        "fixHint": "Compute left/top in the offset parent's frame (subtract its rect), or mark intentional placement with data-layout-allow-overflow.",
        "containerRect": {
          "left": 449.14,
          "top": 305,
          "right": 830.84,
          "bottom": 415,
          "width": 381.7,
          "height": 110
        },
        "dataAttributes": {},
        "sourceFile": "compositions/type-repeater.html",
        "bbox": {
          "x": -144.07,
          "y": 134.05,
          "width": 1568.12,
          "height": 451.91
        },
        "firstSeen": 0.556,
        "lastSeen": 2.407,
        "occurrences": 6,
        "heldMs": 1851
      },
      {
        "code": "escaped_container",
        "severity": "warning",
        "time": 0.556,
        "selector": "#type-repeater-source-root > div:nth-of-type(1) > div:nth-of-type(1) > div:nth-of-type(3)",
        "message": "Positioned element renders far outside its offset parent — its coordinates were likely computed in a different frame (canvas/viewport pixels).",
        "rect": {
          "left": -40.75,
          "top": 163.82,
          "right": 1320.74,
          "bottom": 556.18,
          "width": 1361.49,
          "height": 392.36
        },
        "containerSelector": "#type-repeater-source-root > div:nth-of-type(1) > div:nth-of-type(1)",
        "text": "Repeat",
        "fixHint": "Compute left/top in the offset parent's frame (subtract its rect), or mark intentional placement with data-layout-allow-overflow.",
        "containerRect": {
          "left": 449.14,
          "top": 305,
          "right": 830.84,
          "bottom": 415,
          "width": 381.7,
          "height": 110
        },
        "dataAttributes": {},
        "sourceFile": "compositions/type-repeater.html",
        "bbox": {
          "x": -40.75,
          "y": 163.82,
          "width": 1361.49,
          "height": 392.36
        },
        "firstSeen": 0.556,
        "lastSeen": 2.407,
        "occurrences": 6,
        "heldMs": 1851
      },
      {
        "code": "escaped_container",
        "severity": "warning",
        "time": 0.556,
        "selector": "#type-repeater-source-root > div:nth-of-type(1) > div:nth-of-type(1) > div:nth-of-type(4)",
        "message": "Positioned element renders far outside its offset parent — its coordinates were likely computed in a different frame (canvas/viewport pixels).",
        "rect": {
          "left": 48.95,
          "top": 189.67,
          "right": 1231.04,
          "bottom": 530.33,
          "width": 1182.09,
          "height": 340.66
        },
        "containerSelector": "#type-repeater-source-root > div:nth-of-type(1) > div:nth-of-type(1)",
        "text": "Repeat",
        "fixHint": "Compute left/top in the offset parent's frame (subtract its rect), or mark intentional placement with data-layout-allow-overflow.",
        "containerRect": {
          "left": 449.14,
          "top": 305,
          "right": 830.84,
          "bottom": 415,
          "width": 381.7,
          "height": 110
        },
        "dataAttributes": {},
        "sourceFile": "compositions/type-repeater.html",
        "bbox": {
          "x": 48.95,
          "y": 189.67,
          "width": 1182.09,
          "height": 340.66
        },
        "firstSeen": 0.556,
        "lastSeen": 2.407,
        "occurrences": 6,
        "heldMs": 1851
      },
      {
        "code": "escaped_container",
        "severity": "warning",
        "time": 0.556,
        "selector": "#type-repeater-source-root > div:nth-of-type(1) > div:nth-of-type(1) > div:nth-of-type(5)",
        "message": "Positioned element renders far outside its offset parent — its coordinates were likely computed in a different frame (canvas/viewport pixels).",
        "rect": {
          "left": 126.83,
          "top": 212.12,
          "right": 1153.15,
          "bottom": 507.88,
          "width": 1026.32,
          "height": 295.77
        },
        "containerSelector": "#type-repeater-source-root > div:nth-of-type(1) > div:nth-of-type(1)",
        "text": "Repeat",
        "fixHint": "Compute left/top in the offset parent's frame (subtract its rect), or mark intentional placement with data-layout-allow-overflow.",
        "containerRect": {
          "left": 449.14,
          "top": 305,
          "right": 830.84,
          "bottom": 415,
          "width": 381.7,
          "height": 110
        },
        "dataAttributes": {},
        "sourceFile": "compositions/type-repeater.html",
        "bbox": {
          "x": 126.83,
          "y": 212.12,
          "width": 1026.32,
          "height": 295.77
        },
        "firstSeen": 0.556,
        "lastSeen": 2.407,
        "occurrences": 6,
        "heldMs": 1851
      },
      {
        "code": "escaped_container",
        "severity": "warning",
        "time": 0.556,
        "selector": "#type-repeater-source-root > div:nth-of-type(1) > div:nth-of-type(1) > div:nth-of-type(6)",
        "message": "Positioned element renders far outside its offset parent — its coordinates were likely computed in a different frame (canvas/viewport pixels).",
        "rect": {
          "left": 194.45,
          "top": 231.6,
          "right": 1085.53,
          "bottom": 488.4,
          "width": 891.08,
          "height": 256.79
        },
        "containerSelector": "#type-repeater-source-root > div:nth-of-type(1) > div:nth-of-type(1)",
        "text": "Repeat",
        "fixHint": "Compute left/top in the offset parent's frame (subtract its rect), or mark intentional placement with data-layout-allow-overflow.",
        "containerRect": {
          "left": 449.14,
          "top": 305,
          "right": 830.84,
          "bottom": 415,
          "width": 381.7,
          "height": 110
        },
        "dataAttributes": {},
        "sourceFile": "compositions/type-repeater.html",
        "bbox": {
          "x": 194.45,
          "y": 231.6,
          "width": 891.08,
          "height": 256.79
        },
        "firstSeen": 0.556,
        "lastSeen": 2.407,
        "occurrences": 6,
        "heldMs": 1851
      },
      {
        "code": "escaped_container",
        "severity": "warning",
        "time": 0.556,
        "selector": "#type-repeater-source-root > div:nth-of-type(1) > div:nth-of-type(1) > div:nth-of-type(7)",
        "message": "Positioned element renders far outside its offset parent — its coordinates were likely computed in a different frame (canvas/viewport pixels).",
        "rect": {
          "left": 253.16,
          "top": 248.52,
          "right": 1026.82,
          "bottom": 471.48,
          "width": 773.67,
          "height": 222.96
        },
        "containerSelector": "#type-repeater-source-root > div:nth-of-type(1) > div:nth-of-type(1)",
        "text": "Repeat",
        "fixHint": "Compute left/top in the offset parent's frame (subtract its rect), or mark intentional placement with data-layout-allow-overflow.",
        "containerRect": {
          "left": 449.14,
          "top": 305,
          "right": 830.84,
          "bottom": 415,
          "width": 381.7,
          "height": 110
        },
        "dataAttributes": {},
        "sourceFile": "compositions/type-repeater.html",
        "bbox": {
          "x": 253.16,
          "y": 248.52,
          "width": 773.67,
          "height": 222.96
        },
        "firstSeen": 0.556,
        "lastSeen": 2.407,
        "occurrences": 6,
        "heldMs": 1851
      },
      {
        "code": "escaped_container",
        "severity": "warning",
        "time": 0.926,
        "selector": "#type-repeater-source-root > div:nth-of-type(1) > div:nth-of-type(1) > div:nth-of-type(8)",
        "message": "Positioned element renders far outside its offset parent — its coordinates were likely computed in a different frame (canvas/viewport pixels).",
        "rect": {
          "left": 226.68,
          "top": 240.89,
          "right": 1053.31,
          "bottom": 479.11,
          "width": 826.63,
          "height": 238.22
        },
        "containerSelector": "#type-repeater-source-root > div:nth-of-type(1) > div:nth-of-type(1)",
        "text": "Repeat",
        "fixHint": "Compute left/top in the offset parent's frame (subtract its rect), or mark intentional placement with data-layout-allow-overflow.",
        "containerRect": {
          "left": 449.14,
          "top": 305,
          "right": 830.84,
          "bottom": 415,
          "width": 381.7,
          "height": 110
        },
        "dataAttributes": {},
        "sourceFile": "compositions/type-repeater.html",
        "bbox": {
          "x": 226.68,
          "y": 240.89,
          "width": 826.63,
          "height": 238.22
        },
        "firstSeen": 0.926,
        "lastSeen": 2.407,
        "occurrences": 5,
        "heldMs": 1480.9999999999998
      },
      {
        "code": "text_box_overflow",
        "severity": "info",
        "time": 0.556,
        "selector": "#type-repeater-source-root > div:nth-of-type(1) > div:nth-of-type(1) > div:nth-of-type(1)",
        "message": "Text extends outside its nearest visual/container box.",
        "rect": {
          "left": -263.07,
          "top": 99.75,
          "right": 1543.05,
          "bottom": 620.25,
          "width": 1806.12,
          "height": 520.5
        },
        "containerSelector": "#type-repeater-source-root > div:nth-of-type(1)",
        "text": "Repeat",
        "fixHint": "Text is 1806px x 521px inside 1280px x 720px and overflows by up to 263px; widen the container to at least ~1806px or shrink font-size from 110px to ~78px, or allow wrapping with max-width/fitTextFontSize.",
        "containerRect": {
          "left": 0,
          "top": 0,
          "right": 1280,
          "bottom": 720,
          "width": 1280,
          "height": 720
        },
        "overflow": {
          "left": 263.07,
          "right": 263.05
        },
        "dataAttributes": {},
        "sourceFile": "compositions/type-repeater.html",
        "bbox": {
          "x": -263.07,
          "y": 99.75,
          "width": 1806.12,
          "height": 520.5
        },
        "firstSeen": 0.556,
        "lastSeen": 0.556,
        "occurrences": 1,
        "heldMs": 0
      },
      {
        "code": "canvas_overflow",
        "severity": "info",
        "time": 0.556,
        "selector": "#type-repeater-source-root > div:nth-of-type(1) > div:nth-of-type(1) > div:nth-of-type(1)",
        "message": "Text extends outside the composition canvas.",
        "rect": {
          "left": -263.07,
          "top": 42.97,
          "right": 1543.05,
          "bottom": 677.03,
          "width": 1806.12,
          "height": 634.06
        },
        "containerSelector": "#root",
        "text": "Repeat",
        "fixHint": "Move the text inward, reduce its size, or mark intentional off-canvas animation with data-layout-allow-overflow.",
        "containerRect": {
          "left": 0,
          "top": 0,
          "right": 1280,
          "bottom": 720,
          "width": 1280,
          "height": 720
        },
        "overflow": {
          "left": 263.07,
          "right": 263.05
        },
        "dataAttributes": {},
        "sourceFile": "compositions/type-repeater.html",
        "bbox": {
          "x": -263.07,
          "y": 42.97,
          "width": 1806.12,
          "height": 634.06
        },
        "firstSeen": 0.556,
        "lastSeen": 0.556,
        "occurrences": 1,
        "heldMs": 0
      },
      {
        "code": "text_box_overflow",
        "severity": "info",
        "time": 0.556,
        "selector": "#type-repeater-source-root > div:nth-of-type(1) > div:nth-of-type(1) > div:nth-of-type(2)",
        "message": "Text extends outside its nearest visual/container box.",
        "rect": {
          "left": -144.07,
          "top": 134.05,
          "right": 1424.05,
          "bottom": 585.95,
          "width": 1568.12,
          "height": 451.9
        },
        "containerSelector": "#type-repeater-source-root > div:nth-of-type(1)",
        "text": "Repeat",
        "fixHint": "Text is 1568px x 452px inside 1280px x 720px and overflows by up to 144px; widen the container to at least ~1568px or shrink font-size from 110px to ~90px, or allow wrapping with max-width/fitTextFontSize.",
        "containerRect": {
          "left": 0,
          "top": 0,
          "right": 1280,
          "bottom": 720,
          "width": 1280,
          "height": 720
        },
        "overflow": {
          "left": 144.07,
          "right": 144.05
        },
        "dataAttributes": {},
        "sourceFile": "compositions/type-repeater.html",
        "bbox": {
          "x": -144.07,
          "y": 134.05,
          "width": 1568.12,
          "height": 451.9
        },
        "firstSeen": 0.556,
        "lastSeen": 0.556,
        "occurrences": 1,
        "heldMs": 0
      },
      {
        "code": "canvas_overflow",
        "severity": "info",
        "time": 0.556,
        "selector": "#type-repeater-source-root > div:nth-of-type(1) > div:nth-of-type(1) > div:nth-of-type(2)",
        "message": "Text extends outside the composition canvas.",
        "rect": {
          "left": -144.07,
          "top": 84.75,
          "right": 1424.05,
          "bottom": 635.25,
          "width": 1568.12,
          "height": 550.5
        },
        "containerSelector": "#root",
        "text": "Repeat",
        "fixHint": "Move the text inward, reduce its size, or mark intentional off-canvas animation with data-layout-allow-overflow.",
        "containerRect": {
          "left": 0,
          "top": 0,
          "right": 1280,
          "bottom": 720,
          "width": 1280,
          "height": 720
        },
        "overflow": {
          "left": 144.07,
          "right": 144.05
        },
        "dataAttributes": {},
        "sourceFile": "compositions/type-repeater.html",
        "bbox": {
          "x": -144.07,
          "y": 84.75,
          "width": 1568.12,
          "height": 550.5
        },
        "firstSeen": 0.556,
        "lastSeen": 0.556,
        "occurrences": 1,
        "heldMs": 0
      },
      {
        "code": "text_box_overflow",
        "severity": "info",
        "time": 0.556,
        "selector": "#type-repeater-source-root > div:nth-of-type(1) > div:nth-of-type(1) > div:nth-of-type(3)",
        "message": "Text extends outside its nearest visual/container box.",
        "rect": {
          "left": -40.75,
          "top": 163.82,
          "right": 1320.74,
          "bottom": 556.18,
          "width": 1361.49,
          "height": 392.36
        },
        "containerSelector": "#type-repeater-source-root > div:nth-of-type(1)",
        "text": "Repeat",
        "fixHint": "Text is 1361px x 392px inside 1280px x 720px and overflows by up to 41px; widen the container to at least ~1361px or shrink font-size from 110px to ~103px, or allow wrapping with max-width/fitTextFontSize.",
        "containerRect": {
          "left": 0,
          "top": 0,
          "right": 1280,
          "bottom": 720,
          "width": 1280,
          "height": 720
        },
        "overflow": {
          "left": 40.75,
          "right": 40.74
        },
        "dataAttributes": {},
        "sourceFile": "compositions/type-repeater.html",
        "bbox": {
          "x": -40.75,
          "y": 163.82,
          "width": 1361.49,
          "height": 392.36
        },
        "firstSeen": 0.556,
        "lastSeen": 0.556,
        "occurrences": 1,
        "heldMs": 0
      },
      {
        "code": "canvas_overflow",
        "severity": "info",
        "time": 0.556,
        "selector": "#type-repeater-source-root > div:nth-of-type(1) > div:nth-of-type(1) > div:nth-of-type(3)",
        "message": "Text extends outside the composition canvas.",
        "rect": {
          "left": -40.75,
          "top": 121.02,
          "right": 1320.74,
          "bottom": 598.98,
          "width": 1361.49,
          "height": 477.96
        },
        "containerSelector": "#root",
        "text": "Repeat",
        "fixHint": "Move the text inward, reduce its size, or mark intentional off-canvas animation with data-layout-allow-overflow.",
        "containerRect": {
          "left": 0,
          "top": 0,
          "right": 1280,
          "bottom": 720,
          "width": 1280,
          "height": 720
        },
        "overflow": {
          "left": 40.75,
          "right": 40.74
        },
        "dataAttributes": {},
        "sourceFile": "compositions/type-repeater.html",
        "bbox": {
          "x": -40.75,
          "y": 121.02,
          "width": 1361.49,
          "height": 477.96
        },
        "firstSeen": 0.556,
        "lastSeen": 0.556,
        "occurrences": 1,
        "heldMs": 0
      }
    ],
    "duration": 3.3333333333333335,
    "samples": [
      0.185,
      0.556,
      0.926,
      1.296,
      1.667,
      2.037,
      2.407,
      2.778,
      3.148
    ],
    "transitionSamples": [],
    "transitionSamplesDropped": 0,
    "tolerance": 2,
    "totalIssueCount": 128,
    "truncated": true
  },
  "motion": {
    "ok": true,
    "errorCount": 0,
    "warningCount": 0,
    "infoCount": 0,
    "findings": [],
    "enabled": false,
    "samples": 0
  },
  "contrast": {
    "ok": false,
    "errorCount": 24,
    "warningCount": 0,
    "infoCount": 0,
    "findings": [
      {
        "code": "contrast_aa_failure",
        "severity": "error",
        "message": "Contrast is 2.63:1; WCAG AA requires 3:1.",
        "text": "Repeat",
        "fg": "rgb(229,229,229)",
        "bg": "rgb(255,77,26)",
        "ratio": 2.63,
        "requiredRatio": 3,
        "suggestedColor": "rgb(66,66,66)",
        "large": true,
        "selector": "div > div > div > div > div > div > div > div:nth-of-type(2)",
        "dataAttributes": {},
        "sourceFile": "compositions/type-repeater.html",
        "bbox": {
          "x": -677.2314453125,
          "y": -19.600250244140625,
          "width": 2634.447265625,
          "height": 759.200439453125
        },
        "time": 0.926
      },
      {
        "code": "contrast_aa_failure",
        "severity": "error",
        "message": "Contrast is 2.15:1; WCAG AA requires 3:1.",
        "text": "Repeat",
        "fg": "rgb(208,208,208)",
        "bg": "rgb(255,77,26)",
        "ratio": 2.15,
        "requiredRatio": 3,
        "suggestedColor": "rgb(66,66,66)",
        "large": true,
        "selector": "div > div > div > div > div > div > div > div:nth-of-type(3)",
        "dataAttributes": {},
        "sourceFile": "compositions/type-repeater.html",
        "bbox": {
          "x": -445.841064453125,
          "y": 47.082305908203125,
          "width": 2171.66650390625,
          "height": 625.83544921875
        },
        "time": 0.926
      },
      {
        "code": "contrast_aa_failure",
        "severity": "error",
        "message": "Contrast is 1.71:1; WCAG AA requires 3:1.",
        "text": "Repeat",
        "fg": "rgb(186,186,186)",
        "bg": "rgb(255,77,26)",
        "ratio": 1.71,
        "requiredRatio": 3,
        "suggestedColor": "rgb(66,66,66)",
        "large": true,
        "selector": "div > div > div > div > div > div > div > div:nth-of-type(4)",
        "dataAttributes": {},
        "sourceFile": "compositions/type-repeater.html",
        "bbox": {
          "x": -255.097900390625,
          "y": 102.05108642578125,
          "width": 1790.18017578125,
          "height": 515.8978271484375
        },
        "time": 0.926
      },
      {
        "code": "contrast_aa_failure",
        "severity": "error",
        "message": "Contrast is 1.22:1; WCAG AA requires 3:1.",
        "text": "Repeat",
        "fg": "rgb(165,165,165)",
        "bg": "rgb(253,98,69)",
        "ratio": 1.22,
        "requiredRatio": 3,
        "suggestedColor": "rgb(73,73,73)",
        "large": true,
        "selector": "div > div > div > div > div > div > div > div:nth-of-type(5)",
        "dataAttributes": {},
        "sourceFile": "compositions/type-repeater.html",
        "bbox": {
          "x": -97.8616943359375,
          "y": 147.36373901367188,
          "width": 1475.707763671875,
          "height": 425.2724914550781
        },
        "time": 0.926
      },
      {
        "code": "contrast_aa_failure",
        "severity": "error",
        "message": "Contrast is 1.03:1; WCAG AA requires 3:1.",
        "text": "Repeat",
        "fg": "rgb(144,144,144)",
        "bg": "rgb(254,80,51)",
        "ratio": 1.03,
        "requiredRatio": 3,
        "suggestedColor": "rgb(67,67,67)",
        "large": true,
        "selector": "div > div > div > div > div > div > div > div:nth-of-type(6)",
        "dataAttributes": {},
        "sourceFile": "compositions/type-repeater.html",
        "bbox": {
          "x": 31.75360107421875,
          "y": 184.71653747558594,
          "width": 1216.47705078125,
          "height": 350.56689453125
        },
        "time": 0.926
      },
      {
        "code": "contrast_aa_failure",
        "severity": "error",
        "message": "Contrast is 1.34:1; WCAG AA requires 3:1.",
        "text": "Repeat",
        "fg": "rgb(123,123,123)",
        "bg": "rgb(251,90,62)",
        "ratio": 1.34,
        "requiredRatio": 3,
        "suggestedColor": "rgb(69,69,69)",
        "large": true,
        "selector": "div > div > div > div > div > div > div > div:nth-of-type(7)",
        "dataAttributes": {},
        "sourceFile": "compositions/type-repeater.html",
        "bbox": {
          "x": 138.59994506835938,
          "y": 215.5077362060547,
          "width": 1002.784423828125,
          "height": 288.9844970703125
        },
        "time": 0.926
      },
      {
        "code": "contrast_aa_failure",
        "severity": "error",
        "message": "Contrast is 1.89:1; WCAG AA requires 3:1.",
        "text": "Repeat",
        "fg": "rgb(102,102,102)",
        "bg": "rgb(247,101,75)",
        "ratio": 1.89,
        "requiredRatio": 3,
        "suggestedColor": "rgb(72,72,72)",
        "large": true,
        "selector": "div > div > div > div > div > div > div > div:nth-of-type(8)",
        "dataAttributes": {},
        "sourceFile": "compositions/type-repeater.html",
        "bbox": {
          "x": 226.6771240234375,
          "y": 240.8900146484375,
          "width": 826.630126953125,
          "height": 238.219970703125
        },
        "time": 0.926
      },
      {
        "code": "contrast_aa_failure",
        "severity": "error",
        "message": "Contrast is 2.4:1; WCAG AA requires 3:1.",
        "text": "Repeat",
        "fg": "rgb(81,81,81)",
        "bg": "rgb(238,94,75)",
        "ratio": 2.4,
        "requiredRatio": 3,
        "suggestedColor": "rgb(66,66,66)",
        "large": true,
        "selector": "div > div > div > div > div > div > div > div:nth-of-type(9)",
        "dataAttributes": {},
        "sourceFile": "compositions/type-repeater.html",
        "bbox": {
          "x": 299.2821960449219,
          "y": 261.8134765625,
          "width": 681.419921875,
          "height": 196.373046875
        },
        "time": 0.926
      },
      {
        "code": "contrast_aa_failure",
        "severity": "error",
        "message": "Contrast is 2.63:1; WCAG AA requires 3:1.",
        "text": "Repeat",
        "fg": "rgb(229,229,229)",
        "bg": "rgb(255,77,26)",
        "ratio": 2.63,
        "requiredRatio": 3,
        "suggestedColor": "rgb(66,66,66)",
        "large": true,
        "selector": "div > div > div > div > div > div > div > div:nth-of-type(2)",
        "dataAttributes": {},
        "sourceFile": "compositions/type-repeater.html",
        "bbox": {
          "x": -586.7607421875,
          "y": 6.471771240234375,
          "width": 2453.505859375,
          "height": 707.056396484375
        },
        "time": 1.667
      },
      {
        "code": "contrast_aa_failure",
        "severity": "error",
        "message": "Contrast is 2.15:1; WCAG AA requires 3:1.",
        "text": "Repeat",
        "fg": "rgb(208,208,208)",
        "bg": "rgb(255,77,26)",
        "ratio": 2.15,
        "requiredRatio": 3,
        "suggestedColor": "rgb(66,66,66)",
        "large": true,
        "selector": "div > div > div > div > div > div > div > div:nth-of-type(3)",
        "dataAttributes": {},
        "sourceFile": "compositions/type-repeater.html",
        "bbox": {
          "x": -378.48431396484375,
          "y": 66.49331665039062,
          "width": 2036.953125,
          "height": 587.013427734375
        },
        "time": 1.667
      },
      {
        "code": "contrast_aa_failure",
        "severity": "error",
        "message": "Contrast is 1.71:1; WCAG AA requires 3:1.",
        "text": "Repeat",
        "fg": "rgb(186,186,186)",
        "bg": "rgb(255,77,26)",
        "ratio": 1.71,
        "requiredRatio": 3,
        "suggestedColor": "rgb(66,66,66)",
        "large": true,
        "selector": "div > div > div > div > div > div > div > div:nth-of-type(4)",
        "dataAttributes": {},
        "sourceFile": "compositions/type-repeater.html",
        "bbox": {
          "x": -205.56866455078125,
          "y": 116.32452392578125,
          "width": 1691.12158203125,
          "height": 487.3509521484375
        },
        "time": 1.667
      },
      {
        "code": "contrast_aa_failure",
        "severity": "error",
        "message": "Contrast is 1.35:1; WCAG AA requires 3:1.",
        "text": "Repeat",
        "fg": "rgb(165,165,165)",
        "bg": "rgb(255,77,26)",
        "ratio": 1.35,
        "requiredRatio": 3,
        "suggestedColor": "rgb(66,66,66)",
        "large": true,
        "selector": "div > div > div > div > div > div > div > div:nth-of-type(5)",
        "dataAttributes": {},
        "sourceFile": "compositions/type-repeater.html",
        "bbox": {
          "x": -62.01043701171875,
          "y": 157.6954345703125,
          "width": 1404.00537109375,
          "height": 404.609130859375
        },
        "time": 1.667
      },
      {
        "code": "contrast_aa_failure",
        "severity": "error",
        "message": "Contrast is 1.04:1; WCAG AA requires 3:1.",
        "text": "Repeat",
        "fg": "rgb(144,144,144)",
        "bg": "rgb(255,77,26)",
        "ratio": 1.04,
        "requiredRatio": 3,
        "suggestedColor": "rgb(66,66,66)",
        "large": true,
        "selector": "div > div > div > div > div > div > div > div:nth-of-type(6)",
        "dataAttributes": {},
        "sourceFile": "compositions/type-repeater.html",
        "bbox": {
          "x": 57.17474365234375,
          "y": 192.04244995117188,
          "width": 1165.634765625,
          "height": 335.9150695800781
        },
        "time": 1.667
      },
      {
        "code": "contrast_aa_failure",
        "severity": "error",
        "message": "Contrast is 1.28:1; WCAG AA requires 3:1.",
        "text": "Repeat",
        "fg": "rgb(123,123,123)",
        "bg": "rgb(255,77,26)",
        "ratio": 1.28,
        "requiredRatio": 3,
        "suggestedColor": "rgb(66,66,66)",
        "large": true,
        "selector": "div > div > div > div > div > div > div > div:nth-of-type(7)",
        "dataAttributes": {},
        "sourceFile": "compositions/type-repeater.html",
        "bbox": {
          "x": 156.12472534179688,
          "y": 220.5580596923828,
          "width": 967.73486328125,
          "height": 278.8839111328125
        },
        "time": 1.667
      },
      {
        "code": "contrast_aa_failure",
        "severity": "error",
        "message": "Contrast is 1.73:1; WCAG AA requires 3:1.",
        "text": "Repeat",
        "fg": "rgb(102,102,102)",
        "bg": "rgb(255,77,26)",
        "ratio": 1.73,
        "requiredRatio": 3,
        "suggestedColor": "rgb(66,66,66)",
        "large": true,
        "selector": "div > div > div > div > div > div > div > div:nth-of-type(8)",
        "dataAttributes": {},
        "sourceFile": "compositions/type-repeater.html",
        "bbox": {
          "x": 238.27511596679688,
          "y": 244.2323455810547,
          "width": 803.43408203125,
          "height": 231.53529357910156
        },
        "time": 1.667
      },
      {
        "code": "contrast_aa_failure",
        "severity": "error",
        "message": "Contrast is 2.39:1; WCAG AA requires 3:1.",
        "text": "Repeat",
        "fg": "rgb(81,81,81)",
        "bg": "rgb(255,77,26)",
        "ratio": 2.39,
        "requiredRatio": 3,
        "suggestedColor": "rgb(66,66,66)",
        "large": true,
        "selector": "div > div > div > div > div > div > div > div:nth-of-type(9)",
        "dataAttributes": {},
        "sourceFile": "compositions/type-repeater.html",
        "bbox": {
          "x": 306.4781494140625,
          "y": 263.8872375488281,
          "width": 667.028076171875,
          "height": 192.22552490234375
        },
        "time": 1.667
      },
      {
        "code": "contrast_aa_failure",
        "severity": "error",
        "message": "Contrast is 2.63:1; WCAG AA requires 3:1.",
        "text": "Repeat",
        "fg": "rgb(229,229,229)",
        "bg": "rgb(255,77,26)",
        "ratio": 2.63,
        "requiredRatio": 3,
        "suggestedColor": "rgb(66,66,66)",
        "large": true,
        "selector": "div > div > div > div > div > div > div > div:nth-of-type(2)",
        "dataAttributes": {},
        "sourceFile": "compositions/type-repeater.html",
        "bbox": {
          "x": -533.123779296875,
          "y": 21.92901611328125,
          "width": 2346.23193359375,
          "height": 676.1419677734375
        },
        "time": 2.407
      },
      {
        "code": "contrast_aa_failure",
        "severity": "error",
        "message": "Contrast is 2.15:1; WCAG AA requires 3:1.",
        "text": "Repeat",
        "fg": "rgb(208,208,208)",
        "bg": "rgb(255,77,26)",
        "ratio": 2.15,
        "requiredRatio": 3,
        "suggestedColor": "rgb(66,66,66)",
        "large": true,
        "selector": "div > div > div > div > div > div > div > div:nth-of-type(3)",
        "dataAttributes": {},
        "sourceFile": "compositions/type-repeater.html",
        "bbox": {
          "x": -338.317626953125,
          "y": 78.06863403320312,
          "width": 1956.61962890625,
          "height": 563.86279296875
        },
        "time": 2.407
      },
      {
        "code": "contrast_aa_failure",
        "severity": "error",
        "message": "Contrast is 1.71:1; WCAG AA requires 3:1.",
        "text": "Repeat",
        "fg": "rgb(186,186,186)",
        "bg": "rgb(255,77,26)",
        "ratio": 1.71,
        "requiredRatio": 3,
        "suggestedColor": "rgb(66,66,66)",
        "large": true,
        "selector": "div > div > div > div > div > div > div > div:nth-of-type(4)",
        "dataAttributes": {},
        "sourceFile": "compositions/type-repeater.html",
        "bbox": {
          "x": -175.86077880859375,
          "y": 124.88580322265625,
          "width": 1631.7060546875,
          "height": 470.2283935546875
        },
        "time": 2.407
      },
      {
        "code": "contrast_aa_failure",
        "severity": "error",
        "message": "Contrast is 1.35:1; WCAG AA requires 3:1.",
        "text": "Repeat",
        "fg": "rgb(165,165,165)",
        "bg": "rgb(255,77,26)",
        "ratio": 1.35,
        "requiredRatio": 3,
        "suggestedColor": "rgb(66,66,66)",
        "large": true,
        "selector": "div > div > div > div > div > div > div > div:nth-of-type(5)",
        "dataAttributes": {},
        "sourceFile": "compositions/type-repeater.html",
        "bbox": {
          "x": -40.38128662109375,
          "y": 163.92855834960938,
          "width": 1360.7470703125,
          "height": 392.1428527832031
        },
        "time": 2.407
      },
      {
        "code": "contrast_aa_failure",
        "severity": "error",
        "message": "Contrast is 1.04:1; WCAG AA requires 3:1.",
        "text": "Repeat",
        "fg": "rgb(144,144,144)",
        "bg": "rgb(255,77,26)",
        "ratio": 1.04,
        "requiredRatio": 3,
        "suggestedColor": "rgb(66,66,66)",
        "large": true,
        "selector": "div > div > div > div > div > div > div > div:nth-of-type(6)",
        "dataAttributes": {},
        "sourceFile": "compositions/type-repeater.html",
        "bbox": {
          "x": 72.60064697265625,
          "y": 196.48793029785156,
          "width": 1134.783203125,
          "height": 327.024169921875
        },
        "time": 2.407
      },
      {
        "code": "contrast_aa_failure",
        "severity": "error",
        "message": "Contrast is 1.28:1; WCAG AA requires 3:1.",
        "text": "Repeat",
        "fg": "rgb(123,123,123)",
        "bg": "rgb(255,77,26)",
        "ratio": 1.28,
        "requiredRatio": 3,
        "suggestedColor": "rgb(66,66,66)",
        "large": true,
        "selector": "div > div > div > div > div > div > div > div:nth-of-type(7)",
        "dataAttributes": {},
        "sourceFile": "compositions/type-repeater.html",
        "bbox": {
          "x": 166.82095336914062,
          "y": 223.64053344726562,
          "width": 946.342529296875,
          "height": 272.71893310546875
        },
        "time": 2.407
      },
      {
        "code": "contrast_aa_failure",
        "severity": "error",
        "message": "Contrast is 1.73:1; WCAG AA requires 3:1.",
        "text": "Repeat",
        "fg": "rgb(102,102,102)",
        "bg": "rgb(255,77,26)",
        "ratio": 1.73,
        "requiredRatio": 3,
        "suggestedColor": "rgb(66,66,66)",
        "large": true,
        "selector": "div > div > div > div > div > div > div > div:nth-of-type(8)",
        "dataAttributes": {},
        "sourceFile": "compositions/type-repeater.html",
        "bbox": {
          "x": 245.39517211914062,
          "y": 246.28421020507812,
          "width": 789.194091796875,
          "height": 227.43157958984375
        },
        "time": 2.407
      },
      {
        "code": "contrast_aa_failure",
        "severity": "error",
        "message": "Contrast is 2.39:1; WCAG AA requires 3:1.",
        "text": "Repeat",
        "fg": "rgb(81,81,81)",
        "bg": "rgb(255,77,26)",
        "ratio": 2.39,
        "requiredRatio": 3,
        "suggestedColor": "rgb(66,66,66)",
        "large": true,
        "selector": "div > div > div > div > div > div > div > div:nth-of-type(9)",
        "dataAttributes": {},
        "sourceFile": "compositions/type-repeater.html",
        "bbox": {
          "x": 310.92144775390625,
          "y": 265.167724609375,
          "width": 658.1414794921875,
          "height": 189.66455078125
        },
        "time": 2.407
      }
    ],
    "enabled": true,
    "samples": [
      0.185,
      0.926,
      1.667,
      2.407,
      3.148
    ],
    "checked": 38,
    "passed": 14
  },
  "hdr": {
    "autoPromotion": null,
    "inspection": "available"
  },
  "snapshots": {
    "enabled": false,
    "files": [],
    "times": [],
    "findingFiles": []
  },
  "_meta": {
    "version": "0.8.99",
    "latestVersion": "0.8.99",
    "updateAvailable": false
  }
}
