[hyperframes] browserGpuMode probe → hardware (WebGL renderer vendor="Google Inc. (NVIDIA Corporation)" renderer="ANGLE (NVIDIA Corporation, NVIDIA GeForce RTX 5060/PCIe/SSE2, OpenGL ES 3.2)")
{
  "ok": true,
  "strict": false,
  "lint": {
    "ok": true,
    "errorCount": 0,
    "warningCount": 0,
    "infoCount": 0,
    "findings": [],
    "filesScanned": 2
  },
  "runtime": {
    "ok": true,
    "errorCount": 0,
    "warningCount": 0,
    "infoCount": 0,
    "findings": []
  },
  "layout": {
    "ok": true,
    "errorCount": 0,
    "warningCount": 9,
    "infoCount": 71,
    "findings": [
      {
        "code": "escaped_container",
        "severity": "warning",
        "time": 0.2,
        "selector": "#snapcn-card-rail-source-root > div:nth-of-type(1) > div:nth-of-type(1) > div:nth-of-type(2) > div:nth-of-type(1) > div:nth-of-type(5)",
        "message": "Positioned element renders far outside its offset parent — its coordinates were likely computed in a different frame (canvas/viewport pixels).",
        "rect": {
          "left": 1907.07,
          "top": 243.63,
          "right": 2711.12,
          "bottom": 719.93,
          "width": 804.05,
          "height": 476.31
        },
        "containerSelector": "#snapcn-card-rail-source-root > div:nth-of-type(1) > div:nth-of-type(1) > div:nth-of-type(2) > div:nth-of-type(1)",
        "text": "Count Grid Scene · 47 frames @snapcn/count-grid",
        "fixHint": "Compute left/top in the offset parent's frame (subtract its rect), or mark intentional placement with data-layout-allow-overflow.",
        "containerRect": {
          "left": -54.1,
          "top": 152.69,
          "right": 1334.12,
          "bottom": 707.1,
          "width": 1388.22,
          "height": 554.41
        },
        "dataAttributes": {},
        "sourceFile": "compositions/snapcn-card-rail.html",
        "bbox": {
          "x": 1907.07,
          "y": 243.63,
          "width": 804.05,
          "height": 476.31
        },
        "firstSeen": 0.2,
        "lastSeen": 1,
        "occurrences": 3
      },
      {
        "code": "escaped_container",
        "severity": "warning",
        "time": 0.2,
        "selector": "#snapcn-card-rail-source-root > div:nth-of-type(1) > div:nth-of-type(1) > div:nth-of-type(2) > div:nth-of-type(1) > div:nth-of-type(6)",
        "message": "Positioned element renders far outside its offset parent — its coordinates were likely computed in a different frame (canvas/viewport pixels).",
        "rect": {
          "left": 2403.08,
          "top": 243.63,
          "right": 3323.6,
          "bottom": 719.93,
          "width": 920.52,
          "height": 476.31
        },
        "containerSelector": "#snapcn-card-rail-source-root > div:nth-of-type(1) > div:nth-of-type(1) > div:nth-of-type(2) > div:nth-of-type(1)",
        "text": "Terminal Simulator Scene · 200 frames @snapcn/terminal-simulator",
        "fixHint": "Compute left/top in the offset parent's frame (subtract its rect), or mark intentional placement with data-layout-allow-overflow.",
        "containerRect": {
          "left": -54.1,
          "top": 152.69,
          "right": 1334.12,
          "bottom": 707.1,
          "width": 1388.22,
          "height": 554.41
        },
        "dataAttributes": {},
        "sourceFile": "compositions/snapcn-card-rail.html",
        "bbox": {
          "x": 2403.08,
          "y": 243.63,
          "width": 920.52,
          "height": 476.31
        },
        "firstSeen": 0.2,
        "lastSeen": 1,
        "occurrences": 3
      },
      {
        "code": "escaped_container",
        "severity": "warning",
        "time": 0.6,
        "selector": "#snapcn-card-rail-source-root > div:nth-of-type(1) > div:nth-of-type(1) > div:nth-of-type(2) > div:nth-of-type(1) > div:nth-of-type(1)",
        "message": "Positioned element renders far outside its offset parent — its coordinates were likely computed in a different frame (canvas/viewport pixels).",
        "rect": {
          "left": -566.63,
          "top": 243.63,
          "right": 73.05,
          "bottom": 719.93,
          "width": 639.67,
          "height": 476.31
        },
        "containerSelector": "#snapcn-card-rail-source-root > div:nth-of-type(1) > div:nth-of-type(1) > div:nth-of-type(2) > div:nth-of-type(1)",
        "text": "Orbit Gallery Scene · 300 frames @snapcn/orbit-gallery",
        "fixHint": "Compute left/top in the offset parent's frame (subtract its rect), or mark intentional placement with data-layout-allow-overflow.",
        "containerRect": {
          "left": -54.1,
          "top": 152.69,
          "right": 1334.12,
          "bottom": 707.1,
          "width": 1388.22,
          "height": 554.41
        },
        "dataAttributes": {},
        "sourceFile": "compositions/snapcn-card-rail.html",
        "bbox": {
          "x": -566.63,
          "y": 243.63,
          "width": 639.67,
          "height": 476.31
        },
        "firstSeen": 0.6,
        "lastSeen": 1,
        "occurrences": 2
      },
      {
        "code": "escaped_container",
        "severity": "warning",
        "time": 1.4,
        "selector": "#snapcn-card-rail-source-root > div:nth-of-type(1) > div:nth-of-type(1) > div:nth-of-type(2) > div:nth-of-type(1) > div:nth-of-type(5)",
        "message": "Positioned element renders far outside its offset parent — its coordinates were likely computed in a different frame (canvas/viewport pixels).",
        "rect": {
          "left": 1729.4,
          "top": 243.63,
          "right": 2491.73,
          "bottom": 719.93,
          "width": 762.34,
          "height": 476.31
        },
        "containerSelector": "#snapcn-card-rail-source-root > div:nth-of-type(1) > div:nth-of-type(1) > div:nth-of-type(2) > div:nth-of-type(1)",
        "text": "Terminal Simulator Scene · 200 frames @snapcn/terminal-simulator",
        "fixHint": "Compute left/top in the offset parent's frame (subtract its rect), or mark intentional placement with data-layout-allow-overflow.",
        "containerRect": {
          "left": -54.1,
          "top": 152.69,
          "right": 1334.12,
          "bottom": 707.1,
          "width": 1388.22,
          "height": 554.41
        },
        "dataAttributes": {},
        "sourceFile": "compositions/snapcn-card-rail.html",
        "bbox": {
          "x": 1729.4,
          "y": 243.63,
          "width": 762.34,
          "height": 476.31
        },
        "firstSeen": 1.4,
        "lastSeen": 1.8,
        "occurrences": 2
      },
      {
        "code": "escaped_container",
        "severity": "warning",
        "time": 1.4,
        "selector": "#snapcn-card-rail-source-root > div:nth-of-type(1) > div:nth-of-type(1) > div:nth-of-type(2) > div:nth-of-type(1) > div:nth-of-type(6)",
        "message": "Positioned element renders far outside its offset parent — its coordinates were likely computed in a different frame (canvas/viewport pixels).",
        "rect": {
          "left": 2225.42,
          "top": 243.63,
          "right": 3104.22,
          "bottom": 719.93,
          "width": 878.8,
          "height": 476.31
        },
        "containerSelector": "#snapcn-card-rail-source-root > div:nth-of-type(1) > div:nth-of-type(1) > div:nth-of-type(2) > div:nth-of-type(1)",
        "text": "Logo Flicker Scene · 100 frames @snapcn/logo-flicker",
        "fixHint": "Compute left/top in the offset parent's frame (subtract its rect), or mark intentional placement with data-layout-allow-overflow.",
        "containerRect": {
          "left": -54.1,
          "top": 152.69,
          "right": 1334.12,
          "bottom": 707.1,
          "width": 1388.22,
          "height": 554.41
        },
        "dataAttributes": {},
        "sourceFile": "compositions/snapcn-card-rail.html",
        "bbox": {
          "x": 2225.42,
          "y": 243.63,
          "width": 878.8,
          "height": 476.31
        },
        "firstSeen": 1.4,
        "lastSeen": 1.8,
        "occurrences": 2
      },
      {
        "code": "escaped_container",
        "severity": "warning",
        "time": 2.2,
        "selector": "#snapcn-card-rail-source-root > div:nth-of-type(1) > div:nth-of-type(1) > div:nth-of-type(2) > div:nth-of-type(1) > div:nth-of-type(5)",
        "message": "Positioned element renders far outside its offset parent — its coordinates were likely computed in a different frame (canvas/viewport pixels).",
        "rect": {
          "left": 1904.23,
          "top": 243.63,
          "right": 2707.61,
          "bottom": 719.93,
          "width": 803.39,
          "height": 476.31
        },
        "containerSelector": "#snapcn-card-rail-source-root > div:nth-of-type(1) > div:nth-of-type(1) > div:nth-of-type(2) > div:nth-of-type(1)",
        "text": "Logo Flicker Scene · 100 frames @snapcn/logo-flicker",
        "fixHint": "Compute left/top in the offset parent's frame (subtract its rect), or mark intentional placement with data-layout-allow-overflow.",
        "containerRect": {
          "left": -54.1,
          "top": 152.69,
          "right": 1334.12,
          "bottom": 707.1,
          "width": 1388.22,
          "height": 554.41
        },
        "dataAttributes": {},
        "sourceFile": "compositions/snapcn-card-rail.html",
        "bbox": {
          "x": 1904.23,
          "y": 243.63,
          "width": 803.39,
          "height": 476.31
        },
        "firstSeen": 2.2,
        "lastSeen": 2.6,
        "occurrences": 2
      },
      {
        "code": "escaped_container",
        "severity": "warning",
        "time": 2.2,
        "selector": "#snapcn-card-rail-source-root > div:nth-of-type(1) > div:nth-of-type(1) > div:nth-of-type(2) > div:nth-of-type(1) > div:nth-of-type(6)",
        "message": "Positioned element renders far outside its offset parent — its coordinates were likely computed in a different frame (canvas/viewport pixels).",
        "rect": {
          "left": 2400.25,
          "top": 243.63,
          "right": 3320.1,
          "bottom": 719.93,
          "width": 919.85,
          "height": 476.31
        },
        "containerSelector": "#snapcn-card-rail-source-root > div:nth-of-type(1) > div:nth-of-type(1) > div:nth-of-type(2) > div:nth-of-type(1)",
        "text": "Laptop Frame Scene · 240 frames @snapcn/laptop-frame",
        "fixHint": "Compute left/top in the offset parent's frame (subtract its rect), or mark intentional placement with data-layout-allow-overflow.",
        "containerRect": {
          "left": -54.1,
          "top": 152.69,
          "right": 1334.12,
          "bottom": 707.1,
          "width": 1388.22,
          "height": 554.41
        },
        "dataAttributes": {},
        "sourceFile": "compositions/snapcn-card-rail.html",
        "bbox": {
          "x": 2400.25,
          "y": 243.63,
          "width": 919.85,
          "height": 476.31
        },
        "firstSeen": 2.2,
        "lastSeen": 2.6,
        "occurrences": 2
      },
      {
        "code": "escaped_container",
        "severity": "warning",
        "time": 3,
        "selector": "#snapcn-card-rail-source-root > div:nth-of-type(1) > div:nth-of-type(1) > div:nth-of-type(2) > div:nth-of-type(1) > div:nth-of-type(5)",
        "message": "Positioned element renders far outside its offset parent — its coordinates were likely computed in a different frame (canvas/viewport pixels).",
        "rect": {
          "left": 2053.98,
          "top": 243.63,
          "right": 2892.52,
          "bottom": 719.93,
          "width": 838.55,
          "height": 476.31
        },
        "containerSelector": "#snapcn-card-rail-source-root > div:nth-of-type(1) > div:nth-of-type(1) > div:nth-of-type(2) > div:nth-of-type(1)",
        "text": "Laptop Frame Scene · 240 frames @snapcn/laptop-frame",
        "fixHint": "Compute left/top in the offset parent's frame (subtract its rect), or mark intentional placement with data-layout-allow-overflow.",
        "containerRect": {
          "left": -54.1,
          "top": 152.69,
          "right": 1334.12,
          "bottom": 707.1,
          "width": 1388.22,
          "height": 554.41
        },
        "dataAttributes": {},
        "sourceFile": "compositions/snapcn-card-rail.html",
        "bbox": {
          "x": 2053.98,
          "y": 243.63,
          "width": 838.55,
          "height": 476.31
        },
        "firstSeen": 3,
        "lastSeen": 3.4,
        "occurrences": 2
      },
      {
        "code": "escaped_container",
        "severity": "warning",
        "time": 3,
        "selector": "#snapcn-card-rail-source-root > div:nth-of-type(1) > div:nth-of-type(1) > div:nth-of-type(2) > div:nth-of-type(1) > div:nth-of-type(6)",
        "message": "Positioned element renders far outside its offset parent — its coordinates were likely computed in a different frame (canvas/viewport pixels).",
        "rect": {
          "left": 2550,
          "top": 243.63,
          "right": 3505.02,
          "bottom": 719.93,
          "width": 955.01,
          "height": 476.31
        },
        "containerSelector": "#snapcn-card-rail-source-root > div:nth-of-type(1) > div:nth-of-type(1) > div:nth-of-type(2) > div:nth-of-type(1)",
        "text": "Announce Title Scene · 170 frames @snapcn/announce-title",
        "fixHint": "Compute left/top in the offset parent's frame (subtract its rect), or mark intentional placement with data-layout-allow-overflow.",
        "containerRect": {
          "left": -54.1,
          "top": 152.69,
          "right": 1334.12,
          "bottom": 707.1,
          "width": 1388.22,
          "height": 554.41
        },
        "dataAttributes": {},
        "sourceFile": "compositions/snapcn-card-rail.html",
        "bbox": {
          "x": 2550,
          "y": 243.63,
          "width": 955.01,
          "height": 476.31
        },
        "firstSeen": 3,
        "lastSeen": 3.4,
        "occurrences": 2
      },
      {
        "code": "canvas_overflow",
        "severity": "info",
        "time": 0.2,
        "selector": "#snapcn-card-rail-source-root > div:nth-of-type(1) > div:nth-of-type(1) > div:nth-of-type(2) > div:nth-of-type(1) > div:nth-of-type(1) > div:nth-of-type(1) > div:nth-of-type(1)",
        "message": "Text extends outside the composition canvas.",
        "rect": {
          "left": -133.78,
          "top": 452.6,
          "right": 30.87,
          "bottom": 479.26,
          "width": 164.66,
          "height": 26.66
        },
        "containerSelector": "#root",
        "text": "Orbit Gallery",
        "fixHint": "Move the text inward, reduce its size, or mark intentional off-canvas animation with data-layout-allow-overflow.",
        "containerRect": {
          "left": 0,
          "top": 0,
          "right": 1280,
          "bottom": 720,
          "width": 1280,
          "height": 720
        },
        "overflow": {
          "left": 133.78
        },
        "dataAttributes": {},
        "sourceFile": "compositions/snapcn-card-rail.html",
        "bbox": {
          "x": -133.78,
          "y": 452.6,
          "width": 164.66,
          "height": 26.66
        },
        "firstSeen": 0.2,
        "lastSeen": 0.2,
        "occurrences": 1
      },
      {
        "code": "canvas_overflow",
        "severity": "info",
        "time": 0.2,
        "selector": "#snapcn-card-rail-source-root > div:nth-of-type(1) > div:nth-of-type(1) > div:nth-of-type(2) > div:nth-of-type(1) > div:nth-of-type(1) > div:nth-of-type(1) > div:nth-of-type(2)",
        "message": "Text extends outside the composition canvas.",
        "rect": {
          "left": -144.59,
          "top": 487.59,
          "right": 56.25,
          "bottom": 510.89,
          "width": 200.85,
          "height": 23.3
        },
        "containerSelector": "#root",
        "text": "Scene · 300 frames",
        "fixHint": "Move the text inward, reduce its size, or mark intentional off-canvas animation with data-layout-allow-overflow.",
        "containerRect": {
          "left": 0,
          "top": 0,
          "right": 1280,
          "bottom": 720,
          "width": 1280,
          "height": 720
        },
        "overflow": {
          "left": 144.59
        },
        "dataAttributes": {},
        "sourceFile": "compositions/snapcn-card-rail.html",
        "bbox": {
          "x": -144.59,
          "y": 487.59,
          "width": 200.85,
          "height": 23.3
        },
        "firstSeen": 0.2,
        "lastSeen": 0.2,
        "occurrences": 1
      },
      {
        "code": "canvas_overflow",
        "severity": "info",
        "time": 0.2,
        "selector": "#snapcn-card-rail-source-root > div:nth-of-type(1) > div:nth-of-type(1) > div:nth-of-type(2) > div:nth-of-type(1) > div:nth-of-type(1) > div:nth-of-type(1) > div:nth-of-type(3)",
        "message": "Text extends outside the composition canvas.",
        "rect": {
          "left": -143.51,
          "top": 542.48,
          "right": 76.27,
          "bottom": 564.28,
          "width": 219.78,
          "height": 21.8
        },
        "containerSelector": "#root",
        "text": "@snapcn/orbit-gallery",
        "fixHint": "Move the text inward, reduce its size, or mark intentional off-canvas animation with data-layout-allow-overflow.",
        "containerRect": {
          "left": 0,
          "top": 0,
          "right": 1280,
          "bottom": 720,
          "width": 1280,
          "height": 720
        },
        "overflow": {
          "left": 143.51
        },
        "dataAttributes": {},
        "sourceFile": "compositions/snapcn-card-rail.html",
        "bbox": {
          "x": -143.51,
          "y": 542.48,
          "width": 219.78,
          "height": 21.8
        },
        "firstSeen": 0.2,
        "lastSeen": 0.2,
        "occurrences": 1
      },
      {
        "code": "canvas_overflow",
        "severity": "info",
        "time": 0.2,
        "selector": "#snapcn-card-rail-source-root > div:nth-of-type(1) > div:nth-of-type(1) > div:nth-of-type(2) > div:nth-of-type(1) > div:nth-of-type(4) > div:nth-of-type(1) > div:nth-of-type(1)",
        "message": "Text extends outside the composition canvas.",
        "rect": {
          "left": 1516.65,
          "top": 452.6,
          "right": 1685.94,
          "bottom": 479.26,
          "width": 169.29,
          "height": 26.66
        },
        "containerSelector": "#root",
        "text": "Phone Frame",
        "fixHint": "Move the text inward, reduce its size, or mark intentional off-canvas animation with data-layout-allow-overflow.",
        "containerRect": {
          "left": 0,
          "top": 0,
          "right": 1280,
          "bottom": 720,
          "width": 1280,
          "height": 720
        },
        "overflow": {
          "right": 405.94
        },
        "dataAttributes": {},
        "sourceFile": "compositions/snapcn-card-rail.html",
        "bbox": {
          "x": 1516.65,
          "y": 452.6,
          "width": 169.29,
          "height": 26.66
        },
        "firstSeen": 0.2,
        "lastSeen": 0.2,
        "occurrences": 1
      },
      {
        "code": "canvas_overflow",
        "severity": "info",
        "time": 0.2,
        "selector": "#snapcn-card-rail-source-root > div:nth-of-type(1) > div:nth-of-type(1) > div:nth-of-type(2) > div:nth-of-type(1) > div:nth-of-type(4) > div:nth-of-type(1) > div:nth-of-type(2)",
        "message": "Text extends outside the composition canvas.",
        "rect": {
          "left": 1530.36,
          "top": 487.59,
          "right": 1734.24,
          "bottom": 510.89,
          "width": 203.88,
          "height": 23.3
        },
        "containerSelector": "#root",
        "text": "Scene · 240 frames",
        "fixHint": "Move the text inward, reduce its size, or mark intentional off-canvas animation with data-layout-allow-overflow.",
        "containerRect": {
          "left": 0,
          "top": 0,
          "right": 1280,
          "bottom": 720,
          "width": 1280,
          "height": 720
        },
        "overflow": {
          "right": 454.24
        },
        "dataAttributes": {},
        "sourceFile": "compositions/snapcn-card-rail.html",
        "bbox": {
          "x": 1530.36,
          "y": 487.59,
          "width": 203.88,
          "height": 23.3
        },
        "firstSeen": 0.2,
        "lastSeen": 0.2,
        "occurrences": 1
      },
      {
        "code": "canvas_overflow",
        "severity": "info",
        "time": 0.2,
        "selector": "#snapcn-card-rail-source-root > div:nth-of-type(1) > div:nth-of-type(1) > div:nth-of-type(2) > div:nth-of-type(1) > div:nth-of-type(4) > div:nth-of-type(1) > div:nth-of-type(3)",
        "message": "Text extends outside the composition canvas.",
        "rect": {
          "left": 1571.01,
          "top": 542.48,
          "right": 1801.6,
          "bottom": 564.28,
          "width": 230.59,
          "height": 21.8
        },
        "containerSelector": "#root",
        "text": "@snapcn/phone-frame",
        "fixHint": "Move the text inward, reduce its size, or mark intentional off-canvas animation with data-layout-allow-overflow.",
        "containerRect": {
          "left": 0,
          "top": 0,
          "right": 1280,
          "bottom": 720,
          "width": 1280,
          "height": 720
        },
        "overflow": {
          "right": 521.6
        },
        "dataAttributes": {},
        "sourceFile": "compositions/snapcn-card-rail.html",
        "bbox": {
          "x": 1571.01,
          "y": 542.48,
          "width": 230.59,
          "height": 21.8
        },
        "firstSeen": 0.2,
        "lastSeen": 0.2,
        "occurrences": 1
      },
      {
        "code": "canvas_overflow",
        "severity": "info",
        "time": 0.2,
        "selector": "#snapcn-card-rail-source-root > div:nth-of-type(1) > div:nth-of-type(1) > div:nth-of-type(2) > div:nth-of-type(1) > div:nth-of-type(5) > div:nth-of-type(1) > div:nth-of-type(1)",
        "message": "Text extends outside the composition canvas.",
        "rect": {
          "left": 2063.77,
          "top": 452.6,
          "right": 2214.82,
          "bottom": 479.26,
          "width": 151.04,
          "height": 26.66
        },
        "containerSelector": "#root",
        "text": "Count Grid",
        "fixHint": "Move the text inward, reduce its size, or mark intentional off-canvas animation with data-layout-allow-overflow.",
        "containerRect": {
          "left": 0,
          "top": 0,
          "right": 1280,
          "bottom": 720,
          "width": 1280,
          "height": 720
        },
        "overflow": {
          "right": 934.82
        },
        "dataAttributes": {},
        "sourceFile": "compositions/snapcn-card-rail.html",
        "bbox": {
          "x": 2063.77,
          "y": 452.6,
          "width": 151.04,
          "height": 26.66
        },
        "firstSeen": 0.2,
        "lastSeen": 0.2,
        "occurrences": 1
      },
      {
        "code": "canvas_overflow",
        "severity": "info",
        "time": 0.2,
        "selector": "#snapcn-card-rail-source-root > div:nth-of-type(1) > div:nth-of-type(1) > div:nth-of-type(2) > div:nth-of-type(1) > div:nth-of-type(5) > div:nth-of-type(1) > div:nth-of-type(2)",
        "message": "Text extends outside the composition canvas.",
        "rect": {
          "left": 2086.04,
          "top": 487.59,
          "right": 2280.78,
          "bottom": 510.89,
          "width": 194.74,
          "height": 23.3
        },
        "containerSelector": "#root",
        "text": "Scene · 47 frames",
        "fixHint": "Move the text inward, reduce its size, or mark intentional off-canvas animation with data-layout-allow-overflow.",
        "containerRect": {
          "left": 0,
          "top": 0,
          "right": 1280,
          "bottom": 720,
          "width": 1280,
          "height": 720
        },
        "overflow": {
          "right": 1000.78
        },
        "dataAttributes": {},
        "sourceFile": "compositions/snapcn-card-rail.html",
        "bbox": {
          "x": 2086.04,
          "y": 487.59,
          "width": 194.74,
          "height": 23.3
        },
        "firstSeen": 0.2,
        "lastSeen": 0.2,
        "occurrences": 1
      },
      {
        "code": "canvas_overflow",
        "severity": "info",
        "time": 0.2,
        "selector": "#snapcn-card-rail-source-root > div:nth-of-type(1) > div:nth-of-type(1) > div:nth-of-type(2) > div:nth-of-type(1) > div:nth-of-type(5) > div:nth-of-type(1) > div:nth-of-type(3)",
        "message": "Text extends outside the composition canvas.",
        "rect": {
          "left": 2140.11,
          "top": 542.48,
          "right": 2352.99,
          "bottom": 564.28,
          "width": 212.88,
          "height": 21.8
        },
        "containerSelector": "#root",
        "text": "@snapcn/count-grid",
        "fixHint": "Move the text inward, reduce its size, or mark intentional off-canvas animation with data-layout-allow-overflow.",
        "containerRect": {
          "left": 0,
          "top": 0,
          "right": 1280,
          "bottom": 720,
          "width": 1280,
          "height": 720
        },
        "overflow": {
          "right": 1072.99
        },
        "dataAttributes": {},
        "sourceFile": "compositions/snapcn-card-rail.html",
        "bbox": {
          "x": 2140.11,
          "y": 542.48,
          "width": 212.88,
          "height": 21.8
        },
        "firstSeen": 0.2,
        "lastSeen": 0.2,
        "occurrences": 1
      },
      {
        "code": "canvas_overflow",
        "severity": "info",
        "time": 0.2,
        "selector": "#snapcn-card-rail-source-root > div:nth-of-type(1) > div:nth-of-type(1) > div:nth-of-type(2) > div:nth-of-type(1) > div:nth-of-type(6) > div:nth-of-type(1) > div:nth-of-type(1)",
        "message": "Text extends outside the composition canvas.",
        "rect": {
          "left": 2610.88,
          "top": 452.6,
          "right": 2862.49,
          "bottom": 479.26,
          "width": 251.61,
          "height": 26.66
        },
        "containerSelector": "#root",
        "text": "Terminal Simulator",
        "fixHint": "Move the text inward, reduce its size, or mark intentional off-canvas animation with data-layout-allow-overflow.",
        "containerRect": {
          "left": 0,
          "top": 0,
          "right": 1280,
          "bottom": 720,
          "width": 1280,
          "height": 720
        },
        "overflow": {
          "right": 1582.49
        },
        "dataAttributes": {},
        "sourceFile": "compositions/snapcn-card-rail.html",
        "bbox": {
          "x": 2610.88,
          "y": 452.6,
          "width": 251.61,
          "height": 26.66
        },
        "firstSeen": 0.2,
        "lastSeen": 0.2,
        "occurrences": 1
      },
      {
        "code": "canvas_overflow",
        "severity": "info",
        "time": 0.2,
        "selector": "#snapcn-card-rail-source-root > div:nth-of-type(1) > div:nth-of-type(1) > div:nth-of-type(2) > div:nth-of-type(1) > div:nth-of-type(6) > div:nth-of-type(1) > div:nth-of-type(2)",
        "message": "Text extends outside the composition canvas.",
        "rect": {
          "left": 2641.7,
          "top": 487.59,
          "right": 2857.42,
          "bottom": 510.89,
          "width": 215.72,
          "height": 23.3
        },
        "containerSelector": "#root",
        "text": "Scene · 200 frames",
        "fixHint": "Move the text inward, reduce its size, or mark intentional off-canvas animation with data-layout-allow-overflow.",
        "containerRect": {
          "left": 0,
          "top": 0,
          "right": 1280,
          "bottom": 720,
          "width": 1280,
          "height": 720
        },
        "overflow": {
          "right": 1577.42
        },
        "dataAttributes": {},
        "sourceFile": "compositions/snapcn-card-rail.html",
        "bbox": {
          "x": 2641.7,
          "y": 487.59,
          "width": 215.72,
          "height": 23.3
        },
        "firstSeen": 0.2,
        "lastSeen": 0.2,
        "occurrences": 1
      },
      {
        "code": "canvas_overflow",
        "severity": "info",
        "time": 0.2,
        "selector": "#snapcn-card-rail-source-root > div:nth-of-type(1) > div:nth-of-type(1) > div:nth-of-type(2) > div:nth-of-type(1) > div:nth-of-type(6) > div:nth-of-type(1) > div:nth-of-type(3)",
        "message": "Text extends outside the composition canvas.",
        "rect": {
          "left": 2709.2,
          "top": 542.48,
          "right": 3000.22,
          "bottom": 564.28,
          "width": 291.02,
          "height": 21.8
        },
        "containerSelector": "#root",
        "text": "@snapcn/terminal-simulator",
        "fixHint": "Move the text inward, reduce its size, or mark intentional off-canvas animation with data-layout-allow-overflow.",
        "containerRect": {
          "left": 0,
          "top": 0,
          "right": 1280,
          "bottom": 720,
          "width": 1280,
          "height": 720
        },
        "overflow": {
          "right": 1720.22
        },
        "dataAttributes": {},
        "sourceFile": "compositions/snapcn-card-rail.html",
        "bbox": {
          "x": 2709.2,
          "y": 542.48,
          "width": 291.02,
          "height": 21.8
        },
        "firstSeen": 0.2,
        "lastSeen": 0.2,
        "occurrences": 1
      },
      {
        "code": "panel_out_of_canvas",
        "severity": "info",
        "time": 0.2,
        "selector": "#snapcn-card-rail-source-root > div:nth-of-type(1) > div:nth-of-type(1) > div:nth-of-type(2) > div:nth-of-type(1) > div:nth-of-type(1)",
        "message": "Painted panel extends outside the composition canvas.",
        "rect": {
          "left": -245.34,
          "top": 243.63,
          "right": 333.24,
          "bottom": 719.93,
          "width": 578.58,
          "height": 476.31
        },
        "containerSelector": "#root",
        "text": "Orbit Gallery Scene · 300 frames @snapcn/orbit-g",
        "fixHint": "Move the panel inward, or mark intentional off-canvas animation with data-layout-allow-overflow.",
        "containerRect": {
          "left": 0,
          "top": 0,
          "right": 1280,
          "bottom": 720,
          "width": 1280,
          "height": 720
        },
        "overflow": {
          "left": 245.34
        },
        "dataAttributes": {},
        "sourceFile": "compositions/snapcn-card-rail.html",
        "bbox": {
          "x": -245.34,
          "y": 243.63,
          "width": 578.58,
          "height": 476.31
        },
        "firstSeen": 0.2,
        "lastSeen": 0.2,
        "occurrences": 1
      },
      {
        "code": "panel_out_of_canvas",
        "severity": "info",
        "time": 0.2,
        "selector": "#snapcn-card-rail-source-root > div:nth-of-type(1) > div:nth-of-type(1) > div:nth-of-type(2) > div:nth-of-type(1) > div:nth-of-type(3)",
        "message": "Painted panel extends outside the composition canvas.",
        "rect": {
          "left": 915.03,
          "top": 243.63,
          "right": 1486.16,
          "bottom": 719.93,
          "width": 571.13,
          "height": 476.31
        },
        "containerSelector": "#root",
        "text": "Hero Launch Scene · 170 frames @snapcn/hero-laun",
        "fixHint": "Move the panel inward, or mark intentional off-canvas animation with data-layout-allow-overflow.",
        "containerRect": {
          "left": 0,
          "top": 0,
          "right": 1280,
          "bottom": 720,
          "width": 1280,
          "height": 720
        },
        "overflow": {
          "right": 206.16
        },
        "dataAttributes": {},
        "sourceFile": "compositions/snapcn-card-rail.html",
        "bbox": {
          "x": 915.03,
          "y": 243.63,
          "width": 571.13,
          "height": 476.31
        },
        "firstSeen": 0.2,
        "lastSeen": 0.2,
        "occurrences": 1
      },
      {
        "code": "canvas_overflow",
        "severity": "info",
        "time": 0.6,
        "selector": "#snapcn-card-rail-source-root > div:nth-of-type(1) > div:nth-of-type(1) > div:nth-of-type(2) > div:nth-of-type(1) > div:nth-of-type(1) > div:nth-of-type(1) > div:nth-of-type(1)",
        "message": "Text extends outside the composition canvas.",
        "rect": {
          "left": -424.2,
          "top": 452.6,
          "right": -256.12,
          "bottom": 479.26,
          "width": 168.08,
          "height": 26.66
        },
        "containerSelector": "#root",
        "text": "Orbit Gallery",
        "fixHint": "Move the text inward, reduce its size, or mark intentional off-canvas animation with data-layout-allow-overflow.",
        "containerRect": {
          "left": 0,
          "top": 0,
          "right": 1280,
          "bottom": 720,
          "width": 1280,
          "height": 720
        },
        "overflow": {
          "left": 424.2
        },
        "dataAttributes": {},
        "sourceFile": "compositions/snapcn-card-rail.html",
        "bbox": {
          "x": -424.2,
          "y": 452.6,
          "width": 168.08,
          "height": 26.66
        },
        "firstSeen": 0.6,
        "lastSeen": 0.6,
        "occurrences": 1
      },
      {
        "code": "canvas_overflow",
        "severity": "info",
        "time": 0.6,
        "selector": "#snapcn-card-rail-source-root > div:nth-of-type(1) > div:nth-of-type(1) > div:nth-of-type(2) > div:nth-of-type(1) > div:nth-of-type(1) > div:nth-of-type(1) > div:nth-of-type(2)",
        "message": "Text extends outside the composition canvas.",
        "rect": {
          "left": -439.06,
          "top": 487.59,
          "right": -235.23,
          "bottom": 510.89,
          "width": 203.83,
          "height": 23.3
        },
        "containerSelector": "#root",
        "text": "Scene · 300 frames",
        "fixHint": "Move the text inward, reduce its size, or mark intentional off-canvas animation with data-layout-allow-overflow.",
        "containerRect": {
          "left": 0,
          "top": 0,
          "right": 1280,
          "bottom": 720,
          "width": 1280,
          "height": 720
        },
        "overflow": {
          "left": 439.06
        },
        "dataAttributes": {},
        "sourceFile": "compositions/snapcn-card-rail.html",
        "bbox": {
          "x": -439.06,
          "y": 487.59,
          "width": 203.83,
          "height": 23.3
        },
        "firstSeen": 0.6,
        "lastSeen": 0.6,
        "occurrences": 1
      },
      {
        "code": "canvas_overflow",
        "severity": "info",
        "time": 0.6,
        "selector": "#snapcn-card-rail-source-root > div:nth-of-type(1) > div:nth-of-type(1) > div:nth-of-type(2) > div:nth-of-type(1) > div:nth-of-type(1) > div:nth-of-type(1) > div:nth-of-type(3)",
        "message": "Text extends outside the composition canvas.",
        "rect": {
          "left": -444.83,
          "top": 542.48,
          "right": -222.26,
          "bottom": 564.28,
          "width": 222.58,
          "height": 21.8
        },
        "containerSelector": "#root",
        "text": "@snapcn/orbit-gallery",
        "fixHint": "Move the text inward, reduce its size, or mark intentional off-canvas animation with data-layout-allow-overflow.",
        "containerRect": {
          "left": 0,
          "top": 0,
          "right": 1280,
          "bottom": 720,
          "width": 1280,
          "height": 720
        },
        "overflow": {
          "left": 444.83
        },
        "dataAttributes": {},
        "sourceFile": "compositions/snapcn-card-rail.html",
        "bbox": {
          "x": -444.83,
          "y": 542.48,
          "width": 222.58,
          "height": 21.8
        },
        "firstSeen": 0.6,
        "lastSeen": 0.6,
        "occurrences": 1
      },
      {
        "code": "canvas_overflow",
        "severity": "info",
        "time": 0.6,
        "selector": "#snapcn-card-rail-source-root > div:nth-of-type(1) > div:nth-of-type(1) > div:nth-of-type(2) > div:nth-of-type(1) > div:nth-of-type(4) > div:nth-of-type(1) > div:nth-of-type(1)",
        "message": "Text extends outside the composition canvas.",
        "rect": {
          "left": 1229.65,
          "top": 452.6,
          "right": 1395.52,
          "bottom": 479.26,
          "width": 165.87,
          "height": 26.66
        },
        "containerSelector": "#root",
        "text": "Phone Frame",
        "fixHint": "Move the text inward, reduce its size, or mark intentional off-canvas animation with data-layout-allow-overflow.",
        "containerRect": {
          "left": 0,
          "top": 0,
          "right": 1280,
          "bottom": 720,
          "width": 1280,
          "height": 720
        },
        "overflow": {
          "right": 115.52
        },
        "dataAttributes": {},
        "sourceFile": "compositions/snapcn-card-rail.html",
        "bbox": {
          "x": 1229.65,
          "y": 452.6,
          "width": 165.87,
          "height": 26.66
        },
        "firstSeen": 0.6,
        "lastSeen": 0.6,
        "occurrences": 1
      },
      {
        "code": "canvas_overflow",
        "severity": "info",
        "time": 0.6,
        "selector": "#snapcn-card-rail-source-root > div:nth-of-type(1) > div:nth-of-type(1) > div:nth-of-type(2) > div:nth-of-type(1) > div:nth-of-type(4) > div:nth-of-type(1) > div:nth-of-type(2)",
        "message": "Text extends outside the composition canvas.",
        "rect": {
          "left": 1238.88,
          "top": 487.59,
          "right": 1439.77,
          "bottom": 510.89,
          "width": 200.89,
          "height": 23.3
        },
        "containerSelector": "#root",
        "text": "Scene · 240 frames",
        "fixHint": "Move the text inward, reduce its size, or mark intentional off-canvas animation with data-layout-allow-overflow.",
        "containerRect": {
          "left": 0,
          "top": 0,
          "right": 1280,
          "bottom": 720,
          "width": 1280,
          "height": 720
        },
        "overflow": {
          "right": 159.77
        },
        "dataAttributes": {},
        "sourceFile": "compositions/snapcn-card-rail.html",
        "bbox": {
          "x": 1238.88,
          "y": 487.59,
          "width": 200.89,
          "height": 23.3
        },
        "firstSeen": 0.6,
        "lastSeen": 0.6,
        "occurrences": 1
      },
      {
        "code": "canvas_overflow",
        "severity": "info",
        "time": 0.6,
        "selector": "#snapcn-card-rail-source-root > div:nth-of-type(1) > div:nth-of-type(1) > div:nth-of-type(2) > div:nth-of-type(1) > div:nth-of-type(4) > div:nth-of-type(1) > div:nth-of-type(3)",
        "message": "Text extends outside the composition canvas.",
        "rect": {
          "left": 1272.49,
          "top": 542.48,
          "right": 1500.28,
          "bottom": 564.28,
          "width": 227.8,
          "height": 21.8
        },
        "containerSelector": "#root",
        "text": "@snapcn/phone-frame",
        "fixHint": "Move the text inward, reduce its size, or mark intentional off-canvas animation with data-layout-allow-overflow.",
        "containerRect": {
          "left": 0,
          "top": 0,
          "right": 1280,
          "bottom": 720,
          "width": 1280,
          "height": 720
        },
        "overflow": {
          "right": 220.28
        },
        "dataAttributes": {},
        "sourceFile": "compositions/snapcn-card-rail.html",
        "bbox": {
          "x": 1272.49,
          "y": 542.48,
          "width": 227.8,
          "height": 21.8
        },
        "firstSeen": 0.6,
        "lastSeen": 0.6,
        "occurrences": 1
      },
      {
        "code": "canvas_overflow",
        "severity": "info",
        "time": 0.6,
        "selector": "#snapcn-card-rail-source-root > div:nth-of-type(1) > div:nth-of-type(1) > div:nth-of-type(2) > div:nth-of-type(1) > div:nth-of-type(5) > div:nth-of-type(1) > div:nth-of-type(1)",
        "message": "Text extends outside the composition canvas.",
        "rect": {
          "left": 1776.76,
          "top": 452.6,
          "right": 1924.39,
          "bottom": 479.26,
          "width": 147.62,
          "height": 26.66
        },
        "containerSelector": "#root",
        "text": "Count Grid",
        "fixHint": "Move the text inward, reduce its size, or mark intentional off-canvas animation with data-layout-allow-overflow.",
        "containerRect": {
          "left": 0,
          "top": 0,
          "right": 1280,
          "bottom": 720,
          "width": 1280,
          "height": 720
        },
        "overflow": {
          "right": 644.39
        },
        "dataAttributes": {},
        "sourceFile": "compositions/snapcn-card-rail.html",
        "bbox": {
          "x": 1776.76,
          "y": 452.6,
          "width": 147.62,
          "height": 26.66
        },
        "firstSeen": 0.6,
        "lastSeen": 0.6,
        "occurrences": 1
      },
      {
        "code": "canvas_overflow",
        "severity": "info",
        "time": 0.6,
        "selector": "#snapcn-card-rail-source-root > div:nth-of-type(1) > div:nth-of-type(1) > div:nth-of-type(2) > div:nth-of-type(1) > div:nth-of-type(5) > div:nth-of-type(1) > div:nth-of-type(2)",
        "message": "Text extends outside the composition canvas.",
        "rect": {
          "left": 1794.54,
          "top": 487.59,
          "right": 1986.29,
          "bottom": 510.89,
          "width": 191.75,
          "height": 23.3
        },
        "containerSelector": "#root",
        "text": "Scene · 47 frames",
        "fixHint": "Move the text inward, reduce its size, or mark intentional off-canvas animation with data-layout-allow-overflow.",
        "containerRect": {
          "left": 0,
          "top": 0,
          "right": 1280,
          "bottom": 720,
          "width": 1280,
          "height": 720
        },
        "overflow": {
          "right": 706.29
        },
        "dataAttributes": {},
        "sourceFile": "compositions/snapcn-card-rail.html",
        "bbox": {
          "x": 1794.54,
          "y": 487.59,
          "width": 191.75,
          "height": 23.3
        },
        "firstSeen": 0.6,
        "lastSeen": 0.6,
        "occurrences": 1
      },
      {
        "code": "canvas_overflow",
        "severity": "info",
        "time": 0.6,
        "selector": "#snapcn-card-rail-source-root > div:nth-of-type(1) > div:nth-of-type(1) > div:nth-of-type(2) > div:nth-of-type(1) > div:nth-of-type(5) > div:nth-of-type(1) > div:nth-of-type(3)",
        "message": "Text extends outside the composition canvas.",
        "rect": {
          "left": 1841.57,
          "top": 542.48,
          "right": 2051.65,
          "bottom": 564.28,
          "width": 210.08,
          "height": 21.8
        },
        "containerSelector": "#root",
        "text": "@snapcn/count-grid",
        "fixHint": "Move the text inward, reduce its size, or mark intentional off-canvas animation with data-layout-allow-overflow.",
        "containerRect": {
          "left": 0,
          "top": 0,
          "right": 1280,
          "bottom": 720,
          "width": 1280,
          "height": 720
        },
        "overflow": {
          "right": 771.65
        },
        "dataAttributes": {},
        "sourceFile": "compositions/snapcn-card-rail.html",
        "bbox": {
          "x": 1841.57,
          "y": 542.48,
          "width": 210.08,
          "height": 21.8
        },
        "firstSeen": 0.6,
        "lastSeen": 0.6,
        "occurrences": 1
      },
      {
        "code": "canvas_overflow",
        "severity": "info",
        "time": 0.6,
        "selector": "#snapcn-card-rail-source-root > div:nth-of-type(1) > div:nth-of-type(1) > div:nth-of-type(2) > div:nth-of-type(1) > div:nth-of-type(6) > div:nth-of-type(1) > div:nth-of-type(1)",
        "message": "Text extends outside the composition canvas.",
        "rect": {
          "left": 2323.87,
          "top": 452.6,
          "right": 2572.06,
          "bottom": 479.26,
          "width": 248.19,
          "height": 26.66
        },
        "containerSelector": "#root",
        "text": "Terminal Simulator",
        "fixHint": "Move the text inward, reduce its size, or mark intentional off-canvas animation with data-layout-allow-overflow.",
        "containerRect": {
          "left": 0,
          "top": 0,
          "right": 1280,
          "bottom": 720,
          "width": 1280,
          "height": 720
        },
        "overflow": {
          "right": 1292.06
        },
        "dataAttributes": {},
        "sourceFile": "compositions/snapcn-card-rail.html",
        "bbox": {
          "x": 2323.87,
          "y": 452.6,
          "width": 248.19,
          "height": 26.66
        },
        "firstSeen": 0.6,
        "lastSeen": 0.6,
        "occurrences": 1
      },
      {
        "code": "canvas_overflow",
        "severity": "info",
        "time": 0.6,
        "selector": "#snapcn-card-rail-source-root > div:nth-of-type(1) > div:nth-of-type(1) > div:nth-of-type(2) > div:nth-of-type(1) > div:nth-of-type(6) > div:nth-of-type(1) > div:nth-of-type(2)",
        "message": "Text extends outside the composition canvas.",
        "rect": {
          "left": 2350.2,
          "top": 487.59,
          "right": 2562.94,
          "bottom": 510.89,
          "width": 212.73,
          "height": 23.3
        },
        "containerSelector": "#root",
        "text": "Scene · 200 frames",
        "fixHint": "Move the text inward, reduce its size, or mark intentional off-canvas animation with data-layout-allow-overflow.",
        "containerRect": {
          "left": 0,
          "top": 0,
          "right": 1280,
          "bottom": 720,
          "width": 1280,
          "height": 720
        },
        "overflow": {
          "right": 1282.94
        },
        "dataAttributes": {},
        "sourceFile": "compositions/snapcn-card-rail.html",
        "bbox": {
          "x": 2350.2,
          "y": 487.59,
          "width": 212.73,
          "height": 23.3
        },
        "firstSeen": 0.6,
        "lastSeen": 0.6,
        "occurrences": 1
      },
      {
        "code": "canvas_overflow",
        "severity": "info",
        "time": 0.6,
        "selector": "#snapcn-card-rail-source-root > div:nth-of-type(1) > div:nth-of-type(1) > div:nth-of-type(2) > div:nth-of-type(1) > div:nth-of-type(6) > div:nth-of-type(1) > div:nth-of-type(3)",
        "message": "Text extends outside the composition canvas.",
        "rect": {
          "left": 2410.66,
          "top": 542.48,
          "right": 2698.89,
          "bottom": 564.28,
          "width": 288.23,
          "height": 21.8
        },
        "containerSelector": "#root",
        "text": "@snapcn/terminal-simulator",
        "fixHint": "Move the text inward, reduce its size, or mark intentional off-canvas animation with data-layout-allow-overflow.",
        "containerRect": {
          "left": 0,
          "top": 0,
          "right": 1280,
          "bottom": 720,
          "width": 1280,
          "height": 720
        },
        "overflow": {
          "right": 1418.89
        },
        "dataAttributes": {},
        "sourceFile": "compositions/snapcn-card-rail.html",
        "bbox": {
          "x": 2410.66,
          "y": 542.48,
          "width": 288.23,
          "height": 21.8
        },
        "firstSeen": 0.6,
        "lastSeen": 0.6,
        "occurrences": 1
      },
      {
        "code": "escaped_container",
        "severity": "info",
        "time": 0.6,
        "selector": "#snapcn-card-rail-source-root > div:nth-of-type(1) > div:nth-of-type(1) > div:nth-of-type(2) > div:nth-of-type(1) > div:nth-of-type(4)",
        "message": "Positioned element renders far outside its offset parent — its coordinates were likely computed in a different frame (canvas/viewport pixels).",
        "rect": {
          "left": 1150.85,
          "top": 243.63,
          "right": 1777.35,
          "bottom": 719.93,
          "width": 626.49,
          "height": 476.31
        },
        "containerSelector": "#snapcn-card-rail-source-root > div:nth-of-type(1) > div:nth-of-type(1) > div:nth-of-type(2) > div:nth-of-type(1)",
        "text": "Phone Frame Scene · 240 frames @snapcn/phone-frame",
        "fixHint": "Compute left/top in the offset parent's frame (subtract its rect), or mark intentional placement with data-layout-allow-overflow.",
        "containerRect": {
          "left": -54.1,
          "top": 152.69,
          "right": 1334.12,
          "bottom": 707.1,
          "width": 1388.22,
          "height": 554.41
        },
        "dataAttributes": {},
        "sourceFile": "compositions/snapcn-card-rail.html",
        "bbox": {
          "x": 1150.85,
          "y": 243.63,
          "width": 626.49,
          "height": 476.31
        },
        "firstSeen": 0.6,
        "lastSeen": 0.6,
        "occurrences": 1
      },
      {
        "code": "canvas_overflow",
        "severity": "info",
        "time": 1,
        "selector": "#snapcn-card-rail-source-root > div:nth-of-type(1) > div:nth-of-type(1) > div:nth-of-type(2) > div:nth-of-type(1) > div:nth-of-type(1) > div:nth-of-type(1) > div:nth-of-type(1)",
        "message": "Text extends outside the composition canvas.",
        "rect": {
          "left": -495.66,
          "top": 452.6,
          "right": -326.74,
          "bottom": 479.26,
          "width": 168.92,
          "height": 26.66
        },
        "containerSelector": "#root",
        "text": "Orbit Gallery",
        "fixHint": "Move the text inward, reduce its size, or mark intentional off-canvas animation with data-layout-allow-overflow.",
        "containerRect": {
          "left": 0,
          "top": 0,
          "right": 1280,
          "bottom": 720,
          "width": 1280,
          "height": 720
        },
        "overflow": {
          "left": 495.66
        },
        "dataAttributes": {},
        "sourceFile": "compositions/snapcn-card-rail.html",
        "bbox": {
          "x": -495.66,
          "y": 452.6,
          "width": 168.92,
          "height": 26.66
        },
        "firstSeen": 1,
        "lastSeen": 1,
        "occurrences": 1
      },
      {
        "code": "canvas_overflow",
        "severity": "info",
        "time": 1,
        "selector": "#snapcn-card-rail-source-root > div:nth-of-type(1) > div:nth-of-type(1) > div:nth-of-type(2) > div:nth-of-type(1) > div:nth-of-type(1) > div:nth-of-type(1) > div:nth-of-type(2)",
        "message": "Text extends outside the composition canvas.",
        "rect": {
          "left": -511.52,
          "top": 487.59,
          "right": -306.95,
          "bottom": 510.89,
          "width": 204.57,
          "height": 23.3
        },
        "containerSelector": "#root",
        "text": "Scene · 300 frames",
        "fixHint": "Move the text inward, reduce its size, or mark intentional off-canvas animation with data-layout-allow-overflow.",
        "containerRect": {
          "left": 0,
          "top": 0,
          "right": 1280,
          "bottom": 720,
          "width": 1280,
          "height": 720
        },
        "overflow": {
          "left": 511.52
        },
        "dataAttributes": {},
        "sourceFile": "compositions/snapcn-card-rail.html",
        "bbox": {
          "x": -511.52,
          "y": 487.59,
          "width": 204.57,
          "height": 23.3
        },
        "firstSeen": 1,
        "lastSeen": 1,
        "occurrences": 1
      },
      {
        "code": "canvas_overflow",
        "severity": "info",
        "time": 1,
        "selector": "#snapcn-card-rail-source-root > div:nth-of-type(1) > div:nth-of-type(1) > div:nth-of-type(2) > div:nth-of-type(1) > div:nth-of-type(1) > div:nth-of-type(1) > div:nth-of-type(3)",
        "message": "Text extends outside the composition canvas.",
        "rect": {
          "left": -518.97,
          "top": 542.48,
          "right": -295.71,
          "bottom": 564.28,
          "width": 223.26,
          "height": 21.8
        },
        "containerSelector": "#root",
        "text": "@snapcn/orbit-gallery",
        "fixHint": "Move the text inward, reduce its size, or mark intentional off-canvas animation with data-layout-allow-overflow.",
        "containerRect": {
          "left": 0,
          "top": 0,
          "right": 1280,
          "bottom": 720,
          "width": 1280,
          "height": 720
        },
        "overflow": {
          "left": 518.97
        },
        "dataAttributes": {},
        "sourceFile": "compositions/snapcn-card-rail.html",
        "bbox": {
          "x": -518.97,
          "y": 542.48,
          "width": 223.26,
          "height": 21.8
        },
        "firstSeen": 1,
        "lastSeen": 1,
        "occurrences": 1
      },
      {
        "code": "canvas_overflow",
        "severity": "info",
        "time": 1,
        "selector": "#snapcn-card-rail-source-root > div:nth-of-type(1) > div:nth-of-type(1) > div:nth-of-type(2) > div:nth-of-type(1) > div:nth-of-type(4) > div:nth-of-type(1) > div:nth-of-type(1)",
        "message": "Text extends outside the composition canvas.",
        "rect": {
          "left": 1159.04,
          "top": 452.6,
          "right": 1324.06,
          "bottom": 479.26,
          "width": 165.02,
          "height": 26.66
        },
        "containerSelector": "#root",
        "text": "Phone Frame",
        "fixHint": "Move the text inward, reduce its size, or mark intentional off-canvas animation with data-layout-allow-overflow.",
        "containerRect": {
          "left": 0,
          "top": 0,
          "right": 1280,
          "bottom": 720,
          "width": 1280,
          "height": 720
        },
        "overflow": {
          "right": 44.06
        },
        "dataAttributes": {},
        "sourceFile": "compositions/snapcn-card-rail.html",
        "bbox": {
          "x": 1159.04,
          "y": 452.6,
          "width": 165.02,
          "height": 26.66
        },
        "firstSeen": 1,
        "lastSeen": 1,
        "occurrences": 1
      },
      {
        "code": "canvas_overflow",
        "severity": "info",
        "time": 1,
        "selector": "#snapcn-card-rail-source-root > div:nth-of-type(1) > div:nth-of-type(1) > div:nth-of-type(2) > div:nth-of-type(1) > div:nth-of-type(4) > div:nth-of-type(1) > div:nth-of-type(2)",
        "message": "Text extends outside the composition canvas.",
        "rect": {
          "left": 1167.16,
          "top": 487.59,
          "right": 1367.31,
          "bottom": 510.89,
          "width": 200.16,
          "height": 23.3
        },
        "containerSelector": "#root",
        "text": "Scene · 240 frames",
        "fixHint": "Move the text inward, reduce its size, or mark intentional off-canvas animation with data-layout-allow-overflow.",
        "containerRect": {
          "left": 0,
          "top": 0,
          "right": 1280,
          "bottom": 720,
          "width": 1280,
          "height": 720
        },
        "overflow": {
          "right": 87.31
        },
        "dataAttributes": {},
        "sourceFile": "compositions/snapcn-card-rail.html",
        "bbox": {
          "x": 1167.16,
          "y": 487.59,
          "width": 200.16,
          "height": 23.3
        },
        "firstSeen": 1,
        "lastSeen": 1,
        "occurrences": 1
      },
      {
        "code": "canvas_overflow",
        "severity": "info",
        "time": 1,
        "selector": "#snapcn-card-rail-source-root > div:nth-of-type(1) > div:nth-of-type(1) > div:nth-of-type(2) > div:nth-of-type(1) > div:nth-of-type(4) > div:nth-of-type(1) > div:nth-of-type(3)",
        "message": "Text extends outside the composition canvas.",
        "rect": {
          "left": 1199.04,
          "top": 542.48,
          "right": 1426.14,
          "bottom": 564.28,
          "width": 227.11,
          "height": 21.8
        },
        "containerSelector": "#root",
        "text": "@snapcn/phone-frame",
        "fixHint": "Move the text inward, reduce its size, or mark intentional off-canvas animation with data-layout-allow-overflow.",
        "containerRect": {
          "left": 0,
          "top": 0,
          "right": 1280,
          "bottom": 720,
          "width": 1280,
          "height": 720
        },
        "overflow": {
          "right": 146.14
        },
        "dataAttributes": {},
        "sourceFile": "compositions/snapcn-card-rail.html",
        "bbox": {
          "x": 1199.04,
          "y": 542.48,
          "width": 227.11,
          "height": 21.8
        },
        "firstSeen": 1,
        "lastSeen": 1,
        "occurrences": 1
      },
      {
        "code": "canvas_overflow",
        "severity": "info",
        "time": 1,
        "selector": "#snapcn-card-rail-source-root > div:nth-of-type(1) > div:nth-of-type(1) > div:nth-of-type(2) > div:nth-of-type(1) > div:nth-of-type(5) > div:nth-of-type(1) > div:nth-of-type(1)",
        "message": "Text extends outside the composition canvas.",
        "rect": {
          "left": 1706.15,
          "top": 452.6,
          "right": 1852.93,
          "bottom": 479.26,
          "width": 146.78,
          "height": 26.66
        },
        "containerSelector": "#root",
        "text": "Count Grid",
        "fixHint": "Move the text inward, reduce its size, or mark intentional off-canvas animation with data-layout-allow-overflow.",
        "containerRect": {
          "left": 0,
          "top": 0,
          "right": 1280,
          "bottom": 720,
          "width": 1280,
          "height": 720
        },
        "overflow": {
          "right": 572.93
        },
        "dataAttributes": {},
        "sourceFile": "compositions/snapcn-card-rail.html",
        "bbox": {
          "x": 1706.15,
          "y": 452.6,
          "width": 146.78,
          "height": 26.66
        },
        "firstSeen": 1,
        "lastSeen": 1,
        "occurrences": 1
      },
      {
        "code": "canvas_overflow",
        "severity": "info",
        "time": 1,
        "selector": "#snapcn-card-rail-source-root > div:nth-of-type(1) > div:nth-of-type(1) > div:nth-of-type(2) > div:nth-of-type(1) > div:nth-of-type(5) > div:nth-of-type(1) > div:nth-of-type(2)",
        "message": "Text extends outside the composition canvas.",
        "rect": {
          "left": 1722.82,
          "top": 487.59,
          "right": 1913.84,
          "bottom": 510.89,
          "width": 191.02,
          "height": 23.3
        },
        "containerSelector": "#root",
        "text": "Scene · 47 frames",
        "fixHint": "Move the text inward, reduce its size, or mark intentional off-canvas animation with data-layout-allow-overflow.",
        "containerRect": {
          "left": 0,
          "top": 0,
          "right": 1280,
          "bottom": 720,
          "width": 1280,
          "height": 720
        },
        "overflow": {
          "right": 633.84
        },
        "dataAttributes": {},
        "sourceFile": "compositions/snapcn-card-rail.html",
        "bbox": {
          "x": 1722.82,
          "y": 487.59,
          "width": 191.02,
          "height": 23.3
        },
        "firstSeen": 1,
        "lastSeen": 1,
        "occurrences": 1
      },
      {
        "code": "canvas_overflow",
        "severity": "info",
        "time": 1,
        "selector": "#snapcn-card-rail-source-root > div:nth-of-type(1) > div:nth-of-type(1) > div:nth-of-type(2) > div:nth-of-type(1) > div:nth-of-type(5) > div:nth-of-type(1) > div:nth-of-type(3)",
        "message": "Text extends outside the composition canvas.",
        "rect": {
          "left": 1768.12,
          "top": 542.48,
          "right": 1977.51,
          "bottom": 564.28,
          "width": 209.39,
          "height": 21.8
        },
        "containerSelector": "#root",
        "text": "@snapcn/count-grid",
        "fixHint": "Move the text inward, reduce its size, or mark intentional off-canvas animation with data-layout-allow-overflow.",
        "containerRect": {
          "left": 0,
          "top": 0,
          "right": 1280,
          "bottom": 720,
          "width": 1280,
          "height": 720
        },
        "overflow": {
          "right": 697.51
        },
        "dataAttributes": {},
        "sourceFile": "compositions/snapcn-card-rail.html",
        "bbox": {
          "x": 1768.12,
          "y": 542.48,
          "width": 209.39,
          "height": 21.8
        },
        "firstSeen": 1,
        "lastSeen": 1,
        "occurrences": 1
      },
      {
        "code": "canvas_overflow",
        "severity": "info",
        "time": 1,
        "selector": "#snapcn-card-rail-source-root > div:nth-of-type(1) > div:nth-of-type(1) > div:nth-of-type(2) > div:nth-of-type(1) > div:nth-of-type(6) > div:nth-of-type(1) > div:nth-of-type(1)",
        "message": "Text extends outside the composition canvas.",
        "rect": {
          "left": 2253.27,
          "top": 452.6,
          "right": 2500.62,
          "bottom": 479.26,
          "width": 247.35,
          "height": 26.66
        },
        "containerSelector": "#root",
        "text": "Terminal Simulator",
        "fixHint": "Move the text inward, reduce its size, or mark intentional off-canvas animation with data-layout-allow-overflow.",
        "containerRect": {
          "left": 0,
          "top": 0,
          "right": 1280,
          "bottom": 720,
          "width": 1280,
          "height": 720
        },
        "overflow": {
          "right": 1220.62
        },
        "dataAttributes": {},
        "sourceFile": "compositions/snapcn-card-rail.html",
        "bbox": {
          "x": 2253.27,
          "y": 452.6,
          "width": 247.35,
          "height": 26.66
        },
        "firstSeen": 1,
        "lastSeen": 1,
        "occurrences": 1
      },
      {
        "code": "canvas_overflow",
        "severity": "info",
        "time": 1,
        "selector": "#snapcn-card-rail-source-root > div:nth-of-type(1) > div:nth-of-type(1) > div:nth-of-type(2) > div:nth-of-type(1) > div:nth-of-type(6) > div:nth-of-type(1) > div:nth-of-type(2)",
        "message": "Text extends outside the composition canvas.",
        "rect": {
          "left": 2278.5,
          "top": 487.59,
          "right": 2490.5,
          "bottom": 510.89,
          "width": 212,
          "height": 23.3
        },
        "containerSelector": "#root",
        "text": "Scene · 200 frames",
        "fixHint": "Move the text inward, reduce its size, or mark intentional off-canvas animation with data-layout-allow-overflow.",
        "containerRect": {
          "left": 0,
          "top": 0,
          "right": 1280,
          "bottom": 720,
          "width": 1280,
          "height": 720
        },
        "overflow": {
          "right": 1210.5
        },
        "dataAttributes": {},
        "sourceFile": "compositions/snapcn-card-rail.html",
        "bbox": {
          "x": 2278.5,
          "y": 487.59,
          "width": 212,
          "height": 23.3
        },
        "firstSeen": 1,
        "lastSeen": 1,
        "occurrences": 1
      },
      {
        "code": "canvas_overflow",
        "severity": "info",
        "time": 1,
        "selector": "#snapcn-card-rail-source-root > div:nth-of-type(1) > div:nth-of-type(1) > div:nth-of-type(2) > div:nth-of-type(1) > div:nth-of-type(6) > div:nth-of-type(1) > div:nth-of-type(3)",
        "message": "Text extends outside the composition canvas.",
        "rect": {
          "left": 2337.22,
          "top": 542.48,
          "right": 2624.76,
          "bottom": 564.28,
          "width": 287.54,
          "height": 21.8
        },
        "containerSelector": "#root",
        "text": "@snapcn/terminal-simulator",
        "fixHint": "Move the text inward, reduce its size, or mark intentional off-canvas animation with data-layout-allow-overflow.",
        "containerRect": {
          "left": 0,
          "top": 0,
          "right": 1280,
          "bottom": 720,
          "width": 1280,
          "height": 720
        },
        "overflow": {
          "right": 1344.76
        },
        "dataAttributes": {},
        "sourceFile": "compositions/snapcn-card-rail.html",
        "bbox": {
          "x": 2337.22,
          "y": 542.48,
          "width": 287.54,
          "height": 21.8
        },
        "firstSeen": 1,
        "lastSeen": 1,
        "occurrences": 1
      },
      {
        "code": "panel_out_of_canvas",
        "severity": "info",
        "time": 1,
        "selector": "#snapcn-card-rail-source-root > div:nth-of-type(1) > div:nth-of-type(1) > div:nth-of-type(2) > div:nth-of-type(1) > div:nth-of-type(2)",
        "message": "Painted panel extends outside the composition canvas.",
        "rect": {
          "left": -33.22,
          "top": 243.63,
          "right": 505.02,
          "bottom": 719.93,
          "width": 538.24,
          "height": 476.31
        },
        "containerSelector": "#root",
        "text": "Moodboard Reveal Scene · 150 frames @snapcn/mood",
        "fixHint": "Move the panel inward, or mark intentional off-canvas animation with data-layout-allow-overflow.",
        "containerRect": {
          "left": 0,
          "top": 0,
          "right": 1280,
          "bottom": 720,
          "width": 1280,
          "height": 720
        },
        "overflow": {
          "left": 33.22
        },
        "dataAttributes": {},
        "sourceFile": "compositions/snapcn-card-rail.html",
        "bbox": {
          "x": -33.22,
          "y": 243.63,
          "width": 538.24,
          "height": 476.31
        },
        "firstSeen": 1,
        "lastSeen": 1,
        "occurrences": 1
      },
      {
        "code": "panel_out_of_canvas",
        "severity": "info",
        "time": 1,
        "selector": "#snapcn-card-rail-source-root > div:nth-of-type(1) > div:nth-of-type(1) > div:nth-of-type(2) > div:nth-of-type(1) > div:nth-of-type(4)",
        "message": "Painted panel extends outside the composition canvas.",
        "rect": {
          "left": 1086.83,
          "top": 243.63,
          "right": 1698.29,
          "bottom": 719.93,
          "width": 611.46,
          "height": 476.31
        },
        "containerSelector": "#root",
        "text": "Phone Frame Scene · 240 frames @snapcn/phone-fra",
        "fixHint": "Move the panel inward, or mark intentional off-canvas animation with data-layout-allow-overflow.",
        "containerRect": {
          "left": 0,
          "top": 0,
          "right": 1280,
          "bottom": 720,
          "width": 1280,
          "height": 720
        },
        "overflow": {
          "right": 418.29
        },
        "dataAttributes": {},
        "sourceFile": "compositions/snapcn-card-rail.html",
        "bbox": {
          "x": 1086.83,
          "y": 243.63,
          "width": 611.46,
          "height": 476.31
        },
        "firstSeen": 1,
        "lastSeen": 1,
        "occurrences": 1
      },
      {
        "code": "canvas_overflow",
        "severity": "info",
        "time": 1.4,
        "selector": "#snapcn-card-rail-source-root > div:nth-of-type(1) > div:nth-of-type(1) > div:nth-of-type(2) > div:nth-of-type(1) > div:nth-of-type(1) > div:nth-of-type(1) > div:nth-of-type(1)",
        "message": "Text extends outside the composition canvas.",
        "rect": {
          "left": -332.08,
          "top": 452.6,
          "right": -95.85,
          "bottom": 479.26,
          "width": 236.23,
          "height": 26.66
        },
        "containerSelector": "#root",
        "text": "Moodboard Reveal",
        "fixHint": "Move the text inward, reduce its size, or mark intentional off-canvas animation with data-layout-allow-overflow.",
        "containerRect": {
          "left": 0,
          "top": 0,
          "right": 1280,
          "bottom": 720,
          "width": 1280,
          "height": 720
        },
        "overflow": {
          "left": 332.08
        },
        "dataAttributes": {},
        "sourceFile": "compositions/snapcn-card-rail.html",
        "bbox": {
          "x": -332.08,
          "y": 452.6,
          "width": 236.23,
          "height": 26.66
        },
        "firstSeen": 1.4,
        "lastSeen": 1.4,
        "occurrences": 1
      },
      {
        "code": "canvas_overflow",
        "severity": "info",
        "time": 1.4,
        "selector": "#snapcn-card-rail-source-root > div:nth-of-type(1) > div:nth-of-type(1) > div:nth-of-type(2) > div:nth-of-type(1) > div:nth-of-type(1) > div:nth-of-type(1) > div:nth-of-type(2)",
        "message": "Text extends outside the composition canvas.",
        "rect": {
          "left": -345.66,
          "top": 487.59,
          "right": -147.13,
          "bottom": 510.89,
          "width": 198.53,
          "height": 23.3
        },
        "containerSelector": "#root",
        "text": "Scene · 150 frames",
        "fixHint": "Move the text inward, reduce its size, or mark intentional off-canvas animation with data-layout-allow-overflow.",
        "containerRect": {
          "left": 0,
          "top": 0,
          "right": 1280,
          "bottom": 720,
          "width": 1280,
          "height": 720
        },
        "overflow": {
          "left": 345.66
        },
        "dataAttributes": {},
        "sourceFile": "compositions/snapcn-card-rail.html",
        "bbox": {
          "x": -345.66,
          "y": 487.59,
          "width": 198.53,
          "height": 23.3
        },
        "firstSeen": 1.4,
        "lastSeen": 1.4,
        "occurrences": 1
      },
      {
        "code": "canvas_overflow",
        "severity": "info",
        "time": 1.4,
        "selector": "#snapcn-card-rail-source-root > div:nth-of-type(1) > div:nth-of-type(1) > div:nth-of-type(2) > div:nth-of-type(1) > div:nth-of-type(1) > div:nth-of-type(1) > div:nth-of-type(3)",
        "message": "Text extends outside the composition canvas.",
        "rect": {
          "left": -349.25,
          "top": 542.48,
          "right": -69.64,
          "bottom": 564.28,
          "width": 279.61,
          "height": 21.8
        },
        "containerSelector": "#root",
        "text": "@snapcn/moodboard-reveal",
        "fixHint": "Move the text inward, reduce its size, or mark intentional off-canvas animation with data-layout-allow-overflow.",
        "containerRect": {
          "left": 0,
          "top": 0,
          "right": 1280,
          "bottom": 720,
          "width": 1280,
          "height": 720
        },
        "overflow": {
          "left": 349.25
        },
        "dataAttributes": {},
        "sourceFile": "compositions/snapcn-card-rail.html",
        "bbox": {
          "x": -349.25,
          "y": 542.48,
          "width": 279.61,
          "height": 21.8
        },
        "firstSeen": 1.4,
        "lastSeen": 1.4,
        "occurrences": 1
      },
      {
        "code": "canvas_overflow",
        "severity": "info",
        "time": 1.4,
        "selector": "#snapcn-card-rail-source-root > div:nth-of-type(1) > div:nth-of-type(1) > div:nth-of-type(2) > div:nth-of-type(1) > div:nth-of-type(4) > div:nth-of-type(1) > div:nth-of-type(1)",
        "message": "Text extends outside the composition canvas.",
        "rect": {
          "left": 1320.69,
          "top": 452.6,
          "right": 1462.88,
          "bottom": 479.26,
          "width": 142.19,
          "height": 26.66
        },
        "containerSelector": "#root",
        "text": "Count Grid",
        "fixHint": "Move the text inward, reduce its size, or mark intentional off-canvas animation with data-layout-allow-overflow.",
        "containerRect": {
          "left": 0,
          "top": 0,
          "right": 1280,
          "bottom": 720,
          "width": 1280,
          "height": 720
        },
        "overflow": {
          "right": 182.88
        },
        "dataAttributes": {},
        "sourceFile": "compositions/snapcn-card-rail.html",
        "bbox": {
          "x": 1320.69,
          "y": 452.6,
          "width": 142.19,
          "height": 26.66
        },
        "firstSeen": 1.4,
        "lastSeen": 1.4,
        "occurrences": 1
      },
      {
        "code": "canvas_overflow",
        "severity": "info",
        "time": 1.4,
        "selector": "#snapcn-card-rail-source-root > div:nth-of-type(1) > div:nth-of-type(1) > div:nth-of-type(2) > div:nth-of-type(1) > div:nth-of-type(4) > div:nth-of-type(1) > div:nth-of-type(2)",
        "message": "Text extends outside the composition canvas.",
        "rect": {
          "left": 1331.33,
          "top": 487.59,
          "right": 1518.34,
          "bottom": 510.89,
          "width": 187,
          "height": 23.3
        },
        "containerSelector": "#root",
        "text": "Scene · 47 frames",
        "fixHint": "Move the text inward, reduce its size, or mark intentional off-canvas animation with data-layout-allow-overflow.",
        "containerRect": {
          "left": 0,
          "top": 0,
          "right": 1280,
          "bottom": 720,
          "width": 1280,
          "height": 720
        },
        "overflow": {
          "right": 238.34
        },
        "dataAttributes": {},
        "sourceFile": "compositions/snapcn-card-rail.html",
        "bbox": {
          "x": 1331.33,
          "y": 487.59,
          "width": 187,
          "height": 23.3
        },
        "firstSeen": 1.4,
        "lastSeen": 1.4,
        "occurrences": 1
      },
      {
        "code": "canvas_overflow",
        "severity": "info",
        "time": 1.4,
        "selector": "#snapcn-card-rail-source-root > div:nth-of-type(1) > div:nth-of-type(1) > div:nth-of-type(2) > div:nth-of-type(1) > div:nth-of-type(4) > div:nth-of-type(1) > div:nth-of-type(3)",
        "message": "Text extends outside the composition canvas.",
        "rect": {
          "left": 1367.18,
          "top": 542.48,
          "right": 1572.82,
          "bottom": 564.28,
          "width": 205.64,
          "height": 21.8
        },
        "containerSelector": "#root",
        "text": "@snapcn/count-grid",
        "fixHint": "Move the text inward, reduce its size, or mark intentional off-canvas animation with data-layout-allow-overflow.",
        "containerRect": {
          "left": 0,
          "top": 0,
          "right": 1280,
          "bottom": 720,
          "width": 1280,
          "height": 720
        },
        "overflow": {
          "right": 292.82
        },
        "dataAttributes": {},
        "sourceFile": "compositions/snapcn-card-rail.html",
        "bbox": {
          "x": 1367.18,
          "y": 542.48,
          "width": 205.64,
          "height": 21.8
        },
        "firstSeen": 1.4,
        "lastSeen": 1.4,
        "occurrences": 1
      },
      {
        "code": "canvas_overflow",
        "severity": "info",
        "time": 1.4,
        "selector": "#snapcn-card-rail-source-root > div:nth-of-type(1) > div:nth-of-type(1) > div:nth-of-type(2) > div:nth-of-type(1) > div:nth-of-type(5) > div:nth-of-type(1) > div:nth-of-type(1)",
        "message": "Text extends outside the composition canvas.",
        "rect": {
          "left": 1867.8,
          "top": 452.6,
          "right": 2110.55,
          "bottom": 479.26,
          "width": 242.76,
          "height": 26.66
        },
        "containerSelector": "#root",
        "text": "Terminal Simulator",
        "fixHint": "Move the text inward, reduce its size, or mark intentional off-canvas animation with data-layout-allow-overflow.",
        "containerRect": {
          "left": 0,
          "top": 0,
          "right": 1280,
          "bottom": 720,
          "width": 1280,
          "height": 720
        },
        "overflow": {
          "right": 830.55
        },
        "dataAttributes": {},
        "sourceFile": "compositions/snapcn-card-rail.html",
        "bbox": {
          "x": 1867.8,
          "y": 452.6,
          "width": 242.76,
          "height": 26.66
        },
        "firstSeen": 1.4,
        "lastSeen": 1.4,
        "occurrences": 1
      },
      {
        "code": "canvas_overflow",
        "severity": "info",
        "time": 1.4,
        "selector": "#snapcn-card-rail-source-root > div:nth-of-type(1) > div:nth-of-type(1) > div:nth-of-type(2) > div:nth-of-type(1) > div:nth-of-type(5) > div:nth-of-type(1) > div:nth-of-type(2)",
        "message": "Text extends outside the composition canvas.",
        "rect": {
          "left": 1887,
          "top": 487.59,
          "right": 2094.98,
          "bottom": 510.89,
          "width": 207.98,
          "height": 23.3
        },
        "containerSelector": "#root",
        "text": "Scene · 200 frames",
        "fixHint": "Move the text inward, reduce its size, or mark intentional off-canvas animation with data-layout-allow-overflow.",
        "containerRect": {
          "left": 0,
          "top": 0,
          "right": 1280,
          "bottom": 720,
          "width": 1280,
          "height": 720
        },
        "overflow": {
          "right": 814.98
        },
        "dataAttributes": {},
        "sourceFile": "compositions/snapcn-card-rail.html",
        "bbox": {
          "x": 1887,
          "y": 487.59,
          "width": 207.98,
          "height": 23.3
        },
        "firstSeen": 1.4,
        "lastSeen": 1.4,
        "occurrences": 1
      },
      {
        "code": "canvas_overflow",
        "severity": "info",
        "time": 1.4,
        "selector": "#snapcn-card-rail-source-root > div:nth-of-type(1) > div:nth-of-type(1) > div:nth-of-type(2) > div:nth-of-type(1) > div:nth-of-type(5) > div:nth-of-type(1) > div:nth-of-type(3)",
        "message": "Text extends outside the composition canvas.",
        "rect": {
          "left": 1936.27,
          "top": 542.48,
          "right": 2220.05,
          "bottom": 564.28,
          "width": 283.79,
          "height": 21.8
        },
        "containerSelector": "#root",
        "text": "@snapcn/terminal-simulator",
        "fixHint": "Move the text inward, reduce its size, or mark intentional off-canvas animation with data-layout-allow-overflow.",
        "containerRect": {
          "left": 0,
          "top": 0,
          "right": 1280,
          "bottom": 720,
          "width": 1280,
          "height": 720
        },
        "overflow": {
          "right": 940.05
        },
        "dataAttributes": {},
        "sourceFile": "compositions/snapcn-card-rail.html",
        "bbox": {
          "x": 1936.27,
          "y": 542.48,
          "width": 283.79,
          "height": 21.8
        },
        "firstSeen": 1.4,
        "lastSeen": 1.4,
        "occurrences": 1
      },
      {
        "code": "canvas_overflow",
        "severity": "info",
        "time": 1.4,
        "selector": "#snapcn-card-rail-source-root > div:nth-of-type(1) > div:nth-of-type(1) > div:nth-of-type(2) > div:nth-of-type(1) > div:nth-of-type(6) > div:nth-of-type(1) > div:nth-of-type(1)",
        "message": "Text extends outside the composition canvas.",
        "rect": {
          "left": 2414.92,
          "top": 452.6,
          "right": 2584.19,
          "bottom": 479.26,
          "width": 169.27,
          "height": 26.66
        },
        "containerSelector": "#root",
        "text": "Logo Flicker",
        "fixHint": "Move the text inward, reduce its size, or mark intentional off-canvas animation with data-layout-allow-overflow.",
        "containerRect": {
          "left": 0,
          "top": 0,
          "right": 1280,
          "bottom": 720,
          "width": 1280,
          "height": 720
        },
        "overflow": {
          "right": 1304.19
        },
        "dataAttributes": {},
        "sourceFile": "compositions/snapcn-card-rail.html",
        "bbox": {
          "x": 2414.92,
          "y": 452.6,
          "width": 169.27,
          "height": 26.66
        },
        "firstSeen": 1.4,
        "lastSeen": 1.4,
        "occurrences": 1
      },
      {
        "code": "canvas_overflow",
        "severity": "info",
        "time": 1.4,
        "selector": "#snapcn-card-rail-source-root > div:nth-of-type(1) > div:nth-of-type(1) > div:nth-of-type(2) > div:nth-of-type(1) > div:nth-of-type(6) > div:nth-of-type(1) > div:nth-of-type(2)",
        "message": "Text extends outside the composition canvas.",
        "rect": {
          "left": 2442.68,
          "top": 487.59,
          "right": 2653.1,
          "bottom": 510.89,
          "width": 210.42,
          "height": 23.3
        },
        "containerSelector": "#root",
        "text": "Scene · 100 frames",
        "fixHint": "Move the text inward, reduce its size, or mark intentional off-canvas animation with data-layout-allow-overflow.",
        "containerRect": {
          "left": 0,
          "top": 0,
          "right": 1280,
          "bottom": 720,
          "width": 1280,
          "height": 720
        },
        "overflow": {
          "right": 1373.1
        },
        "dataAttributes": {},
        "sourceFile": "compositions/snapcn-card-rail.html",
        "bbox": {
          "x": 2442.68,
          "y": 487.59,
          "width": 210.42,
          "height": 23.3
        },
        "firstSeen": 1.4,
        "lastSeen": 1.4,
        "occurrences": 1
      },
      {
        "code": "canvas_overflow",
        "severity": "info",
        "time": 1.4,
        "selector": "#snapcn-card-rail-source-root > div:nth-of-type(1) > div:nth-of-type(1) > div:nth-of-type(2) > div:nth-of-type(1) > div:nth-of-type(6) > div:nth-of-type(1) > div:nth-of-type(3)",
        "message": "Text extends outside the composition canvas.",
        "rect": {
          "left": 2505.37,
          "top": 542.48,
          "right": 2729.02,
          "bottom": 564.28,
          "width": 223.65,
          "height": 21.8
        },
        "containerSelector": "#root",
        "text": "@snapcn/logo-flicker",
        "fixHint": "Move the text inward, reduce its size, or mark intentional off-canvas animation with data-layout-allow-overflow.",
        "containerRect": {
          "left": 0,
          "top": 0,
          "right": 1280,
          "bottom": 720,
          "width": 1280,
          "height": 720
        },
        "overflow": {
          "right": 1449.02
        },
        "dataAttributes": {},
        "sourceFile": "compositions/snapcn-card-rail.html",
        "bbox": {
          "x": 2505.37,
          "y": 542.48,
          "width": 223.65,
          "height": 21.8
        },
        "firstSeen": 1.4,
        "lastSeen": 1.4,
        "occurrences": 1
      },
      {
        "code": "escaped_container",
        "severity": "info",
        "time": 1.4,
        "selector": "#snapcn-card-rail-source-root > div:nth-of-type(1) > div:nth-of-type(1) > div:nth-of-type(2) > div:nth-of-type(1) > div:nth-of-type(4)",
        "message": "Positioned element renders far outside its offset parent — its coordinates were likely computed in a different frame (canvas/viewport pixels).",
        "rect": {
          "left": 1233.38,
          "top": 243.63,
          "right": 1879.26,
          "bottom": 719.93,
          "width": 645.87,
          "height": 476.31
        },
        "containerSelector": "#snapcn-card-rail-source-root > div:nth-of-type(1) > div:nth-of-type(1) > div:nth-of-type(2) > div:nth-of-type(1)",
        "text": "Count Grid Scene · 47 frames @snapcn/count-grid",
        "fixHint": "Compute left/top in the offset parent's frame (subtract its rect), or mark intentional placement with data-layout-allow-overflow.",
        "containerRect": {
          "left": -54.1,
          "top": 152.69,
          "right": 1334.12,
          "bottom": 707.1,
          "width": 1388.22,
          "height": 554.41
        },
        "dataAttributes": {},
        "sourceFile": "compositions/snapcn-card-rail.html",
        "bbox": {
          "x": 1233.38,
          "y": 243.63,
          "width": 645.87,
          "height": 476.31
        },
        "firstSeen": 1.4,
        "lastSeen": 1.4,
        "occurrences": 1
      },
      {
        "code": "panel_out_of_canvas",
        "severity": "info",
        "time": 1.4,
        "selector": "#snapcn-card-rail-source-root > div:nth-of-type(1) > div:nth-of-type(1) > div:nth-of-type(2) > div:nth-of-type(1) > div:nth-of-type(1)",
        "message": "Painted panel extends outside the composition canvas.",
        "rect": {
          "left": -464.72,
          "top": 243.63,
          "right": 155.58,
          "bottom": 719.93,
          "width": 620.29,
          "height": 476.31
        },
        "containerSelector": "#root",
        "text": "Moodboard Reveal Scene · 150 frames @snapcn/mood",
        "fixHint": "Move the panel inward, or mark intentional off-canvas animation with data-layout-allow-overflow.",
        "containerRect": {
          "left": 0,
          "top": 0,
          "right": 1280,
          "bottom": 720,
          "width": 1280,
          "height": 720
        },
        "overflow": {
          "left": 464.72
        },
        "dataAttributes": {},
        "sourceFile": "compositions/snapcn-card-rail.html",
        "bbox": {
          "x": -464.72,
          "y": 243.63,
          "width": 620.29,
          "height": 476.31
        },
        "firstSeen": 1.4,
        "lastSeen": 1.4,
        "occurrences": 1
      },
      {
        "code": "canvas_overflow",
        "severity": "info",
        "time": 1.8,
        "selector": "#snapcn-card-rail-source-root > div:nth-of-type(1) > div:nth-of-type(1) > div:nth-of-type(2) > div:nth-of-type(1) > div:nth-of-type(1) > div:nth-of-type(1) > div:nth-of-type(1)",
        "message": "Text extends outside the composition canvas.",
        "rect": {
          "left": -472.98,
          "top": 452.6,
          "right": -235.09,
          "bottom": 479.26,
          "width": 237.89,
          "height": 26.66
        },
        "containerSelector": "#root",
        "text": "Moodboard Reveal",
        "fixHint": "Move the text inward, reduce its size, or mark intentional off-canvas animation with data-layout-allow-overflow.",
        "containerRect": {
          "left": 0,
          "top": 0,
          "right": 1280,
          "bottom": 720,
          "width": 1280,
          "height": 720
        },
        "overflow": {
          "left": 472.98
        },
        "dataAttributes": {},
        "sourceFile": "compositions/snapcn-card-rail.html",
        "bbox": {
          "x": -472.98,
          "y": 452.6,
          "width": 237.89,
          "height": 26.66
        },
        "firstSeen": 1.8,
        "lastSeen": 1.8,
        "occurrences": 1
      },
      {
        "code": "canvas_overflow",
        "severity": "info",
        "time": 1.8,
        "selector": "#snapcn-card-rail-source-root > div:nth-of-type(1) > div:nth-of-type(1) > div:nth-of-type(2) > div:nth-of-type(1) > div:nth-of-type(1) > div:nth-of-type(1) > div:nth-of-type(2)",
        "message": "Text extends outside the composition canvas.",
        "rect": {
          "left": -488.52,
          "top": 487.59,
          "right": -288.54,
          "bottom": 510.89,
          "width": 199.98,
          "height": 23.3
        },
        "containerSelector": "#root",
        "text": "Scene · 150 frames",
        "fixHint": "Move the text inward, reduce its size, or mark intentional off-canvas animation with data-layout-allow-overflow.",
        "containerRect": {
          "left": 0,
          "top": 0,
          "right": 1280,
          "bottom": 720,
          "width": 1280,
          "height": 720
        },
        "overflow": {
          "left": 488.52
        },
        "dataAttributes": {},
        "sourceFile": "compositions/snapcn-card-rail.html",
        "bbox": {
          "x": -488.52,
          "y": 487.59,
          "width": 199.98,
          "height": 23.3
        },
        "firstSeen": 1.8,
        "lastSeen": 1.8,
        "occurrences": 1
      },
      {
        "code": "canvas_overflow",
        "severity": "info",
        "time": 1.8,
        "selector": "#snapcn-card-rail-source-root > div:nth-of-type(1) > div:nth-of-type(1) > div:nth-of-type(2) > div:nth-of-type(1) > div:nth-of-type(1) > div:nth-of-type(1) > div:nth-of-type(3)",
        "message": "Text extends outside the composition canvas.",
        "rect": {
          "left": -495.44,
          "top": 542.48,
          "right": -214.47,
          "bottom": 564.28,
          "width": 280.97,
          "height": 21.8
        },
        "containerSelector": "#root",
        "text": "@snapcn/moodboard-reveal",
        "fixHint": "Move the text inward, reduce its size, or mark intentional off-canvas animation with data-layout-allow-overflow.",
        "containerRect": {
          "left": 0,
          "top": 0,
          "right": 1280,
          "bottom": 720,
          "width": 1280,
          "height": 720
        },
        "overflow": {
          "left": 495.44
        },
        "dataAttributes": {},
        "sourceFile": "compositions/snapcn-card-rail.html",
        "bbox": {
          "x": -495.44,
          "y": 542.48,
          "width": 280.97,
          "height": 21.8
        },
        "firstSeen": 1.8,
        "lastSeen": 1.8,
        "occurrences": 1
      },
      {
        "code": "canvas_overflow",
        "severity": "info",
        "time": 1.8,
        "selector": "#snapcn-card-rail-source-root > div:nth-of-type(1) > div:nth-of-type(1) > div:nth-of-type(2) > div:nth-of-type(1) > div:nth-of-type(4) > div:nth-of-type(1) > div:nth-of-type(1)",
        "message": "Text extends outside the composition canvas.",
        "rect": {
          "left": 1181.45,
          "top": 452.6,
          "right": 1321.98,
          "bottom": 479.26,
          "width": 140.53,
          "height": 26.66
        },
        "containerSelector": "#root",
        "text": "Count Grid",
        "fixHint": "Move the text inward, reduce its size, or mark intentional off-canvas animation with data-layout-allow-overflow.",
        "containerRect": {
          "left": 0,
          "top": 0,
          "right": 1280,
          "bottom": 720,
          "width": 1280,
          "height": 720
        },
        "overflow": {
          "right": 41.98
        },
        "dataAttributes": {},
        "sourceFile": "compositions/snapcn-card-rail.html",
        "bbox": {
          "x": 1181.45,
          "y": 452.6,
          "width": 140.53,
          "height": 26.66
        },
        "firstSeen": 1.8,
        "lastSeen": 1.8,
        "occurrences": 1
      },
      {
        "code": "canvas_overflow",
        "severity": "info",
        "time": 1.8,
        "selector": "#snapcn-card-rail-source-root > div:nth-of-type(1) > div:nth-of-type(1) > div:nth-of-type(2) > div:nth-of-type(1) > div:nth-of-type(4) > div:nth-of-type(1) > div:nth-of-type(2)",
        "message": "Text extends outside the composition canvas.",
        "rect": {
          "left": 1189.92,
          "top": 487.59,
          "right": 1375.47,
          "bottom": 510.89,
          "width": 185.55,
          "height": 23.3
        },
        "containerSelector": "#root",
        "text": "Scene · 47 frames",
        "fixHint": "Move the text inward, reduce its size, or mark intentional off-canvas animation with data-layout-allow-overflow.",
        "containerRect": {
          "left": 0,
          "top": 0,
          "right": 1280,
          "bottom": 720,
          "width": 1280,
          "height": 720
        },
        "overflow": {
          "right": 95.47
        },
        "dataAttributes": {},
        "sourceFile": "compositions/snapcn-card-rail.html",
        "bbox": {
          "x": 1189.92,
          "y": 487.59,
          "width": 185.55,
          "height": 23.3
        },
        "firstSeen": 1.8,
        "lastSeen": 1.8,
        "occurrences": 1
      },
      {
        "code": "canvas_overflow",
        "severity": "info",
        "time": 1.8,
        "selector": "#snapcn-card-rail-source-root > div:nth-of-type(1) > div:nth-of-type(1) > div:nth-of-type(2) > div:nth-of-type(1) > div:nth-of-type(4) > div:nth-of-type(1) > div:nth-of-type(3)",
        "message": "Text extends outside the composition canvas.",
        "rect": {
          "left": 1222.35,
          "top": 542.48,
          "right": 1426.63,
          "bottom": 564.28,
          "width": 204.28,
          "height": 21.8
        },
        "containerSelector": "#root",
        "text": "@snapcn/count-grid",
        "fixHint": "Move the text inward, reduce its size, or mark intentional off-canvas animation with data-layout-allow-overflow.",
        "containerRect": {
          "left": 0,
          "top": 0,
          "right": 1280,
          "bottom": 720,
          "width": 1280,
          "height": 720
        },
        "overflow": {
          "right": 146.63
        },
        "dataAttributes": {},
        "sourceFile": "compositions/snapcn-card-rail.html",
        "bbox": {
          "x": 1222.35,
          "y": 542.48,
          "width": 204.28,
          "height": 21.8
        },
        "firstSeen": 1.8,
        "lastSeen": 1.8,
        "occurrences": 1
      },
      {
        "code": "canvas_overflow",
        "severity": "info",
        "time": 1.8,
        "selector": "#snapcn-card-rail-source-root > div:nth-of-type(1) > div:nth-of-type(1) > div:nth-of-type(2) > div:nth-of-type(1) > div:nth-of-type(5) > div:nth-of-type(1) > div:nth-of-type(1)",
        "message": "Text extends outside the composition canvas.",
        "rect": {
          "left": 1728.57,
          "top": 452.6,
          "right": 1969.67,
          "bottom": 479.26,
          "width": 241.1,
          "height": 26.66
        },
        "containerSelector": "#root",
        "text": "Terminal Simulator",
        "fixHint": "Move the text inward, reduce its size, or mark intentional off-canvas animation with data-layout-allow-overflow.",
        "containerRect": {
          "left": 0,
          "top": 0,
          "right": 1280,
          "bottom": 720,
          "width": 1280,
          "height": 720
        },
        "overflow": {
          "right": 689.67
        },
        "dataAttributes": {},
        "sourceFile": "compositions/snapcn-card-rail.html",
        "bbox": {
          "x": 1728.57,
          "y": 452.6,
          "width": 241.1,
          "height": 26.66
        },
        "firstSeen": 1.8,
        "lastSeen": 1.8,
        "occurrences": 1
      },
      {
        "code": "canvas_overflow",
        "severity": "info",
        "time": 1.8,
        "selector": "#snapcn-card-rail-source-root > div:nth-of-type(1) > div:nth-of-type(1) > div:nth-of-type(2) > div:nth-of-type(1) > div:nth-of-type(5) > div:nth-of-type(1) > div:nth-of-type(2)",
        "message": "Text extends outside the composition canvas.",
        "rect": {
          "left": 1745.6,
          "top": 487.59,
          "right": 1952.13,
          "bottom": 510.89,
          "width": 206.53,
          "height": 23.3
        },
        "containerSelector": "#root",
        "text": "Scene · 200 frames",
        "fixHint": "Move the text inward, reduce its size, or mark intentional off-canvas animation with data-layout-allow-overflow.",
        "containerRect": {
          "left": 0,
          "top": 0,
          "right": 1280,
          "bottom": 720,
          "width": 1280,
          "height": 720
        },
        "overflow": {
          "right": 672.13
        },
        "dataAttributes": {},
        "sourceFile": "compositions/snapcn-card-rail.html",
        "bbox": {
          "x": 1745.6,
          "y": 487.59,
          "width": 206.53,
          "height": 23.3
        },
        "firstSeen": 1.8,
        "lastSeen": 1.8,
        "occurrences": 1
      },
      {
        "code": "canvas_overflow",
        "severity": "info",
        "time": 1.8,
        "selector": "#snapcn-card-rail-source-root > div:nth-of-type(1) > div:nth-of-type(1) > div:nth-of-type(2) > div:nth-of-type(1) > div:nth-of-type(5) > div:nth-of-type(1) > div:nth-of-type(3)",
        "message": "Text extends outside the composition canvas.",
        "rect": {
          "left": 1791.45,
          "top": 542.48,
          "right": 2073.88,
          "bottom": 564.28,
          "width": 282.43,
          "height": 21.8
        },
        "containerSelector": "#root",
        "text": "@snapcn/terminal-simulator",
        "fixHint": "Move the text inward, reduce its size, or mark intentional off-canvas animation with data-layout-allow-overflow.",
        "containerRect": {
          "left": 0,
          "top": 0,
          "right": 1280,
          "bottom": 720,
          "width": 1280,
          "height": 720
        },
        "overflow": {
          "right": 793.88
        },
        "dataAttributes": {},
        "sourceFile": "compositions/snapcn-card-rail.html",
        "bbox": {
          "x": 1791.45,
          "y": 542.48,
          "width": 282.43,
          "height": 21.8
        },
        "firstSeen": 1.8,
        "lastSeen": 1.8,
        "occurrences": 1
      },
      {
        "code": "canvas_overflow",
        "severity": "info",
        "time": 1.8,
        "selector": "#snapcn-card-rail-source-root > div:nth-of-type(1) > div:nth-of-type(1) > div:nth-of-type(2) > div:nth-of-type(1) > div:nth-of-type(6) > div:nth-of-type(1) > div:nth-of-type(1)",
        "message": "Text extends outside the composition canvas.",
        "rect": {
          "left": 2275.68,
          "top": 452.6,
          "right": 2443.29,
          "bottom": 479.26,
          "width": 167.61,
          "height": 26.66
        },
        "containerSelector": "#root",
        "text": "Logo Flicker",
        "fixHint": "Move the text inward, reduce its size, or mark intentional off-canvas animation with data-layout-allow-overflow.",
        "containerRect": {
          "left": 0,
          "top": 0,
          "right": 1280,
          "bottom": 720,
          "width": 1280,
          "height": 720
        },
        "overflow": {
          "right": 1163.29
        },
        "dataAttributes": {},
        "sourceFile": "compositions/snapcn-card-rail.html",
        "bbox": {
          "x": 2275.68,
          "y": 452.6,
          "width": 167.61,
          "height": 26.66
        },
        "firstSeen": 1.8,
        "lastSeen": 1.8,
        "occurrences": 1
      },
      {
        "code": "canvas_overflow",
        "severity": "info",
        "time": 1.8,
        "selector": "#snapcn-card-rail-source-root > div:nth-of-type(1) > div:nth-of-type(1) > div:nth-of-type(2) > div:nth-of-type(1) > div:nth-of-type(6) > div:nth-of-type(1) > div:nth-of-type(2)",
        "message": "Text extends outside the composition canvas.",
        "rect": {
          "left": 2301.26,
          "top": 487.59,
          "right": 2510.23,
          "bottom": 510.89,
          "width": 208.97,
          "height": 23.3
        },
        "containerSelector": "#root",
        "text": "Scene · 100 frames",
        "fixHint": "Move the text inward, reduce its size, or mark intentional off-canvas animation with data-layout-allow-overflow.",
        "containerRect": {
          "left": 0,
          "top": 0,
          "right": 1280,
          "bottom": 720,
          "width": 1280,
          "height": 720
        },
        "overflow": {
          "right": 1230.23
        },
        "dataAttributes": {},
        "sourceFile": "compositions/snapcn-card-rail.html",
        "bbox": {
          "x": 2301.26,
          "y": 487.59,
          "width": 208.97,
          "height": 23.3
        },
        "firstSeen": 1.8,
        "lastSeen": 1.8,
        "occurrences": 1
      },
      {
        "code": "canvas_overflow",
        "severity": "info",
        "time": 1.8,
        "selector": "#snapcn-card-rail-source-root > div:nth-of-type(1) > div:nth-of-type(1) > div:nth-of-type(2) > div:nth-of-type(1) > div:nth-of-type(6) > div:nth-of-type(1) > div:nth-of-type(3)",
        "message": "Text extends outside the composition canvas.",
        "rect": {
          "left": 2360.54,
          "top": 542.48,
          "right": 2582.83,
          "bottom": 564.28,
          "width": 222.3,
          "height": 21.8
        },
        "containerSelector": "#root",
        "text": "@snapcn/logo-flicker",
        "fixHint": "Move the text inward, reduce its size, or mark intentional off-canvas animation with data-layout-allow-overflow.",
        "containerRect": {
          "left": 0,
          "top": 0,
          "right": 1280,
          "bottom": 720,
          "width": 1280,
          "height": 720
        },
        "overflow": {
          "right": 1302.83
        },
        "dataAttributes": {},
        "sourceFile": "compositions/snapcn-card-rail.html",
        "bbox": {
          "x": 2360.54,
          "y": 542.48,
          "width": 222.3,
          "height": 21.8
        },
        "firstSeen": 1.8,
        "lastSeen": 1.8,
        "occurrences": 1
      },
      {
        "code": "escaped_container",
        "severity": "info",
        "time": 1.8,
        "selector": "#snapcn-card-rail-source-root > div:nth-of-type(1) > div:nth-of-type(1) > div:nth-of-type(2) > div:nth-of-type(1) > div:nth-of-type(1)",
        "message": "Positioned element renders far outside its offset parent — its coordinates were likely computed in a different frame (canvas/viewport pixels).",
        "rect": {
          "left": -620.59,
          "top": 243.63,
          "right": 29.34,
          "bottom": 719.93,
          "width": 649.93,
          "height": 476.31
        },
        "containerSelector": "#snapcn-card-rail-source-root > div:nth-of-type(1) > div:nth-of-type(1) > div:nth-of-type(2) > div:nth-of-type(1)",
        "text": "Moodboard Reveal Scene · 150 frames @snapcn/moodboard-reveal",
        "fixHint": "Compute left/top in the offset parent's frame (subtract its rect), or mark intentional placement with data-layout-allow-overflow.",
        "containerRect": {
          "left": -54.1,
          "top": 152.69,
          "right": 1334.12,
          "bottom": 707.1,
          "width": 1388.22,
          "height": 554.41
        },
        "dataAttributes": {},
        "sourceFile": "compositions/snapcn-card-rail.html",
        "bbox": {
          "x": -620.59,
          "y": 243.63,
          "width": 649.93,
          "height": 476.31
        },
        "firstSeen": 1.8,
        "lastSeen": 1.8,
        "occurrences": 1
      },
      {
        "code": "panel_out_of_canvas",
        "severity": "info",
        "time": 1.8,
        "selector": "#snapcn-card-rail-source-root > div:nth-of-type(1) > div:nth-of-type(1) > div:nth-of-type(2) > div:nth-of-type(1) > div:nth-of-type(4)",
        "message": "Painted panel extends outside the composition canvas.",
        "rect": {
          "left": 1107.15,
          "top": 243.63,
          "right": 1723.38,
          "bottom": 719.93,
          "width": 616.23,
          "height": 476.31
        },
        "containerSelector": "#root",
        "text": "Count Grid Scene · 47 frames @snapcn/count-grid",
        "fixHint": "Move the panel inward, or mark intentional off-canvas animation with data-layout-allow-overflow.",
        "containerRect": {
          "left": 0,
          "top": 0,
          "right": 1280,
          "bottom": 720,
          "width": 1280,
          "height": 720
        },
        "overflow": {
          "right": 443.38
        },
        "dataAttributes": {},
        "sourceFile": "compositions/snapcn-card-rail.html",
        "bbox": {
          "x": 1107.15,
          "y": 243.63,
          "width": 616.23,
          "height": 476.31
        },
        "firstSeen": 1.8,
        "lastSeen": 1.8,
        "occurrences": 1
      },
      {
        "code": "canvas_overflow",
        "severity": "info",
        "time": 2.2,
        "selector": "#snapcn-card-rail-source-root > div:nth-of-type(1) > div:nth-of-type(1) > div:nth-of-type(2) > div:nth-of-type(1) > div:nth-of-type(1) > div:nth-of-type(1) > div:nth-of-type(1)",
        "message": "Text extends outside the composition canvas.",
        "rect": {
          "left": -136.94,
          "top": 452.6,
          "right": 24.68,
          "bottom": 479.26,
          "width": 161.62,
          "height": 26.66
        },
        "containerSelector": "#root",
        "text": "Hero Launch",
        "fixHint": "Move the text inward, reduce its size, or mark intentional off-canvas animation with data-layout-allow-overflow.",
        "containerRect": {
          "left": 0,
          "top": 0,
          "right": 1280,
          "bottom": 720,
          "width": 1280,
          "height": 720
        },
        "overflow": {
          "left": 136.94
        },
        "dataAttributes": {},
        "sourceFile": "compositions/snapcn-card-rail.html",
        "bbox": {
          "x": -136.94,
          "y": 452.6,
          "width": 161.62,
          "height": 26.66
        },
        "firstSeen": 2.2,
        "lastSeen": 2.2,
        "occurrences": 1
      },
      {
        "code": "canvas_overflow",
        "severity": "info",
        "time": 2.2,
        "selector": "#snapcn-card-rail-source-root > div:nth-of-type(1) > div:nth-of-type(1) > div:nth-of-type(2) > div:nth-of-type(1) > div:nth-of-type(1) > div:nth-of-type(1) > div:nth-of-type(2)",
        "message": "Text extends outside the composition canvas.",
        "rect": {
          "left": -147.79,
          "top": 487.59,
          "right": 47.87,
          "bottom": 510.89,
          "width": 195.67,
          "height": 23.3
        },
        "containerSelector": "#root",
        "text": "Scene · 170 frames",
        "fixHint": "Move the text inward, reduce its size, or mark intentional off-canvas animation with data-layout-allow-overflow.",
        "containerRect": {
          "left": 0,
          "top": 0,
          "right": 1280,
          "bottom": 720,
          "width": 1280,
          "height": 720
        },
        "overflow": {
          "left": 147.79
        },
        "dataAttributes": {},
        "sourceFile": "compositions/snapcn-card-rail.html",
        "bbox": {
          "x": -147.79,
          "y": 487.59,
          "width": 195.67,
          "height": 23.3
        },
        "firstSeen": 2.2,
        "lastSeen": 2.2,
        "occurrences": 1
      }
    ],
    "duration": 3.6,
    "samples": [
      0.2,
      0.6,
      1,
      1.4,
      1.8,
      2.2,
      2.6,
      3,
      3.4
    ],
    "transitionSamples": [],
    "transitionSamplesDropped": 0,
    "tolerance": 2,
    "totalIssueCount": 134,
    "truncated": true
  },
  "motion": {
    "ok": true,
    "errorCount": 0,
    "warningCount": 0,
    "infoCount": 0,
    "findings": [],
    "enabled": false,
    "samples": 0
  },
  "contrast": {
    "ok": true,
    "errorCount": 0,
    "warningCount": 0,
    "infoCount": 0,
    "findings": [],
    "enabled": true,
    "samples": [
      0.2,
      1,
      1.8,
      2.6,
      3.4
    ],
    "checked": 50,
    "passed": 50
  },
  "snapshots": {
    "enabled": false,
    "files": [],
    "times": [],
    "findingFiles": []
  },
  "_meta": {
    "version": "0.8.30",
    "latestVersion": "0.8.35",
    "updateAvailable": true
  }
}
