[hyperframes] browserGpuMode probe → hardware (WebGL renderer vendor="Google Inc. (NVIDIA Corporation)" renderer="ANGLE (NVIDIA Corporation, NVIDIA GeForce RTX 5060/PCIe/SSE2, OpenGL ES 3.2)")
{
  "ok": false,
  "strict": false,
  "lint": {
    "ok": true,
    "errorCount": 0,
    "warningCount": 0,
    "infoCount": 0,
    "findings": [],
    "filesScanned": 2
  },
  "runtime": {
    "ok": true,
    "errorCount": 0,
    "warningCount": 0,
    "infoCount": 0,
    "findings": []
  },
  "layout": {
    "ok": true,
    "errorCount": 0,
    "warningCount": 0,
    "infoCount": 3,
    "findings": [
      {
        "code": "content_overlap",
        "severity": "info",
        "time": 2.238,
        "selector": "#code-morph-source-root > div:nth-of-type(1) > div:nth-of-type(1) > div:nth-of-type(2) > div:nth-of-type(17) > span:nth-of-type(12)",
        "message": "Two text blocks overlap and may render unreadable.",
        "rect": {
          "left": 632.58,
          "top": 227,
          "right": 644.58,
          "bottom": 253,
          "width": 12,
          "height": 26
        },
        "containerSelector": "#code-morph-source-root > div:nth-of-type(1) > div:nth-of-type(1) > div:nth-of-type(2) > div:nth-of-type(17) > span:nth-of-type(14)",
        "text": "=",
        "fixHint": "Give each block its own zone, or mark intentional layering with data-layout-allow-overlap.",
        "dataAttributes": {},
        "sourceFile": "compositions/code-morph.html",
        "bbox": {
          "x": 632.58,
          "y": 227,
          "width": 12,
          "height": 26
        },
        "firstSeen": 2.238,
        "lastSeen": 2.238,
        "occurrences": 1
      },
      {
        "code": "content_overlap",
        "severity": "info",
        "time": 2.486,
        "selector": "#code-morph-source-root > div:nth-of-type(1) > div:nth-of-type(1) > div:nth-of-type(6) > div:nth-of-type(17) > span:nth-of-type(13)",
        "message": "Two text blocks overlap and may render unreadable.",
        "rect": {
          "left": 710.63,
          "top": 227.26,
          "right": 722.63,
          "bottom": 253.26,
          "width": 12,
          "height": 26
        },
        "containerSelector": "#code-morph-source-root > div:nth-of-type(1) > div:nth-of-type(1) > div:nth-of-type(6) > div:nth-of-type(17) > span:nth-of-type(40)",
        "text": "(",
        "fixHint": "Give each block its own zone, or mark intentional layering with data-layout-allow-overlap.",
        "dataAttributes": {},
        "sourceFile": "compositions/code-morph.html",
        "bbox": {
          "x": 710.63,
          "y": 227.26,
          "width": 12,
          "height": 26
        },
        "firstSeen": 2.486,
        "lastSeen": 2.486,
        "occurrences": 1
      },
      {
        "code": "content_overlap",
        "severity": "info",
        "time": 2.486,
        "selector": "#code-morph-source-root > div:nth-of-type(1) > div:nth-of-type(1) > div:nth-of-type(6) > div:nth-of-type(17) > span:nth-of-type(15)",
        "message": "Two text blocks overlap and may render unreadable.",
        "rect": {
          "left": 1009.18,
          "top": 227.26,
          "right": 1021.18,
          "bottom": 253.26,
          "width": 12,
          "height": 26
        },
        "containerSelector": "#code-morph-source-root > div:nth-of-type(1) > div:nth-of-type(1) > div:nth-of-type(6) > div:nth-of-type(17) > span:nth-of-type(42)",
        "text": ")",
        "fixHint": "Give each block its own zone, or mark intentional layering with data-layout-allow-overlap.",
        "dataAttributes": {},
        "sourceFile": "compositions/code-morph.html",
        "bbox": {
          "x": 1009.18,
          "y": 227.26,
          "width": 12,
          "height": 26
        },
        "firstSeen": 2.486,
        "lastSeen": 2.486,
        "occurrences": 1
      }
    ],
    "duration": 4.6,
    "samples": [
      0.256,
      0.767,
      1.278,
      1.789,
      2.3,
      2.811,
      3.322,
      3.833,
      4.344
    ],
    "transitionSamples": [],
    "transitionSamplesDropped": 0,
    "tolerance": 2,
    "totalIssueCount": 3,
    "truncated": false
  },
  "motion": {
    "ok": true,
    "errorCount": 0,
    "warningCount": 0,
    "infoCount": 0,
    "findings": [],
    "enabled": false,
    "samples": 0
  },
  "contrast": {
    "ok": false,
    "errorCount": 194,
    "warningCount": 76,
    "infoCount": 0,
    "findings": [
      {
        "code": "contrast_aa_failure",
        "severity": "error",
        "message": "Contrast is 2.44:1; WCAG AA requires 4.5:1.",
        "text": "1",
        "fg": "rgb(82,82,91)",
        "bg": "rgb(17,17,19)",
        "ratio": 2.44,
        "requiredRatio": 4.5,
        "suggestedColor": "rgb(124,124,131)",
        "large": false,
        "selector": "div > div > div > div > div > div > div > div:nth-of-type(2) > div:nth-of-type(1)",
        "dataAttributes": {},
        "sourceFile": "compositions/code-morph.html",
        "bbox": {
          "x": 235,
          "y": 132,
          "width": 23.984375,
          "height": 31
        },
        "time": 0.256
      },
      {
        "code": "contrast_aa_failure",
        "severity": "error",
        "message": "Contrast is 2.44:1; WCAG AA requires 4.5:1.",
        "text": "2",
        "fg": "rgb(82,82,91)",
        "bg": "rgb(17,17,19)",
        "ratio": 2.44,
        "requiredRatio": 4.5,
        "suggestedColor": "rgb(124,124,131)",
        "large": false,
        "selector": "div > div > div > div > div > div > div > div:nth-of-type(2) > div:nth-of-type(2)",
        "dataAttributes": {},
        "sourceFile": "compositions/code-morph.html",
        "bbox": {
          "x": 235,
          "y": 163,
          "width": 23.984375,
          "height": 31
        },
        "time": 0.256
      },
      {
        "code": "contrast_aa_failure",
        "severity": "error",
        "message": "Contrast is 2.44:1; WCAG AA requires 4.5:1.",
        "text": "3",
        "fg": "rgb(82,82,91)",
        "bg": "rgb(17,17,19)",
        "ratio": 2.44,
        "requiredRatio": 4.5,
        "suggestedColor": "rgb(124,124,131)",
        "large": false,
        "selector": "div > div > div > div > div > div > div > div:nth-of-type(2) > div:nth-of-type(3)",
        "dataAttributes": {},
        "sourceFile": "compositions/code-morph.html",
        "bbox": {
          "x": 235,
          "y": 194,
          "width": 23.984375,
          "height": 31
        },
        "time": 0.256
      },
      {
        "code": "contrast_aa_failure",
        "severity": "error",
        "message": "Contrast is 2.44:1; WCAG AA requires 4.5:1.",
        "text": "4",
        "fg": "rgb(82,82,91)",
        "bg": "rgb(17,17,19)",
        "ratio": 2.44,
        "requiredRatio": 4.5,
        "suggestedColor": "rgb(124,124,131)",
        "large": false,
        "selector": "div > div > div > div > div > div > div > div:nth-of-type(2) > div:nth-of-type(4)",
        "dataAttributes": {},
        "sourceFile": "compositions/code-morph.html",
        "bbox": {
          "x": 235,
          "y": 225,
          "width": 23.984375,
          "height": 31
        },
        "time": 0.256
      },
      {
        "code": "contrast_aa_failure",
        "severity": "error",
        "message": "Contrast is 2.44:1; WCAG AA requires 4.5:1.",
        "text": "5",
        "fg": "rgb(82,82,91)",
        "bg": "rgb(17,17,19)",
        "ratio": 2.44,
        "requiredRatio": 4.5,
        "suggestedColor": "rgb(124,124,131)",
        "large": false,
        "selector": "div > div > div > div > div > div > div > div:nth-of-type(2) > div:nth-of-type(5)",
        "dataAttributes": {},
        "sourceFile": "compositions/code-morph.html",
        "bbox": {
          "x": 235,
          "y": 256,
          "width": 23.984375,
          "height": 31
        },
        "time": 0.256
      },
      {
        "code": "contrast_aa_failure",
        "severity": "error",
        "message": "Contrast is 2.44:1; WCAG AA requires 4.5:1.",
        "text": "6",
        "fg": "rgb(82,82,91)",
        "bg": "rgb(17,17,19)",
        "ratio": 2.44,
        "requiredRatio": 4.5,
        "suggestedColor": "rgb(124,124,131)",
        "large": false,
        "selector": "div > div > div > div > div > div > div > div:nth-of-type(2) > div:nth-of-type(6)",
        "dataAttributes": {},
        "sourceFile": "compositions/code-morph.html",
        "bbox": {
          "x": 235,
          "y": 287,
          "width": 23.984375,
          "height": 31
        },
        "time": 0.256
      },
      {
        "code": "contrast_aa_failure",
        "severity": "error",
        "message": "Contrast is 2.44:1; WCAG AA requires 4.5:1.",
        "text": "7",
        "fg": "rgb(82,82,91)",
        "bg": "rgb(17,17,19)",
        "ratio": 2.44,
        "requiredRatio": 4.5,
        "suggestedColor": "rgb(124,124,131)",
        "large": false,
        "selector": "div > div > div > div > div > div > div > div:nth-of-type(2) > div:nth-of-type(7)",
        "dataAttributes": {},
        "sourceFile": "compositions/code-morph.html",
        "bbox": {
          "x": 235,
          "y": 318,
          "width": 23.984375,
          "height": 31
        },
        "time": 0.256
      },
      {
        "code": "contrast_aa_failure",
        "severity": "error",
        "message": "Contrast is 2.44:1; WCAG AA requires 4.5:1.",
        "text": "8",
        "fg": "rgb(82,82,91)",
        "bg": "rgb(17,17,19)",
        "ratio": 2.44,
        "requiredRatio": 4.5,
        "suggestedColor": "rgb(124,124,131)",
        "large": false,
        "selector": "div > div > div > div > div > div > div > div:nth-of-type(2) > div:nth-of-type(8)",
        "dataAttributes": {},
        "sourceFile": "compositions/code-morph.html",
        "bbox": {
          "x": 235,
          "y": 349,
          "width": 23.984375,
          "height": 31
        },
        "time": 0.256
      },
      {
        "code": "contrast_aa_failure",
        "severity": "error",
        "message": "Contrast is 2.44:1; WCAG AA requires 4.5:1.",
        "text": "9",
        "fg": "rgb(82,82,91)",
        "bg": "rgb(17,17,19)",
        "ratio": 2.44,
        "requiredRatio": 4.5,
        "suggestedColor": "rgb(124,124,131)",
        "large": false,
        "selector": "div > div > div > div > div > div > div > div:nth-of-type(2) > div:nth-of-type(9)",
        "dataAttributes": {},
        "sourceFile": "compositions/code-morph.html",
        "bbox": {
          "x": 235,
          "y": 380,
          "width": 23.984375,
          "height": 31
        },
        "time": 0.256
      },
      {
        "code": "contrast_aa_failure",
        "severity": "error",
        "message": "Contrast is 2.44:1; WCAG AA requires 4.5:1.",
        "text": "10",
        "fg": "rgb(82,82,91)",
        "bg": "rgb(17,17,19)",
        "ratio": 2.44,
        "requiredRatio": 4.5,
        "suggestedColor": "rgb(124,124,131)",
        "large": false,
        "selector": "div > div > div > div > div > div > div > div:nth-of-type(2) > div:nth-of-type(10)",
        "dataAttributes": {},
        "sourceFile": "compositions/code-morph.html",
        "bbox": {
          "x": 235,
          "y": 411,
          "width": 23.984375,
          "height": 31
        },
        "time": 0.256
      },
      {
        "code": "contrast_aa_failure",
        "severity": "error",
        "message": "Contrast is 2.44:1; WCAG AA requires 4.5:1.",
        "text": "11",
        "fg": "rgb(82,82,91)",
        "bg": "rgb(17,17,19)",
        "ratio": 2.44,
        "requiredRatio": 4.5,
        "suggestedColor": "rgb(124,124,131)",
        "large": false,
        "selector": "div > div > div > div > div > div > div > div:nth-of-type(2) > div:nth-of-type(11)",
        "dataAttributes": {},
        "sourceFile": "compositions/code-morph.html",
        "bbox": {
          "x": 235,
          "y": 442,
          "width": 23.984375,
          "height": 31
        },
        "time": 0.256
      },
      {
        "code": "contrast_aa_failure",
        "severity": "error",
        "message": "Contrast is 2.44:1; WCAG AA requires 4.5:1.",
        "text": "12",
        "fg": "rgb(82,82,91)",
        "bg": "rgb(17,17,19)",
        "ratio": 2.44,
        "requiredRatio": 4.5,
        "suggestedColor": "rgb(124,124,131)",
        "large": false,
        "selector": "div > div > div > div > div > div > div > div:nth-of-type(2) > div:nth-of-type(12)",
        "dataAttributes": {},
        "sourceFile": "compositions/code-morph.html",
        "bbox": {
          "x": 235,
          "y": 473,
          "width": 23.984375,
          "height": 31
        },
        "time": 0.256
      },
      {
        "code": "contrast_aa_failure",
        "severity": "error",
        "message": "Contrast is 2.44:1; WCAG AA requires 4.5:1.",
        "text": "13",
        "fg": "rgb(82,82,91)",
        "bg": "rgb(17,17,19)",
        "ratio": 2.44,
        "requiredRatio": 4.5,
        "suggestedColor": "rgb(124,124,131)",
        "large": false,
        "selector": "div > div > div > div > div > div > div > div:nth-of-type(2) > div:nth-of-type(13)",
        "dataAttributes": {},
        "sourceFile": "compositions/code-morph.html",
        "bbox": {
          "x": 235,
          "y": 504,
          "width": 23.984375,
          "height": 31
        },
        "time": 0.256
      },
      {
        "code": "contrast_aa_failure",
        "severity": "error",
        "message": "Contrast is 2.44:1; WCAG AA requires 4.5:1.",
        "text": "14",
        "fg": "rgb(82,82,91)",
        "bg": "rgb(17,17,19)",
        "ratio": 2.44,
        "requiredRatio": 4.5,
        "suggestedColor": "rgb(124,124,131)",
        "large": false,
        "selector": "div > div > div > div > div > div > div > div:nth-of-type(2) > div:nth-of-type(14)",
        "dataAttributes": {},
        "sourceFile": "compositions/code-morph.html",
        "bbox": {
          "x": 235,
          "y": 535,
          "width": 23.984375,
          "height": 31
        },
        "time": 0.256
      },
      {
        "code": "contrast_aa_failure",
        "severity": "error",
        "message": "Contrast is 2.44:1; WCAG AA requires 4.5:1.",
        "text": "15",
        "fg": "rgb(82,82,91)",
        "bg": "rgb(17,17,19)",
        "ratio": 2.44,
        "requiredRatio": 4.5,
        "suggestedColor": "rgb(124,124,131)",
        "large": false,
        "selector": "div > div > div > div > div > div > div > div:nth-of-type(2) > div:nth-of-type(15)",
        "dataAttributes": {},
        "sourceFile": "compositions/code-morph.html",
        "bbox": {
          "x": 235,
          "y": 566,
          "width": 23.984375,
          "height": 31
        },
        "time": 0.256
      },
      {
        "code": "contrast_aa_failure",
        "severity": "error",
        "message": "Contrast is 2.44:1; WCAG AA requires 4.5:1.",
        "text": "16",
        "fg": "rgb(82,82,91)",
        "bg": "rgb(17,17,19)",
        "ratio": 2.44,
        "requiredRatio": 4.5,
        "suggestedColor": "rgb(124,124,131)",
        "large": false,
        "selector": "div > div > div > div > div > div > div > div:nth-of-type(2) > div:nth-of-type(16)",
        "dataAttributes": {},
        "sourceFile": "compositions/code-morph.html",
        "bbox": {
          "x": 235,
          "y": 597,
          "width": 23.984375,
          "height": 31
        },
        "time": 0.256
      },
      {
        "code": "contrast_aa_failure",
        "severity": "error",
        "message": "Contrast is 3.9:1; WCAG AA requires 4.5:1.",
        "text": "{",
        "fg": "rgb(113,113,122)",
        "bg": "rgb(17,17,19)",
        "ratio": 3.9,
        "requiredRatio": 4.5,
        "suggestedColor": "rgb(124,124,132)",
        "large": false,
        "selector": "div > div > div > div > div > div > div > div:nth-of-type(2) > div:nth-of-type(17) > span:nth-of-type(2)",
        "dataAttributes": {},
        "sourceFile": "compositions/code-morph.html",
        "bbox": {
          "x": 366.9842529296875,
          "y": 132,
          "width": 12,
          "height": 31
        },
        "time": 0.256
      },
      {
        "code": "contrast_aa_failure",
        "severity": "error",
        "message": "Contrast is 3.9:1; WCAG AA requires 4.5:1.",
        "text": ",",
        "fg": "rgb(113,113,122)",
        "bg": "rgb(17,17,19)",
        "ratio": 3.9,
        "requiredRatio": 4.5,
        "suggestedColor": "rgb(124,124,132)",
        "large": false,
        "selector": "div > div > div > div > div > div > div > div:nth-of-type(2) > div:nth-of-type(17) > span:nth-of-type(4)",
        "dataAttributes": {},
        "sourceFile": "compositions/code-morph.html",
        "bbox": {
          "x": 498.9841003417969,
          "y": 132,
          "width": 12,
          "height": 31
        },
        "time": 0.256
      },
      {
        "code": "contrast_aa_failure",
        "severity": "error",
        "message": "Contrast is 3.9:1; WCAG AA requires 4.5:1.",
        "text": "}",
        "fg": "rgb(113,113,122)",
        "bg": "rgb(17,17,19)",
        "ratio": 3.9,
        "requiredRatio": 4.5,
        "suggestedColor": "rgb(124,124,132)",
        "large": false,
        "selector": "div > div > div > div > div > div > div > div:nth-of-type(2) > div:nth-of-type(17) > span:nth-of-type(6)",
        "dataAttributes": {},
        "sourceFile": "compositions/code-morph.html",
        "bbox": {
          "x": 630.9839477539062,
          "y": 132,
          "width": 12,
          "height": 31
        },
        "time": 0.256
      },
      {
        "code": "contrast_aa_failure",
        "severity": "error",
        "message": "Contrast is 3.9:1; WCAG AA requires 4.5:1.",
        "text": ";",
        "fg": "rgb(113,113,122)",
        "bg": "rgb(17,17,19)",
        "ratio": 3.9,
        "requiredRatio": 4.5,
        "suggestedColor": "rgb(124,124,132)",
        "large": false,
        "selector": "div > div > div > div > div > div > div > div:nth-of-type(2) > div:nth-of-type(17) > span:nth-of-type(9)",
        "dataAttributes": {},
        "sourceFile": "compositions/code-morph.html",
        "bbox": {
          "x": 798.9837036132812,
          "y": 132,
          "width": 12,
          "height": 31
        },
        "time": 0.256
      },
      {
        "code": "contrast_aa_failure",
        "severity": "error",
        "message": "Contrast is 3.9:1; WCAG AA requires 4.5:1.",
        "text": "(",
        "fg": "rgb(113,113,122)",
        "bg": "rgb(17,17,19)",
        "ratio": 3.9,
        "requiredRatio": 4.5,
        "suggestedColor": "rgb(124,124,132)",
        "large": false,
        "selector": "div > div > div > div > div > div > div > div:nth-of-type(2) > div:nth-of-type(17) > span:nth-of-type(13)",
        "dataAttributes": {},
        "sourceFile": "compositions/code-morph.html",
        "bbox": {
          "x": 570.9840087890625,
          "y": 194,
          "width": 12,
          "height": 31
        },
        "time": 0.256
      },
      {
        "code": "contrast_aa_failure",
        "severity": "error",
        "message": "Contrast is 3.9:1; WCAG AA requires 4.5:1.",
        "text": ")",
        "fg": "rgb(113,113,122)",
        "bg": "rgb(17,17,19)",
        "ratio": 3.9,
        "requiredRatio": 4.5,
        "suggestedColor": "rgb(124,124,132)",
        "large": false,
        "selector": "div > div > div > div > div > div > div > div:nth-of-type(2) > div:nth-of-type(17) > span:nth-of-type(14)",
        "dataAttributes": {},
        "sourceFile": "compositions/code-morph.html",
        "bbox": {
          "x": 582.9840087890625,
          "y": 194,
          "width": 12,
          "height": 31
        },
        "time": 0.256
      },
      {
        "code": "contrast_aa_failure",
        "severity": "error",
        "message": "Contrast is 3.9:1; WCAG AA requires 4.5:1.",
        "text": "{",
        "fg": "rgb(113,113,122)",
        "bg": "rgb(17,17,19)",
        "ratio": 3.9,
        "requiredRatio": 4.5,
        "suggestedColor": "rgb(124,124,132)",
        "large": false,
        "selector": "div > div > div > div > div > div > div > div:nth-of-type(2) > div:nth-of-type(17) > span:nth-of-type(15)",
        "dataAttributes": {},
        "sourceFile": "compositions/code-morph.html",
        "bbox": {
          "x": 606.9839477539062,
          "y": 194,
          "width": 12,
          "height": 31
        },
        "time": 0.256
      },
      {
        "code": "contrast_aa_failure",
        "severity": "error",
        "message": "Contrast is 3.9:1; WCAG AA requires 4.5:1.",
        "text": "[",
        "fg": "rgb(113,113,122)",
        "bg": "rgb(17,17,19)",
        "ratio": 3.9,
        "requiredRatio": 4.5,
        "suggestedColor": "rgb(124,124,132)",
        "large": false,
        "selector": "div > div > div > div > div > div > div > div:nth-of-type(2) > div:nth-of-type(17) > span:nth-of-type(17)",
        "dataAttributes": {},
        "sourceFile": "compositions/code-morph.html",
        "bbox": {
          "x": 378.9842529296875,
          "y": 225,
          "width": 12,
          "height": 31
        },
        "time": 0.256
      },
      {
        "code": "contrast_aa_failure",
        "severity": "error",
        "message": "Contrast is 3.9:1; WCAG AA requires 4.5:1.",
        "text": ",",
        "fg": "rgb(113,113,122)",
        "bg": "rgb(17,17,19)",
        "ratio": 3.9,
        "requiredRatio": 4.5,
        "suggestedColor": "rgb(124,124,132)",
        "large": false,
        "selector": "div > div > div > div > div > div > div > div:nth-of-type(2) > div:nth-of-type(17) > span:nth-of-type(19)",
        "dataAttributes": {},
        "sourceFile": "compositions/code-morph.html",
        "bbox": {
          "x": 486.984130859375,
          "y": 225,
          "width": 12,
          "height": 31
        },
        "time": 0.256
      },
      {
        "code": "contrast_aa_failure",
        "severity": "error",
        "message": "Contrast is 3.9:1; WCAG AA requires 4.5:1.",
        "text": "]",
        "fg": "rgb(113,113,122)",
        "bg": "rgb(17,17,19)",
        "ratio": 3.9,
        "requiredRatio": 4.5,
        "suggestedColor": "rgb(124,124,132)",
        "large": false,
        "selector": "div > div > div > div > div > div > div > div:nth-of-type(2) > div:nth-of-type(17) > span:nth-of-type(21)",
        "dataAttributes": {},
        "sourceFile": "compositions/code-morph.html",
        "bbox": {
          "x": 642.98388671875,
          "y": 225,
          "width": 12,
          "height": 31
        },
        "time": 0.256
      },
      {
        "code": "contrast_aa_failure",
        "severity": "error",
        "message": "Contrast is 3.9:1; WCAG AA requires 4.5:1.",
        "text": "=",
        "fg": "rgb(113,113,122)",
        "bg": "rgb(17,17,19)",
        "ratio": 3.9,
        "requiredRatio": 4.5,
        "suggestedColor": "rgb(124,124,132)",
        "large": false,
        "selector": "div > div > div > div > div > div > div > div:nth-of-type(2) > div:nth-of-type(17) > span:nth-of-type(22)",
        "dataAttributes": {},
        "sourceFile": "compositions/code-morph.html",
        "bbox": {
          "x": 666.98388671875,
          "y": 225,
          "width": 12,
          "height": 31
        },
        "time": 0.256
      },
      {
        "code": "contrast_aa_failure",
        "severity": "error",
        "message": "Contrast is 3.9:1; WCAG AA requires 4.5:1.",
        "text": "(",
        "fg": "rgb(113,113,122)",
        "bg": "rgb(17,17,19)",
        "ratio": 3.9,
        "requiredRatio": 4.5,
        "suggestedColor": "rgb(124,124,132)",
        "large": false,
        "selector": "div > div > div > div > div > div > div > div:nth-of-type(2) > div:nth-of-type(17) > span:nth-of-type(24)",
        "dataAttributes": {},
        "sourceFile": "compositions/code-morph.html",
        "bbox": {
          "x": 786.9837646484375,
          "y": 225,
          "width": 12,
          "height": 31
        },
        "time": 0.256
      },
      {
        "code": "contrast_aa_failure",
        "severity": "error",
        "message": "Contrast is 3.9:1; WCAG AA requires 4.5:1.",
        "text": "[",
        "fg": "rgb(113,113,122)",
        "bg": "rgb(17,17,19)",
        "ratio": 3.9,
        "requiredRatio": 4.5,
        "suggestedColor": "rgb(124,124,132)",
        "large": false,
        "selector": "div > div > div > div > div > div > div > div:nth-of-type(2) > div:nth-of-type(17) > span:nth-of-type(25)",
        "dataAttributes": {},
        "sourceFile": "compositions/code-morph.html",
        "bbox": {
          "x": 798.9837036132812,
          "y": 225,
          "width": 12,
          "height": 31
        },
        "time": 0.256
      },
      {
        "code": "contrast_aa_failure",
        "severity": "error",
        "message": "Contrast is 3.9:1; WCAG AA requires 4.5:1.",
        "text": "]",
        "fg": "rgb(113,113,122)",
        "bg": "rgb(17,17,19)",
        "ratio": 3.9,
        "requiredRatio": 4.5,
        "suggestedColor": "rgb(124,124,132)",
        "large": false,
        "selector": "div > div > div > div > div > div > div > div:nth-of-type(2) > div:nth-of-type(17) > span:nth-of-type(26)",
        "dataAttributes": {},
        "sourceFile": "compositions/code-morph.html",
        "bbox": {
          "x": 810.9837036132812,
          "y": 225,
          "width": 12,
          "height": 31
        },
        "time": 0.256
      },
      {
        "code": "contrast_aa_failure",
        "severity": "error",
        "message": "Contrast is 3.9:1; WCAG AA requires 4.5:1.",
        "text": ")",
        "fg": "rgb(113,113,122)",
        "bg": "rgb(17,17,19)",
        "ratio": 3.9,
        "requiredRatio": 4.5,
        "suggestedColor": "rgb(124,124,132)",
        "large": false,
        "selector": "div > div > div > div > div > div > div > div:nth-of-type(2) > div:nth-of-type(17) > span:nth-of-type(27)",
        "dataAttributes": {},
        "sourceFile": "compositions/code-morph.html",
        "bbox": {
          "x": 822.9837036132812,
          "y": 225,
          "width": 12,
          "height": 31
        },
        "time": 0.256
      },
      {
        "code": "contrast_aa_failure",
        "severity": "error",
        "message": "Contrast is 3.9:1; WCAG AA requires 4.5:1.",
        "text": ";",
        "fg": "rgb(113,113,122)",
        "bg": "rgb(17,17,19)",
        "ratio": 3.9,
        "requiredRatio": 4.5,
        "suggestedColor": "rgb(124,124,132)",
        "large": false,
        "selector": "div > div > div > div > div > div > div > div:nth-of-type(2) > div:nth-of-type(17) > span:nth-of-type(28)",
        "dataAttributes": {},
        "sourceFile": "compositions/code-morph.html",
        "bbox": {
          "x": 834.983642578125,
          "y": 225,
          "width": 12,
          "height": 31
        },
        "time": 0.256
      },
      {
        "code": "contrast_aa_failure",
        "severity": "error",
        "message": "Contrast is 3.9:1; WCAG AA requires 4.5:1.",
        "text": "[",
        "fg": "rgb(113,113,122)",
        "bg": "rgb(17,17,19)",
        "ratio": 3.9,
        "requiredRatio": 4.5,
        "suggestedColor": "rgb(124,124,132)",
        "large": false,
        "selector": "div > div > div > div > div > div > div > div:nth-of-type(2) > div:nth-of-type(17) > span:nth-of-type(30)",
        "dataAttributes": {},
        "sourceFile": "compositions/code-morph.html",
        "bbox": {
          "x": 378.9842529296875,
          "y": 256,
          "width": 12,
          "height": 31
        },
        "time": 0.256
      },
      {
        "code": "contrast_aa_failure",
        "severity": "error",
        "message": "Contrast is 3.9:1; WCAG AA requires 4.5:1.",
        "text": ",",
        "fg": "rgb(113,113,122)",
        "bg": "rgb(17,17,19)",
        "ratio": 3.9,
        "requiredRatio": 4.5,
        "suggestedColor": "rgb(124,124,132)",
        "large": false,
        "selector": "div > div > div > div > div > div > div > div:nth-of-type(2) > div:nth-of-type(17) > span:nth-of-type(32)",
        "dataAttributes": {},
        "sourceFile": "compositions/code-morph.html",
        "bbox": {
          "x": 474.984130859375,
          "y": 256,
          "width": 12,
          "height": 31
        },
        "time": 0.256
      },
      {
        "code": "contrast_aa_failure",
        "severity": "error",
        "message": "Contrast is 3.9:1; WCAG AA requires 4.5:1.",
        "text": "]",
        "fg": "rgb(113,113,122)",
        "bg": "rgb(17,17,19)",
        "ratio": 3.9,
        "requiredRatio": 4.5,
        "suggestedColor": "rgb(124,124,132)",
        "large": false,
        "selector": "div > div > div > div > div > div > div > div:nth-of-type(2) > div:nth-of-type(17) > span:nth-of-type(34)",
        "dataAttributes": {},
        "sourceFile": "compositions/code-morph.html",
        "bbox": {
          "x": 618.9839477539062,
          "y": 256,
          "width": 12,
          "height": 31
        },
        "time": 0.256
      },
      {
        "code": "contrast_aa_failure",
        "severity": "error",
        "message": "Contrast is 3.9:1; WCAG AA requires 4.5:1.",
        "text": "=",
        "fg": "rgb(113,113,122)",
        "bg": "rgb(17,17,19)",
        "ratio": 3.9,
        "requiredRatio": 4.5,
        "suggestedColor": "rgb(124,124,132)",
        "large": false,
        "selector": "div > div > div > div > div > div > div > div:nth-of-type(2) > div:nth-of-type(17) > span:nth-of-type(35)",
        "dataAttributes": {},
        "sourceFile": "compositions/code-morph.html",
        "bbox": {
          "x": 642.98388671875,
          "y": 256,
          "width": 12,
          "height": 31
        },
        "time": 0.256
      },
      {
        "code": "contrast_aa_failure",
        "severity": "error",
        "message": "Contrast is 3.9:1; WCAG AA requires 4.5:1.",
        "text": "(",
        "fg": "rgb(113,113,122)",
        "bg": "rgb(17,17,19)",
        "ratio": 3.9,
        "requiredRatio": 4.5,
        "suggestedColor": "rgb(124,124,132)",
        "large": false,
        "selector": "div > div > div > div > div > div > div > div:nth-of-type(2) > div:nth-of-type(17) > span:nth-of-type(37)",
        "dataAttributes": {},
        "sourceFile": "compositions/code-morph.html",
        "bbox": {
          "x": 762.9837646484375,
          "y": 256,
          "width": 12,
          "height": 31
        },
        "time": 0.256
      },
      {
        "code": "contrast_aa_failure",
        "severity": "error",
        "message": "Contrast is 3.9:1; WCAG AA requires 4.5:1.",
        "text": ")",
        "fg": "rgb(113,113,122)",
        "bg": "rgb(17,17,19)",
        "ratio": 3.9,
        "requiredRatio": 4.5,
        "suggestedColor": "rgb(124,124,132)",
        "large": false,
        "selector": "div > div > div > div > div > div > div > div:nth-of-type(2) > div:nth-of-type(17) > span:nth-of-type(39)",
        "dataAttributes": {},
        "sourceFile": "compositions/code-morph.html",
        "bbox": {
          "x": 822.9837036132812,
          "y": 256,
          "width": 12,
          "height": 31
        },
        "time": 0.256
      },
      {
        "code": "contrast_aa_failure",
        "severity": "error",
        "message": "Contrast is 3.9:1; WCAG AA requires 4.5:1.",
        "text": ";",
        "fg": "rgb(113,113,122)",
        "bg": "rgb(17,17,19)",
        "ratio": 3.9,
        "requiredRatio": 4.5,
        "suggestedColor": "rgb(124,124,132)",
        "large": false,
        "selector": "div > div > div > div > div > div > div > div:nth-of-type(2) > div:nth-of-type(17) > span:nth-of-type(40)",
        "dataAttributes": {},
        "sourceFile": "compositions/code-morph.html",
        "bbox": {
          "x": 834.983642578125,
          "y": 256,
          "width": 12,
          "height": 31
        },
        "time": 0.256
      },
      {
        "code": "contrast_aa_failure",
        "severity": "error",
        "message": "Contrast is 3.9:1; WCAG AA requires 4.5:1.",
        "text": "(",
        "fg": "rgb(113,113,122)",
        "bg": "rgb(17,17,19)",
        "ratio": 3.9,
        "requiredRatio": 4.5,
        "suggestedColor": "rgb(124,124,132)",
        "large": false,
        "selector": "div > div > div > div > div > div > div > div:nth-of-type(2) > div:nth-of-type(17) > span:nth-of-type(42)",
        "dataAttributes": {},
        "sourceFile": "compositions/code-morph.html",
        "bbox": {
          "x": 414.98419189453125,
          "y": 318,
          "width": 12,
          "height": 31
        },
        "time": 0.256
      },
      {
        "code": "contrast_aa_failure",
        "severity": "error",
        "message": "Contrast is 3.9:1; WCAG AA requires 4.5:1.",
        "text": "(",
        "fg": "rgb(113,113,122)",
        "bg": "rgb(17,17,19)",
        "ratio": 3.9,
        "requiredRatio": 4.5,
        "suggestedColor": "rgb(124,124,132)",
        "large": false,
        "selector": "div > div > div > div > div > div > div > div:nth-of-type(2) > div:nth-of-type(17) > span:nth-of-type(43)",
        "dataAttributes": {},
        "sourceFile": "compositions/code-morph.html",
        "bbox": {
          "x": 426.98419189453125,
          "y": 318,
          "width": 12,
          "height": 31
        },
        "time": 0.256
      },
      {
        "code": "contrast_aa_failure",
        "severity": "error",
        "message": "Contrast is 3.9:1; WCAG AA requires 4.5:1.",
        "text": ")",
        "fg": "rgb(113,113,122)",
        "bg": "rgb(17,17,19)",
        "ratio": 3.9,
        "requiredRatio": 4.5,
        "suggestedColor": "rgb(124,124,132)",
        "large": false,
        "selector": "div > div > div > div > div > div > div > div:nth-of-type(2) > div:nth-of-type(17) > span:nth-of-type(44)",
        "dataAttributes": {},
        "sourceFile": "compositions/code-morph.html",
        "bbox": {
          "x": 438.98419189453125,
          "y": 318,
          "width": 12,
          "height": 31
        },
        "time": 0.256
      },
      {
        "code": "contrast_aa_failure",
        "severity": "error",
        "message": "Contrast is 3.9:1; WCAG AA requires 4.5:1.",
        "text": "=>",
        "fg": "rgb(113,113,122)",
        "bg": "rgb(17,17,19)",
        "ratio": 3.9,
        "requiredRatio": 4.5,
        "suggestedColor": "rgb(124,124,132)",
        "large": false,
        "selector": "div > div > div > div > div > div > div > div:nth-of-type(2) > div:nth-of-type(17) > span:nth-of-type(45)",
        "dataAttributes": {},
        "sourceFile": "compositions/code-morph.html",
        "bbox": {
          "x": 462.984130859375,
          "y": 318,
          "width": 24,
          "height": 31
        },
        "time": 0.256
      },
      {
        "code": "contrast_aa_failure",
        "severity": "error",
        "message": "Contrast is 3.9:1; WCAG AA requires 4.5:1.",
        "text": "{",
        "fg": "rgb(113,113,122)",
        "bg": "rgb(17,17,19)",
        "ratio": 3.9,
        "requiredRatio": 4.5,
        "suggestedColor": "rgb(124,124,132)",
        "large": false,
        "selector": "div > div > div > div > div > div > div > div:nth-of-type(2) > div:nth-of-type(17) > span:nth-of-type(46)",
        "dataAttributes": {},
        "sourceFile": "compositions/code-morph.html",
        "bbox": {
          "x": 498.9841003417969,
          "y": 318,
          "width": 12,
          "height": 31
        },
        "time": 0.256
      },
      {
        "code": "contrast_aa_failure",
        "severity": "error",
        "message": "Contrast is 3.9:1; WCAG AA requires 4.5:1.",
        "text": "(",
        "fg": "rgb(113,113,122)",
        "bg": "rgb(17,17,19)",
        "ratio": 3.9,
        "requiredRatio": 4.5,
        "suggestedColor": "rgb(124,124,132)",
        "large": false,
        "selector": "div > div > div > div > div > div > div > div:nth-of-type(2) > div:nth-of-type(17) > span:nth-of-type(48)",
        "dataAttributes": {},
        "sourceFile": "compositions/code-morph.html",
        "bbox": {
          "x": 390.9842529296875,
          "y": 349,
          "width": 12,
          "height": 31
        },
        "time": 0.256
      },
      {
        "code": "contrast_aa_failure",
        "severity": "error",
        "message": "Contrast is 3.9:1; WCAG AA requires 4.5:1.",
        "text": ")",
        "fg": "rgb(113,113,122)",
        "bg": "rgb(17,17,19)",
        "ratio": 3.9,
        "requiredRatio": 4.5,
        "suggestedColor": "rgb(124,124,132)",
        "large": false,
        "selector": "div > div > div > div > div > div > div > div:nth-of-type(2) > div:nth-of-type(17) > span:nth-of-type(50)",
        "dataAttributes": {},
        "sourceFile": "compositions/code-morph.html",
        "bbox": {
          "x": 582.9840087890625,
          "y": 349,
          "width": 12,
          "height": 31
        },
        "time": 0.256
      },
      {
        "code": "contrast_aa_failure",
        "severity": "error",
        "message": "Contrast is 3.9:1; WCAG AA requires 4.5:1.",
        "text": ".",
        "fg": "rgb(113,113,122)",
        "bg": "rgb(17,17,19)",
        "ratio": 3.9,
        "requiredRatio": 4.5,
        "suggestedColor": "rgb(124,124,132)",
        "large": false,
        "selector": "div > div > div > div > div > div > div > div:nth-of-type(2) > div:nth-of-type(17) > span:nth-of-type(51)",
        "dataAttributes": {},
        "sourceFile": "compositions/code-morph.html",
        "bbox": {
          "x": 354.9842834472656,
          "y": 380,
          "width": 12,
          "height": 31
        },
        "time": 0.256
      },
      {
        "code": "contrast_aa_failure",
        "severity": "error",
        "message": "Contrast is 3.9:1; WCAG AA requires 4.5:1.",
        "text": "(",
        "fg": "rgb(113,113,122)",
        "bg": "rgb(17,17,19)",
        "ratio": 3.9,
        "requiredRatio": 4.5,
        "suggestedColor": "rgb(124,124,132)",
        "large": false,
        "selector": "div > div > div > div > div > div > div > div:nth-of-type(2) > div:nth-of-type(17) > span:nth-of-type(53)",
        "dataAttributes": {},
        "sourceFile": "compositions/code-morph.html",
        "bbox": {
          "x": 414.98419189453125,
          "y": 380,
          "width": 12,
          "height": 31
        },
        "time": 0.256
      },
      {
        "code": "contrast_aa_failure",
        "severity": "error",
        "message": "Contrast is 3.9:1; WCAG AA requires 4.5:1.",
        "text": "(",
        "fg": "rgb(113,113,122)",
        "bg": "rgb(17,17,19)",
        "ratio": 3.9,
        "requiredRatio": 4.5,
        "suggestedColor": "rgb(124,124,132)",
        "large": false,
        "selector": "div > div > div > div > div > div > div > div:nth-of-type(2) > div:nth-of-type(17) > span:nth-of-type(54)",
        "dataAttributes": {},
        "sourceFile": "compositions/code-morph.html",
        "bbox": {
          "x": 426.98419189453125,
          "y": 380,
          "width": 12,
          "height": 31
        },
        "time": 0.256
      },
      {
        "code": "contrast_aa_failure",
        "severity": "error",
        "message": "Contrast is 3.9:1; WCAG AA requires 4.5:1.",
        "text": ")",
        "fg": "rgb(113,113,122)",
        "bg": "rgb(17,17,19)",
        "ratio": 3.9,
        "requiredRatio": 4.5,
        "suggestedColor": "rgb(124,124,132)",
        "large": false,
        "selector": "div > div > div > div > div > div > div > div:nth-of-type(2) > div:nth-of-type(17) > span:nth-of-type(56)",
        "dataAttributes": {},
        "sourceFile": "compositions/code-morph.html",
        "bbox": {
          "x": 474.984130859375,
          "y": 380,
          "width": 12,
          "height": 31
        },
        "time": 0.256
      },
      {
        "code": "contrast_aa_failure",
        "severity": "error",
        "message": "Contrast is 3.9:1; WCAG AA requires 4.5:1.",
        "text": "=>",
        "fg": "rgb(113,113,122)",
        "bg": "rgb(17,17,19)",
        "ratio": 3.9,
        "requiredRatio": 4.5,
        "suggestedColor": "rgb(124,124,132)",
        "large": false,
        "selector": "div > div > div > div > div > div > div > div:nth-of-type(2) > div:nth-of-type(17) > span:nth-of-type(57)",
        "dataAttributes": {},
        "sourceFile": "compositions/code-morph.html",
        "bbox": {
          "x": 498.9841003417969,
          "y": 380,
          "width": 24.000030517578125,
          "height": 31
        },
        "time": 0.256
      },
      {
        "code": "contrast_aa_failure",
        "severity": "error",
        "message": "Contrast is 3.9:1; WCAG AA requires 4.5:1.",
        "text": ".",
        "fg": "rgb(113,113,122)",
        "bg": "rgb(17,17,19)",
        "ratio": 3.9,
        "requiredRatio": 4.5,
        "suggestedColor": "rgb(124,124,132)",
        "large": false,
        "selector": "div > div > div > div > div > div > div > div:nth-of-type(2) > div:nth-of-type(17) > span:nth-of-type(59)",
        "dataAttributes": {},
        "sourceFile": "compositions/code-morph.html",
        "bbox": {
          "x": 570.9840087890625,
          "y": 380,
          "width": 12,
          "height": 31
        },
        "time": 0.256
      },
      {
        "code": "contrast_aa_failure",
        "severity": "error",
        "message": "Contrast is 3.9:1; WCAG AA requires 4.5:1.",
        "text": "(",
        "fg": "rgb(113,113,122)",
        "bg": "rgb(17,17,19)",
        "ratio": 3.9,
        "requiredRatio": 4.5,
        "suggestedColor": "rgb(124,124,132)",
        "large": false,
        "selector": "div > div > div > div > div > div > div > div:nth-of-type(2) > div:nth-of-type(17) > span:nth-of-type(61)",
        "dataAttributes": {},
        "sourceFile": "compositions/code-morph.html",
        "bbox": {
          "x": 630.9839477539062,
          "y": 380,
          "width": 12,
          "height": 31
        },
        "time": 0.256
      },
      {
        "code": "contrast_aa_failure",
        "severity": "error",
        "message": "Contrast is 3.9:1; WCAG AA requires 4.5:1.",
        "text": ")",
        "fg": "rgb(113,113,122)",
        "bg": "rgb(17,17,19)",
        "ratio": 3.9,
        "requiredRatio": 4.5,
        "suggestedColor": "rgb(124,124,132)",
        "large": false,
        "selector": "div > div > div > div > div > div > div > div:nth-of-type(2) > div:nth-of-type(17) > span:nth-of-type(62)",
        "dataAttributes": {},
        "sourceFile": "compositions/code-morph.html",
        "bbox": {
          "x": 642.98388671875,
          "y": 380,
          "width": 12,
          "height": 31
        },
        "time": 0.256
      },
      {
        "code": "contrast_aa_failure",
        "severity": "error",
        "message": "Contrast is 3.9:1; WCAG AA requires 4.5:1.",
        "text": ")",
        "fg": "rgb(113,113,122)",
        "bg": "rgb(17,17,19)",
        "ratio": 3.9,
        "requiredRatio": 4.5,
        "suggestedColor": "rgb(124,124,132)",
        "large": false,
        "selector": "div > div > div > div > div > div > div > div:nth-of-type(2) > div:nth-of-type(17) > span:nth-of-type(63)",
        "dataAttributes": {},
        "sourceFile": "compositions/code-morph.html",
        "bbox": {
          "x": 654.98388671875,
          "y": 380,
          "width": 12,
          "height": 31
        },
        "time": 0.256
      },
      {
        "code": "contrast_aa_failure",
        "severity": "error",
        "message": "Contrast is 3.9:1; WCAG AA requires 4.5:1.",
        "text": ".",
        "fg": "rgb(113,113,122)",
        "bg": "rgb(17,17,19)",
        "ratio": 3.9,
        "requiredRatio": 4.5,
        "suggestedColor": "rgb(124,124,132)",
        "large": false,
        "selector": "div > div > div > div > div > div > div > div:nth-of-type(2) > div:nth-of-type(17) > span:nth-of-type(64)",
        "dataAttributes": {},
        "sourceFile": "compositions/code-morph.html",
        "bbox": {
          "x": 354.9842834472656,
          "y": 411,
          "width": 12,
          "height": 31
        },
        "time": 0.256
      },
      {
        "code": "contrast_aa_failure",
        "severity": "error",
        "message": "Contrast is 3.9:1; WCAG AA requires 4.5:1.",
        "text": "(",
        "fg": "rgb(113,113,122)",
        "bg": "rgb(17,17,19)",
        "ratio": 3.9,
        "requiredRatio": 4.5,
        "suggestedColor": "rgb(124,124,132)",
        "large": false,
        "selector": "div > div > div > div > div > div > div > div:nth-of-type(2) > div:nth-of-type(17) > span:nth-of-type(66)",
        "dataAttributes": {},
        "sourceFile": "compositions/code-morph.html",
        "bbox": {
          "x": 414.98419189453125,
          "y": 411,
          "width": 12,
          "height": 31
        },
        "time": 0.256
      },
      {
        "code": "contrast_aa_failure",
        "severity": "error",
        "message": "Contrast is 3.9:1; WCAG AA requires 4.5:1.",
        "text": ")",
        "fg": "rgb(113,113,122)",
        "bg": "rgb(17,17,19)",
        "ratio": 3.9,
        "requiredRatio": 4.5,
        "suggestedColor": "rgb(124,124,132)",
        "large": false,
        "selector": "div > div > div > div > div > div > div > div:nth-of-type(2) > div:nth-of-type(17) > span:nth-of-type(68)",
        "dataAttributes": {},
        "sourceFile": "compositions/code-morph.html",
        "bbox": {
          "x": 558.9840087890625,
          "y": 411,
          "width": 12,
          "height": 31
        },
        "time": 0.256
      },
      {
        "code": "contrast_aa_failure",
        "severity": "error",
        "message": "Contrast is 3.9:1; WCAG AA requires 4.5:1.",
        "text": ".",
        "fg": "rgb(113,113,122)",
        "bg": "rgb(17,17,19)",
        "ratio": 3.9,
        "requiredRatio": 4.5,
        "suggestedColor": "rgb(124,124,132)",
        "large": false,
        "selector": "div > div > div > div > div > div > div > div:nth-of-type(2) > div:nth-of-type(17) > span:nth-of-type(69)",
        "dataAttributes": {},
        "sourceFile": "compositions/code-morph.html",
        "bbox": {
          "x": 354.9842834472656,
          "y": 442,
          "width": 12,
          "height": 31
        },
        "time": 0.256
      },
      {
        "code": "contrast_aa_failure",
        "severity": "error",
        "message": "Contrast is 3.9:1; WCAG AA requires 4.5:1.",
        "text": "(",
        "fg": "rgb(113,113,122)",
        "bg": "rgb(17,17,19)",
        "ratio": 3.9,
        "requiredRatio": 4.5,
        "suggestedColor": "rgb(124,124,132)",
        "large": false,
        "selector": "div > div > div > div > div > div > div > div:nth-of-type(2) > div:nth-of-type(17) > span:nth-of-type(71)",
        "dataAttributes": {},
        "sourceFile": "compositions/code-morph.html",
        "bbox": {
          "x": 450.9841613769531,
          "y": 442,
          "width": 12,
          "height": 31
        },
        "time": 0.256
      },
      {
        "code": "contrast_aa_failure",
        "severity": "error",
        "message": "Contrast is 3.9:1; WCAG AA requires 4.5:1.",
        "text": "(",
        "fg": "rgb(113,113,122)",
        "bg": "rgb(17,17,19)",
        "ratio": 3.9,
        "requiredRatio": 4.5,
        "suggestedColor": "rgb(124,124,132)",
        "large": false,
        "selector": "div > div > div > div > div > div > div > div:nth-of-type(2) > div:nth-of-type(17) > span:nth-of-type(72)",
        "dataAttributes": {},
        "sourceFile": "compositions/code-morph.html",
        "bbox": {
          "x": 462.984130859375,
          "y": 442,
          "width": 12,
          "height": 31
        },
        "time": 0.256
      },
      {
        "code": "contrast_aa_failure",
        "severity": "error",
        "message": "Contrast is 3.9:1; WCAG AA requires 4.5:1.",
        "text": ")",
        "fg": "rgb(113,113,122)",
        "bg": "rgb(17,17,19)",
        "ratio": 3.9,
        "requiredRatio": 4.5,
        "suggestedColor": "rgb(124,124,132)",
        "large": false,
        "selector": "div > div > div > div > div > div > div > div:nth-of-type(2) > div:nth-of-type(17) > span:nth-of-type(73)",
        "dataAttributes": {},
        "sourceFile": "compositions/code-morph.html",
        "bbox": {
          "x": 474.984130859375,
          "y": 442,
          "width": 12,
          "height": 31
        },
        "time": 0.256
      },
      {
        "code": "contrast_aa_failure",
        "severity": "error",
        "message": "Contrast is 3.9:1; WCAG AA requires 4.5:1.",
        "text": "=>",
        "fg": "rgb(113,113,122)",
        "bg": "rgb(17,17,19)",
        "ratio": 3.9,
        "requiredRatio": 4.5,
        "suggestedColor": "rgb(124,124,132)",
        "large": false,
        "selector": "div > div > div > div > div > div > div > div:nth-of-type(2) > div:nth-of-type(17) > span:nth-of-type(74)",
        "dataAttributes": {},
        "sourceFile": "compositions/code-morph.html",
        "bbox": {
          "x": 498.9841003417969,
          "y": 442,
          "width": 24.000030517578125,
          "height": 31
        },
        "time": 0.256
      },
      {
        "code": "contrast_aa_failure",
        "severity": "error",
        "message": "Contrast is 3.9:1; WCAG AA requires 4.5:1.",
        "text": "(",
        "fg": "rgb(113,113,122)",
        "bg": "rgb(17,17,19)",
        "ratio": 3.9,
        "requiredRatio": 4.5,
        "suggestedColor": "rgb(124,124,132)",
        "large": false,
        "selector": "div > div > div > div > div > div > div > div:nth-of-type(2) > div:nth-of-type(17) > span:nth-of-type(76)",
        "dataAttributes": {},
        "sourceFile": "compositions/code-morph.html",
        "bbox": {
          "x": 654.98388671875,
          "y": 442,
          "width": 12,
          "height": 31
        },
        "time": 0.256
      },
      {
        "code": "contrast_aa_failure",
        "severity": "error",
        "message": "Contrast is 3.9:1; WCAG AA requires 4.5:1.",
        "text": ")",
        "fg": "rgb(113,113,122)",
        "bg": "rgb(17,17,19)",
        "ratio": 3.9,
        "requiredRatio": 4.5,
        "suggestedColor": "rgb(124,124,132)",
        "large": false,
        "selector": "div > div > div > div > div > div > div > div:nth-of-type(2) > div:nth-of-type(17) > span:nth-of-type(78)",
        "dataAttributes": {},
        "sourceFile": "compositions/code-morph.html",
        "bbox": {
          "x": 726.9838256835938,
          "y": 442,
          "width": 12,
          "height": 31
        },
        "time": 0.256
      },
      {
        "code": "contrast_aa_failure",
        "severity": "error",
        "message": "Contrast is 3.9:1; WCAG AA requires 4.5:1.",
        "text": ")",
        "fg": "rgb(113,113,122)",
        "bg": "rgb(17,17,19)",
        "ratio": 3.9,
        "requiredRatio": 4.5,
        "suggestedColor": "rgb(124,124,132)",
        "large": false,
        "selector": "div > div > div > div > div > div > div > div:nth-of-type(2) > div:nth-of-type(17) > span:nth-of-type(79)",
        "dataAttributes": {},
        "sourceFile": "compositions/code-morph.html",
        "bbox": {
          "x": 738.9837646484375,
          "y": 442,
          "width": 12,
          "height": 31
        },
        "time": 0.256
      },
      {
        "code": "contrast_aa_failure",
        "severity": "error",
        "message": "Contrast is 3.9:1; WCAG AA requires 4.5:1.",
        "text": ";",
        "fg": "rgb(113,113,122)",
        "bg": "rgb(17,17,19)",
        "ratio": 3.9,
        "requiredRatio": 4.5,
        "suggestedColor": "rgb(124,124,132)",
        "large": false,
        "selector": "div > div > div > div > div > div > div > div:nth-of-type(2) > div:nth-of-type(17) > span:nth-of-type(80)",
        "dataAttributes": {},
        "sourceFile": "compositions/code-morph.html",
        "bbox": {
          "x": 750.9837646484375,
          "y": 442,
          "width": 12,
          "height": 31
        },
        "time": 0.256
      },
      {
        "code": "contrast_aa_failure",
        "severity": "error",
        "message": "Contrast is 3.9:1; WCAG AA requires 4.5:1.",
        "text": "}",
        "fg": "rgb(113,113,122)",
        "bg": "rgb(17,17,19)",
        "ratio": 3.9,
        "requiredRatio": 4.5,
        "suggestedColor": "rgb(124,124,132)",
        "large": false,
        "selector": "div > div > div > div > div > div > div > div:nth-of-type(2) > div:nth-of-type(17) > span:nth-of-type(81)",
        "dataAttributes": {},
        "sourceFile": "compositions/code-morph.html",
        "bbox": {
          "x": 306.9843444824219,
          "y": 473,
          "width": 12,
          "height": 31
        },
        "time": 0.256
      },
      {
        "code": "contrast_aa_failure",
        "severity": "error",
        "message": "Contrast is 3.9:1; WCAG AA requires 4.5:1.",
        "text": ",",
        "fg": "rgb(113,113,122)",
        "bg": "rgb(17,17,19)",
        "ratio": 3.9,
        "requiredRatio": 4.5,
        "suggestedColor": "rgb(124,124,132)",
        "large": false,
        "selector": "div > div > div > div > div > div > div > div:nth-of-type(2) > div:nth-of-type(17) > span:nth-of-type(82)",
        "dataAttributes": {},
        "sourceFile": "compositions/code-morph.html",
        "bbox": {
          "x": 318.98431396484375,
          "y": 473,
          "width": 12,
          "height": 31
        },
        "time": 0.256
      },
      {
        "code": "contrast_aa_failure",
        "severity": "error",
        "message": "Contrast is 3.9:1; WCAG AA requires 4.5:1.",
        "text": "[",
        "fg": "rgb(113,113,122)",
        "bg": "rgb(17,17,19)",
        "ratio": 3.9,
        "requiredRatio": 4.5,
        "suggestedColor": "rgb(124,124,132)",
        "large": false,
        "selector": "div > div > div > div > div > div > div > div:nth-of-type(2) > div:nth-of-type(17) > span:nth-of-type(83)",
        "dataAttributes": {},
        "sourceFile": "compositions/code-morph.html",
        "bbox": {
          "x": 342.98431396484375,
          "y": 473,
          "width": 12,
          "height": 31
        },
        "time": 0.256
      },
      {
        "code": "contrast_aa_failure",
        "severity": "error",
        "message": "Contrast is 3.9:1; WCAG AA requires 4.5:1.",
        "text": "]",
        "fg": "rgb(113,113,122)",
        "bg": "rgb(17,17,19)",
        "ratio": 3.9,
        "requiredRatio": 4.5,
        "suggestedColor": "rgb(124,124,132)",
        "large": false,
        "selector": "div > div > div > div > div > div > div > div:nth-of-type(2) > div:nth-of-type(17) > span:nth-of-type(84)",
        "dataAttributes": {},
        "sourceFile": "compositions/code-morph.html",
        "bbox": {
          "x": 354.9842834472656,
          "y": 473,
          "width": 12,
          "height": 31
        },
        "time": 0.256
      },
      {
        "code": "contrast_aa_failure",
        "severity": "error",
        "message": "Contrast is 3.9:1; WCAG AA requires 4.5:1.",
        "text": ")",
        "fg": "rgb(113,113,122)",
        "bg": "rgb(17,17,19)",
        "ratio": 3.9,
        "requiredRatio": 4.5,
        "suggestedColor": "rgb(124,124,132)",
        "large": false,
        "selector": "div > div > div > div > div > div > div > div:nth-of-type(2) > div:nth-of-type(17) > span:nth-of-type(85)",
        "dataAttributes": {},
        "sourceFile": "compositions/code-morph.html",
        "bbox": {
          "x": 366.9842529296875,
          "y": 473,
          "width": 12,
          "height": 31
        },
        "time": 0.256
      },
      {
        "code": "contrast_aa_failure",
        "severity": "error",
        "message": "Contrast is 3.9:1; WCAG AA requires 4.5:1.",
        "text": ";",
        "fg": "rgb(113,113,122)",
        "bg": "rgb(17,17,19)",
        "ratio": 3.9,
        "requiredRatio": 4.5,
        "suggestedColor": "rgb(124,124,132)",
        "large": false,
        "selector": "div > div > div > div > div > div > div > div:nth-of-type(2) > div:nth-of-type(17) > span:nth-of-type(86)",
        "dataAttributes": {},
        "sourceFile": "compositions/code-morph.html",
        "bbox": {
          "x": 378.9842529296875,
          "y": 473,
          "width": 12,
          "height": 31
        },
        "time": 0.256
      },
      {
        "code": "contrast_aa_failure",
        "severity": "error",
        "message": "Contrast is 3.9:1; WCAG AA requires 4.5:1.",
        "text": "(",
        "fg": "rgb(113,113,122)",
        "bg": "rgb(17,17,19)",
        "ratio": 3.9,
        "requiredRatio": 4.5,
        "suggestedColor": "rgb(124,124,132)",
        "large": false,
        "selector": "div > div > div > div > div > div > div > div:nth-of-type(2) > div:nth-of-type(17) > span:nth-of-type(88)",
        "dataAttributes": {},
        "sourceFile": "compositions/code-morph.html",
        "bbox": {
          "x": 342.98431396484375,
          "y": 535,
          "width": 12,
          "height": 31
        },
        "time": 0.256
      },
      {
        "code": "contrast_aa_failure",
        "severity": "error",
        "message": "Contrast is 3.9:1; WCAG AA requires 4.5:1.",
        "text": ")",
        "fg": "rgb(113,113,122)",
        "bg": "rgb(17,17,19)",
        "ratio": 3.9,
        "requiredRatio": 4.5,
        "suggestedColor": "rgb(124,124,132)",
        "large": false,
        "selector": "div > div > div > div > div > div > div > div:nth-of-type(2) > div:nth-of-type(17) > span:nth-of-type(90)",
        "dataAttributes": {},
        "sourceFile": "compositions/code-morph.html",
        "bbox": {
          "x": 438.98419189453125,
          "y": 535,
          "width": 12,
          "height": 31
        },
        "time": 0.256
      },
      {
        "code": "contrast_aa_failure",
        "severity": "error",
        "message": "Contrast is 3.9:1; WCAG AA requires 4.5:1.",
        "text": "<",
        "fg": "rgb(113,113,122)",
        "bg": "rgb(17,17,19)",
        "ratio": 3.9,
        "requiredRatio": 4.5,
        "suggestedColor": "rgb(124,124,132)",
        "large": false,
        "selector": "div > div > div > div > div > div > div > div:nth-of-type(2) > div:nth-of-type(17) > span:nth-of-type(92)",
        "dataAttributes": {},
        "sourceFile": "compositions/code-morph.html",
        "bbox": {
          "x": 546.9840087890625,
          "y": 535,
          "width": 12,
          "height": 31
        },
        "time": 0.256
      },
      {
        "code": "contrast_aa_failure",
        "severity": "error",
        "message": "Contrast is 3.9:1; WCAG AA requires 4.5:1.",
        "text": "/>",
        "fg": "rgb(113,113,122)",
        "bg": "rgb(17,17,19)",
        "ratio": 3.9,
        "requiredRatio": 4.5,
        "suggestedColor": "rgb(124,124,132)",
        "large": false,
        "selector": "div > div > div > div > div > div > div > div:nth-of-type(2) > div:nth-of-type(17) > span:nth-of-type(94)",
        "dataAttributes": {},
        "sourceFile": "compositions/code-morph.html",
        "bbox": {
          "x": 654.98388671875,
          "y": 535,
          "width": 24,
          "height": 31
        },
        "time": 0.256
      },
      {
        "code": "contrast_aa_failure",
        "severity": "error",
        "message": "Contrast is 3.9:1; WCAG AA requires 4.5:1.",
        "text": ";",
        "fg": "rgb(113,113,122)",
        "bg": "rgb(17,17,19)",
        "ratio": 3.9,
        "requiredRatio": 4.5,
        "suggestedColor": "rgb(124,124,132)",
        "large": false,
        "selector": "div > div > div > div > div > div > div > div:nth-of-type(2) > div:nth-of-type(17) > span:nth-of-type(95)",
        "dataAttributes": {},
        "sourceFile": "compositions/code-morph.html",
        "bbox": {
          "x": 678.98388671875,
          "y": 535,
          "width": 12,
          "height": 31
        },
        "time": 0.256
      },
      {
        "code": "contrast_aa_failure",
        "severity": "error",
        "message": "Contrast is 3.9:1; WCAG AA requires 4.5:1.",
        "text": "<",
        "fg": "rgb(113,113,122)",
        "bg": "rgb(17,17,19)",
        "ratio": 3.9,
        "requiredRatio": 4.5,
        "suggestedColor": "rgb(124,124,132)",
        "large": false,
        "selector": "div > div > div > div > div > div > div > div:nth-of-type(2) > div:nth-of-type(17) > span:nth-of-type(97)",
        "dataAttributes": {},
        "sourceFile": "compositions/code-morph.html",
        "bbox": {
          "x": 390.9842529296875,
          "y": 566,
          "width": 12,
          "height": 31
        },
        "time": 0.256
      },
      {
        "code": "contrast_aa_failure",
        "severity": "error",
        "message": "Contrast is 3.9:1; WCAG AA requires 4.5:1.",
        "text": "=",
        "fg": "rgb(113,113,122)",
        "bg": "rgb(17,17,19)",
        "ratio": 3.9,
        "requiredRatio": 4.5,
        "suggestedColor": "rgb(124,124,132)",
        "large": false,
        "selector": "div > div > div > div > div > div > div > div:nth-of-type(2) > div:nth-of-type(17) > span:nth-of-type(100)",
        "dataAttributes": {},
        "sourceFile": "compositions/code-morph.html",
        "bbox": {
          "x": 606.9839477539062,
          "y": 566,
          "width": 12,
          "height": 31
        },
        "time": 0.256
      },
      {
        "code": "contrast_aa_failure",
        "severity": "error",
        "message": "Contrast is 3.9:1; WCAG AA requires 4.5:1.",
        "text": "{",
        "fg": "rgb(113,113,122)",
        "bg": "rgb(17,17,19)",
        "ratio": 3.9,
        "requiredRatio": 4.5,
        "suggestedColor": "rgb(124,124,132)",
        "large": false,
        "selector": "div > div > div > div > div > div > div > div:nth-of-type(2) > div:nth-of-type(17) > span:nth-of-type(101)",
        "dataAttributes": {},
        "sourceFile": "compositions/code-morph.html",
        "bbox": {
          "x": 618.9839477539062,
          "y": 566,
          "width": 12,
          "height": 31
        },
        "time": 0.256
      },
      {
        "code": "contrast_aa_failure",
        "severity": "error",
        "message": "Contrast is 3.9:1; WCAG AA requires 4.5:1.",
        "text": "}",
        "fg": "rgb(113,113,122)",
        "bg": "rgb(17,17,19)",
        "ratio": 3.9,
        "requiredRatio": 4.5,
        "suggestedColor": "rgb(124,124,132)",
        "large": false,
        "selector": "div > div > div > div > div > div > div > div:nth-of-type(2) > div:nth-of-type(17) > span:nth-of-type(103)",
        "dataAttributes": {},
        "sourceFile": "compositions/code-morph.html",
        "bbox": {
          "x": 726.9838256835938,
          "y": 566,
          "width": 12,
          "height": 31
        },
        "time": 0.256
      },
      {
        "code": "contrast_aa_failure",
        "severity": "error",
        "message": "Contrast is 3.9:1; WCAG AA requires 4.5:1.",
        "text": "/>",
        "fg": "rgb(113,113,122)",
        "bg": "rgb(17,17,19)",
        "ratio": 3.9,
        "requiredRatio": 4.5,
        "suggestedColor": "rgb(124,124,132)",
        "large": false,
        "selector": "div > div > div > div > div > div > div > div:nth-of-type(2) > div:nth-of-type(17) > span:nth-of-type(104)",
        "dataAttributes": {},
        "sourceFile": "compositions/code-morph.html",
        "bbox": {
          "x": 750.9837646484375,
          "y": 566,
          "width": 24,
          "height": 31
        },
        "time": 0.256
      },
      {
        "code": "contrast_aa_failure",
        "severity": "error",
        "message": "Contrast is 3.9:1; WCAG AA requires 4.5:1.",
        "text": ";",
        "fg": "rgb(113,113,122)",
        "bg": "rgb(17,17,19)",
        "ratio": 3.9,
        "requiredRatio": 4.5,
        "suggestedColor": "rgb(124,124,132)",
        "large": false,
        "selector": "div > div > div > div > div > div > div > div:nth-of-type(2) > div:nth-of-type(17) > span:nth-of-type(105)",
        "dataAttributes": {},
        "sourceFile": "compositions/code-morph.html",
        "bbox": {
          "x": 774.9837646484375,
          "y": 566,
          "width": 12,
          "height": 31
        },
        "time": 0.256
      },
      {
        "code": "contrast_aa_failure",
        "severity": "error",
        "message": "Contrast is 3.9:1; WCAG AA requires 4.5:1.",
        "text": "}",
        "fg": "rgb(113,113,122)",
        "bg": "rgb(17,17,19)",
        "ratio": 3.9,
        "requiredRatio": 4.5,
        "suggestedColor": "rgb(124,124,132)",
        "large": false,
        "selector": "div > div > div > div > div > div > div > div:nth-of-type(2) > div:nth-of-type(17) > span:nth-of-type(106)",
        "dataAttributes": {},
        "sourceFile": "compositions/code-morph.html",
        "bbox": {
          "x": 282.984375,
          "y": 597,
          "width": 12,
          "height": 31
        },
        "time": 0.256
      },
      {
        "code": "contrast_aa_failure",
        "severity": "error",
        "message": "Contrast is 2.44:1; WCAG AA requires 4.5:1.",
        "text": "1",
        "fg": "rgb(82,82,91)",
        "bg": "rgb(17,17,19)",
        "ratio": 2.44,
        "requiredRatio": 4.5,
        "suggestedColor": "rgb(124,124,131)",
        "large": false,
        "selector": "div > div > div > div > div > div > div > div:nth-of-type(2) > div:nth-of-type(1)",
        "dataAttributes": {},
        "sourceFile": "compositions/code-morph.html",
        "bbox": {
          "x": 235,
          "y": 132,
          "width": 23.984375,
          "height": 31
        },
        "time": 1.278
      },
      {
        "code": "contrast_aa_failure",
        "severity": "error",
        "message": "Contrast is 2.44:1; WCAG AA requires 4.5:1.",
        "text": "2",
        "fg": "rgb(82,82,91)",
        "bg": "rgb(17,17,19)",
        "ratio": 2.44,
        "requiredRatio": 4.5,
        "suggestedColor": "rgb(124,124,131)",
        "large": false,
        "selector": "div > div > div > div > div > div > div > div:nth-of-type(2) > div:nth-of-type(2)",
        "dataAttributes": {},
        "sourceFile": "compositions/code-morph.html",
        "bbox": {
          "x": 235,
          "y": 163,
          "width": 23.984375,
          "height": 31
        },
        "time": 1.278
      },
      {
        "code": "contrast_aa_failure",
        "severity": "error",
        "message": "Contrast is 2.44:1; WCAG AA requires 4.5:1.",
        "text": "3",
        "fg": "rgb(82,82,91)",
        "bg": "rgb(17,17,19)",
        "ratio": 2.44,
        "requiredRatio": 4.5,
        "suggestedColor": "rgb(124,124,131)",
        "large": false,
        "selector": "div > div > div > div > div > div > div > div:nth-of-type(2) > div:nth-of-type(3)",
        "dataAttributes": {},
        "sourceFile": "compositions/code-morph.html",
        "bbox": {
          "x": 235,
          "y": 194,
          "width": 23.984375,
          "height": 31
        },
        "time": 1.278
      },
      {
        "code": "contrast_aa_failure",
        "severity": "error",
        "message": "Contrast is 2.44:1; WCAG AA requires 4.5:1.",
        "text": "4",
        "fg": "rgb(82,82,91)",
        "bg": "rgb(17,17,19)",
        "ratio": 2.44,
        "requiredRatio": 4.5,
        "suggestedColor": "rgb(124,124,131)",
        "large": false,
        "selector": "div > div > div > div > div > div > div > div:nth-of-type(2) > div:nth-of-type(4)",
        "dataAttributes": {},
        "sourceFile": "compositions/code-morph.html",
        "bbox": {
          "x": 235,
          "y": 225,
          "width": 23.984375,
          "height": 31
        },
        "time": 1.278
      },
      {
        "code": "contrast_aa_failure",
        "severity": "error",
        "message": "Contrast is 2.44:1; WCAG AA requires 4.5:1.",
        "text": "5",
        "fg": "rgb(82,82,91)",
        "bg": "rgb(17,17,19)",
        "ratio": 2.44,
        "requiredRatio": 4.5,
        "suggestedColor": "rgb(124,124,131)",
        "large": false,
        "selector": "div > div > div > div > div > div > div > div:nth-of-type(2) > div:nth-of-type(5)",
        "dataAttributes": {},
        "sourceFile": "compositions/code-morph.html",
        "bbox": {
          "x": 235,
          "y": 256,
          "width": 23.984375,
          "height": 31
        },
        "time": 1.278
      },
      {
        "code": "contrast_aa_failure",
        "severity": "error",
        "message": "Contrast is 2.44:1; WCAG AA requires 4.5:1.",
        "text": "6",
        "fg": "rgb(82,82,91)",
        "bg": "rgb(17,17,19)",
        "ratio": 2.44,
        "requiredRatio": 4.5,
        "suggestedColor": "rgb(124,124,131)",
        "large": false,
        "selector": "div > div > div > div > div > div > div > div:nth-of-type(2) > div:nth-of-type(6)",
        "dataAttributes": {},
        "sourceFile": "compositions/code-morph.html",
        "bbox": {
          "x": 235,
          "y": 287,
          "width": 23.984375,
          "height": 31
        },
        "time": 1.278
      },
      {
        "code": "contrast_aa_failure",
        "severity": "error",
        "message": "Contrast is 2.44:1; WCAG AA requires 4.5:1.",
        "text": "7",
        "fg": "rgb(82,82,91)",
        "bg": "rgb(17,17,19)",
        "ratio": 2.44,
        "requiredRatio": 4.5,
        "suggestedColor": "rgb(124,124,131)",
        "large": false,
        "selector": "div > div > div > div > div > div > div > div:nth-of-type(2) > div:nth-of-type(7)",
        "dataAttributes": {},
        "sourceFile": "compositions/code-morph.html",
        "bbox": {
          "x": 235,
          "y": 318,
          "width": 23.984375,
          "height": 31
        },
        "time": 1.278
      },
      {
        "code": "contrast_aa_failure",
        "severity": "error",
        "message": "Contrast is 2.44:1; WCAG AA requires 4.5:1.",
        "text": "8",
        "fg": "rgb(82,82,91)",
        "bg": "rgb(17,17,19)",
        "ratio": 2.44,
        "requiredRatio": 4.5,
        "suggestedColor": "rgb(124,124,131)",
        "large": false,
        "selector": "div > div > div > div > div > div > div > div:nth-of-type(2) > div:nth-of-type(8)",
        "dataAttributes": {},
        "sourceFile": "compositions/code-morph.html",
        "bbox": {
          "x": 235,
          "y": 349,
          "width": 23.984375,
          "height": 31
        },
        "time": 1.278
      },
      {
        "code": "contrast_aa_failure",
        "severity": "error",
        "message": "Contrast is 2.44:1; WCAG AA requires 4.5:1.",
        "text": "9",
        "fg": "rgb(82,82,91)",
        "bg": "rgb(17,17,19)",
        "ratio": 2.44,
        "requiredRatio": 4.5,
        "suggestedColor": "rgb(124,124,131)",
        "large": false,
        "selector": "div > div > div > div > div > div > div > div:nth-of-type(2) > div:nth-of-type(9)",
        "dataAttributes": {},
        "sourceFile": "compositions/code-morph.html",
        "bbox": {
          "x": 235,
          "y": 380,
          "width": 23.984375,
          "height": 31
        },
        "time": 1.278
      },
      {
        "code": "contrast_aa_failure",
        "severity": "error",
        "message": "Contrast is 2.44:1; WCAG AA requires 4.5:1.",
        "text": "10",
        "fg": "rgb(82,82,91)",
        "bg": "rgb(17,17,19)",
        "ratio": 2.44,
        "requiredRatio": 4.5,
        "suggestedColor": "rgb(124,124,131)",
        "large": false,
        "selector": "div > div > div > div > div > div > div > div:nth-of-type(2) > div:nth-of-type(10)",
        "dataAttributes": {},
        "sourceFile": "compositions/code-morph.html",
        "bbox": {
          "x": 235,
          "y": 411,
          "width": 23.984375,
          "height": 31
        },
        "time": 1.278
      },
      {
        "code": "contrast_aa_failure",
        "severity": "error",
        "message": "Contrast is 2.44:1; WCAG AA requires 4.5:1.",
        "text": "11",
        "fg": "rgb(82,82,91)",
        "bg": "rgb(17,17,19)",
        "ratio": 2.44,
        "requiredRatio": 4.5,
        "suggestedColor": "rgb(124,124,131)",
        "large": false,
        "selector": "div > div > div > div > div > div > div > div:nth-of-type(2) > div:nth-of-type(11)",
        "dataAttributes": {},
        "sourceFile": "compositions/code-morph.html",
        "bbox": {
          "x": 235,
          "y": 442,
          "width": 23.984375,
          "height": 31
        },
        "time": 1.278
      },
      {
        "code": "contrast_aa_failure",
        "severity": "error",
        "message": "Contrast is 2.44:1; WCAG AA requires 4.5:1.",
        "text": "12",
        "fg": "rgb(82,82,91)",
        "bg": "rgb(17,17,19)",
        "ratio": 2.44,
        "requiredRatio": 4.5,
        "suggestedColor": "rgb(124,124,131)",
        "large": false,
        "selector": "div > div > div > div > div > div > div > div:nth-of-type(2) > div:nth-of-type(12)",
        "dataAttributes": {},
        "sourceFile": "compositions/code-morph.html",
        "bbox": {
          "x": 235,
          "y": 473,
          "width": 23.984375,
          "height": 31
        },
        "time": 1.278
      },
      {
        "code": "contrast_aa_failure",
        "severity": "error",
        "message": "Contrast is 2.44:1; WCAG AA requires 4.5:1.",
        "text": "13",
        "fg": "rgb(82,82,91)",
        "bg": "rgb(17,17,19)",
        "ratio": 2.44,
        "requiredRatio": 4.5,
        "suggestedColor": "rgb(124,124,131)",
        "large": false,
        "selector": "div > div > div > div > div > div > div > div:nth-of-type(2) > div:nth-of-type(13)",
        "dataAttributes": {},
        "sourceFile": "compositions/code-morph.html",
        "bbox": {
          "x": 235,
          "y": 504,
          "width": 23.984375,
          "height": 31
        },
        "time": 1.278
      },
      {
        "code": "contrast_aa_failure",
        "severity": "error",
        "message": "Contrast is 2.44:1; WCAG AA requires 4.5:1.",
        "text": "14",
        "fg": "rgb(82,82,91)",
        "bg": "rgb(17,17,19)",
        "ratio": 2.44,
        "requiredRatio": 4.5,
        "suggestedColor": "rgb(124,124,131)",
        "large": false,
        "selector": "div > div > div > div > div > div > div > div:nth-of-type(2) > div:nth-of-type(14)",
        "dataAttributes": {},
        "sourceFile": "compositions/code-morph.html",
        "bbox": {
          "x": 235,
          "y": 535,
          "width": 23.984375,
          "height": 31
        },
        "time": 1.278
      },
      {
        "code": "contrast_aa_failure",
        "severity": "error",
        "message": "Contrast is 2.44:1; WCAG AA requires 4.5:1.",
        "text": "15",
        "fg": "rgb(82,82,91)",
        "bg": "rgb(17,17,19)",
        "ratio": 2.44,
        "requiredRatio": 4.5,
        "suggestedColor": "rgb(124,124,131)",
        "large": false,
        "selector": "div > div > div > div > div > div > div > div:nth-of-type(2) > div:nth-of-type(15)",
        "dataAttributes": {},
        "sourceFile": "compositions/code-morph.html",
        "bbox": {
          "x": 235,
          "y": 566,
          "width": 23.984375,
          "height": 31
        },
        "time": 1.278
      },
      {
        "code": "contrast_aa_failure",
        "severity": "error",
        "message": "Contrast is 2.44:1; WCAG AA requires 4.5:1.",
        "text": "16",
        "fg": "rgb(82,82,91)",
        "bg": "rgb(17,17,19)",
        "ratio": 2.44,
        "requiredRatio": 4.5,
        "suggestedColor": "rgb(124,124,131)",
        "large": false,
        "selector": "div > div > div > div > div > div > div > div:nth-of-type(2) > div:nth-of-type(16)",
        "dataAttributes": {},
        "sourceFile": "compositions/code-morph.html",
        "bbox": {
          "x": 235,
          "y": 597,
          "width": 23.984375,
          "height": 31
        },
        "time": 1.278
      },
      {
        "code": "contrast_aa_failure",
        "severity": "error",
        "message": "Contrast is 3.9:1; WCAG AA requires 4.5:1.",
        "text": "{",
        "fg": "rgb(113,113,122)",
        "bg": "rgb(17,17,19)",
        "ratio": 3.9,
        "requiredRatio": 4.5,
        "suggestedColor": "rgb(124,124,132)",
        "large": false,
        "selector": "div > div > div > div > div > div > div > div:nth-of-type(2) > div:nth-of-type(17) > span:nth-of-type(2)",
        "dataAttributes": {},
        "sourceFile": "compositions/code-morph.html",
        "bbox": {
          "x": 366.9842529296875,
          "y": 132,
          "width": 12,
          "height": 31
        },
        "time": 1.278
      },
      {
        "code": "contrast_aa_failure",
        "severity": "error",
        "message": "Contrast is 3.9:1; WCAG AA requires 4.5:1.",
        "text": ",",
        "fg": "rgb(113,113,122)",
        "bg": "rgb(17,17,19)",
        "ratio": 3.9,
        "requiredRatio": 4.5,
        "suggestedColor": "rgb(124,124,132)",
        "large": false,
        "selector": "div > div > div > div > div > div > div > div:nth-of-type(2) > div:nth-of-type(17) > span:nth-of-type(4)",
        "dataAttributes": {},
        "sourceFile": "compositions/code-morph.html",
        "bbox": {
          "x": 498.9841003417969,
          "y": 132,
          "width": 12,
          "height": 31
        },
        "time": 1.278
      },
      {
        "code": "contrast_aa_failure",
        "severity": "error",
        "message": "Contrast is 3.9:1; WCAG AA requires 4.5:1.",
        "text": "}",
        "fg": "rgb(113,113,122)",
        "bg": "rgb(17,17,19)",
        "ratio": 3.9,
        "requiredRatio": 4.5,
        "suggestedColor": "rgb(124,124,132)",
        "large": false,
        "selector": "div > div > div > div > div > div > div > div:nth-of-type(2) > div:nth-of-type(17) > span:nth-of-type(6)",
        "dataAttributes": {},
        "sourceFile": "compositions/code-morph.html",
        "bbox": {
          "x": 630.9839477539062,
          "y": 132,
          "width": 12,
          "height": 31
        },
        "time": 1.278
      },
      {
        "code": "contrast_aa_failure",
        "severity": "error",
        "message": "Contrast is 3.9:1; WCAG AA requires 4.5:1.",
        "text": ";",
        "fg": "rgb(113,113,122)",
        "bg": "rgb(17,17,19)",
        "ratio": 3.9,
        "requiredRatio": 4.5,
        "suggestedColor": "rgb(124,124,132)",
        "large": false,
        "selector": "div > div > div > div > div > div > div > div:nth-of-type(2) > div:nth-of-type(17) > span:nth-of-type(9)",
        "dataAttributes": {},
        "sourceFile": "compositions/code-morph.html",
        "bbox": {
          "x": 798.9837036132812,
          "y": 132,
          "width": 12,
          "height": 31
        },
        "time": 1.278
      },
      {
        "code": "contrast_aa_failure",
        "severity": "error",
        "message": "Contrast is 3.9:1; WCAG AA requires 4.5:1.",
        "text": "(",
        "fg": "rgb(113,113,122)",
        "bg": "rgb(17,17,19)",
        "ratio": 3.9,
        "requiredRatio": 4.5,
        "suggestedColor": "rgb(124,124,132)",
        "large": false,
        "selector": "div > div > div > div > div > div > div > div:nth-of-type(2) > div:nth-of-type(17) > span:nth-of-type(13)",
        "dataAttributes": {},
        "sourceFile": "compositions/code-morph.html",
        "bbox": {
          "x": 570.9840087890625,
          "y": 194,
          "width": 12,
          "height": 31
        },
        "time": 1.278
      },
      {
        "code": "contrast_aa_failure",
        "severity": "error",
        "message": "Contrast is 3.9:1; WCAG AA requires 4.5:1.",
        "text": ")",
        "fg": "rgb(113,113,122)",
        "bg": "rgb(17,17,19)",
        "ratio": 3.9,
        "requiredRatio": 4.5,
        "suggestedColor": "rgb(124,124,132)",
        "large": false,
        "selector": "div > div > div > div > div > div > div > div:nth-of-type(2) > div:nth-of-type(17) > span:nth-of-type(14)",
        "dataAttributes": {},
        "sourceFile": "compositions/code-morph.html",
        "bbox": {
          "x": 582.9840087890625,
          "y": 194,
          "width": 12,
          "height": 31
        },
        "time": 1.278
      },
      {
        "code": "contrast_aa_failure",
        "severity": "error",
        "message": "Contrast is 3.9:1; WCAG AA requires 4.5:1.",
        "text": "{",
        "fg": "rgb(113,113,122)",
        "bg": "rgb(17,17,19)",
        "ratio": 3.9,
        "requiredRatio": 4.5,
        "suggestedColor": "rgb(124,124,132)",
        "large": false,
        "selector": "div > div > div > div > div > div > div > div:nth-of-type(2) > div:nth-of-type(17) > span:nth-of-type(15)",
        "dataAttributes": {},
        "sourceFile": "compositions/code-morph.html",
        "bbox": {
          "x": 606.9839477539062,
          "y": 194,
          "width": 12,
          "height": 31
        },
        "time": 1.278
      },
      {
        "code": "contrast_aa_failure",
        "severity": "error",
        "message": "Contrast is 3.9:1; WCAG AA requires 4.5:1.",
        "text": "[",
        "fg": "rgb(113,113,122)",
        "bg": "rgb(17,17,19)",
        "ratio": 3.9,
        "requiredRatio": 4.5,
        "suggestedColor": "rgb(124,124,132)",
        "large": false,
        "selector": "div > div > div > div > div > div > div > div:nth-of-type(2) > div:nth-of-type(17) > span:nth-of-type(17)",
        "dataAttributes": {},
        "sourceFile": "compositions/code-morph.html",
        "bbox": {
          "x": 378.9842529296875,
          "y": 225,
          "width": 12,
          "height": 31
        },
        "time": 1.278
      },
      {
        "code": "contrast_aa_failure",
        "severity": "error",
        "message": "Contrast is 3.9:1; WCAG AA requires 4.5:1.",
        "text": ",",
        "fg": "rgb(113,113,122)",
        "bg": "rgb(17,17,19)",
        "ratio": 3.9,
        "requiredRatio": 4.5,
        "suggestedColor": "rgb(124,124,132)",
        "large": false,
        "selector": "div > div > div > div > div > div > div > div:nth-of-type(2) > div:nth-of-type(17) > span:nth-of-type(19)",
        "dataAttributes": {},
        "sourceFile": "compositions/code-morph.html",
        "bbox": {
          "x": 486.984130859375,
          "y": 225,
          "width": 12,
          "height": 31
        },
        "time": 1.278
      },
      {
        "code": "contrast_aa_failure",
        "severity": "error",
        "message": "Contrast is 3.9:1; WCAG AA requires 4.5:1.",
        "text": "]",
        "fg": "rgb(113,113,122)",
        "bg": "rgb(17,17,19)",
        "ratio": 3.9,
        "requiredRatio": 4.5,
        "suggestedColor": "rgb(124,124,132)",
        "large": false,
        "selector": "div > div > div > div > div > div > div > div:nth-of-type(2) > div:nth-of-type(17) > span:nth-of-type(21)",
        "dataAttributes": {},
        "sourceFile": "compositions/code-morph.html",
        "bbox": {
          "x": 642.98388671875,
          "y": 225,
          "width": 12,
          "height": 31
        },
        "time": 1.278
      },
      {
        "code": "contrast_aa_failure",
        "severity": "error",
        "message": "Contrast is 3.9:1; WCAG AA requires 4.5:1.",
        "text": "=",
        "fg": "rgb(113,113,122)",
        "bg": "rgb(17,17,19)",
        "ratio": 3.9,
        "requiredRatio": 4.5,
        "suggestedColor": "rgb(124,124,132)",
        "large": false,
        "selector": "div > div > div > div > div > div > div > div:nth-of-type(2) > div:nth-of-type(17) > span:nth-of-type(22)",
        "dataAttributes": {},
        "sourceFile": "compositions/code-morph.html",
        "bbox": {
          "x": 666.98388671875,
          "y": 225,
          "width": 12,
          "height": 31
        },
        "time": 1.278
      },
      {
        "code": "contrast_aa_failure",
        "severity": "error",
        "message": "Contrast is 3.9:1; WCAG AA requires 4.5:1.",
        "text": "(",
        "fg": "rgb(113,113,122)",
        "bg": "rgb(17,17,19)",
        "ratio": 3.9,
        "requiredRatio": 4.5,
        "suggestedColor": "rgb(124,124,132)",
        "large": false,
        "selector": "div > div > div > div > div > div > div > div:nth-of-type(2) > div:nth-of-type(17) > span:nth-of-type(24)",
        "dataAttributes": {},
        "sourceFile": "compositions/code-morph.html",
        "bbox": {
          "x": 786.9837646484375,
          "y": 225,
          "width": 12,
          "height": 31
        },
        "time": 1.278
      },
      {
        "code": "contrast_aa_failure",
        "severity": "error",
        "message": "Contrast is 3.9:1; WCAG AA requires 4.5:1.",
        "text": "[",
        "fg": "rgb(113,113,122)",
        "bg": "rgb(17,17,19)",
        "ratio": 3.9,
        "requiredRatio": 4.5,
        "suggestedColor": "rgb(124,124,132)",
        "large": false,
        "selector": "div > div > div > div > div > div > div > div:nth-of-type(2) > div:nth-of-type(17) > span:nth-of-type(25)",
        "dataAttributes": {},
        "sourceFile": "compositions/code-morph.html",
        "bbox": {
          "x": 798.9837036132812,
          "y": 225,
          "width": 12,
          "height": 31
        },
        "time": 1.278
      },
      {
        "code": "contrast_aa_failure",
        "severity": "error",
        "message": "Contrast is 3.9:1; WCAG AA requires 4.5:1.",
        "text": "]",
        "fg": "rgb(113,113,122)",
        "bg": "rgb(17,17,19)",
        "ratio": 3.9,
        "requiredRatio": 4.5,
        "suggestedColor": "rgb(124,124,132)",
        "large": false,
        "selector": "div > div > div > div > div > div > div > div:nth-of-type(2) > div:nth-of-type(17) > span:nth-of-type(26)",
        "dataAttributes": {},
        "sourceFile": "compositions/code-morph.html",
        "bbox": {
          "x": 810.9837036132812,
          "y": 225,
          "width": 12,
          "height": 31
        },
        "time": 1.278
      },
      {
        "code": "contrast_aa_failure",
        "severity": "error",
        "message": "Contrast is 3.9:1; WCAG AA requires 4.5:1.",
        "text": ")",
        "fg": "rgb(113,113,122)",
        "bg": "rgb(17,17,19)",
        "ratio": 3.9,
        "requiredRatio": 4.5,
        "suggestedColor": "rgb(124,124,132)",
        "large": false,
        "selector": "div > div > div > div > div > div > div > div:nth-of-type(2) > div:nth-of-type(17) > span:nth-of-type(27)",
        "dataAttributes": {},
        "sourceFile": "compositions/code-morph.html",
        "bbox": {
          "x": 822.9837036132812,
          "y": 225,
          "width": 12,
          "height": 31
        },
        "time": 1.278
      },
      {
        "code": "contrast_aa_failure",
        "severity": "error",
        "message": "Contrast is 3.9:1; WCAG AA requires 4.5:1.",
        "text": ";",
        "fg": "rgb(113,113,122)",
        "bg": "rgb(17,17,19)",
        "ratio": 3.9,
        "requiredRatio": 4.5,
        "suggestedColor": "rgb(124,124,132)",
        "large": false,
        "selector": "div > div > div > div > div > div > div > div:nth-of-type(2) > div:nth-of-type(17) > span:nth-of-type(28)",
        "dataAttributes": {},
        "sourceFile": "compositions/code-morph.html",
        "bbox": {
          "x": 834.983642578125,
          "y": 225,
          "width": 12,
          "height": 31
        },
        "time": 1.278
      },
      {
        "code": "contrast_aa_failure",
        "severity": "error",
        "message": "Contrast is 3.9:1; WCAG AA requires 4.5:1.",
        "text": "[",
        "fg": "rgb(113,113,122)",
        "bg": "rgb(17,17,19)",
        "ratio": 3.9,
        "requiredRatio": 4.5,
        "suggestedColor": "rgb(124,124,132)",
        "large": false,
        "selector": "div > div > div > div > div > div > div > div:nth-of-type(2) > div:nth-of-type(17) > span:nth-of-type(30)",
        "dataAttributes": {},
        "sourceFile": "compositions/code-morph.html",
        "bbox": {
          "x": 378.9842529296875,
          "y": 256,
          "width": 12,
          "height": 31
        },
        "time": 1.278
      },
      {
        "code": "contrast_aa_failure",
        "severity": "error",
        "message": "Contrast is 3.9:1; WCAG AA requires 4.5:1.",
        "text": ",",
        "fg": "rgb(113,113,122)",
        "bg": "rgb(17,17,19)",
        "ratio": 3.9,
        "requiredRatio": 4.5,
        "suggestedColor": "rgb(124,124,132)",
        "large": false,
        "selector": "div > div > div > div > div > div > div > div:nth-of-type(2) > div:nth-of-type(17) > span:nth-of-type(32)",
        "dataAttributes": {},
        "sourceFile": "compositions/code-morph.html",
        "bbox": {
          "x": 474.984130859375,
          "y": 256,
          "width": 12,
          "height": 31
        },
        "time": 1.278
      },
      {
        "code": "contrast_aa_failure",
        "severity": "error",
        "message": "Contrast is 3.9:1; WCAG AA requires 4.5:1.",
        "text": "]",
        "fg": "rgb(113,113,122)",
        "bg": "rgb(17,17,19)",
        "ratio": 3.9,
        "requiredRatio": 4.5,
        "suggestedColor": "rgb(124,124,132)",
        "large": false,
        "selector": "div > div > div > div > div > div > div > div:nth-of-type(2) > div:nth-of-type(17) > span:nth-of-type(34)",
        "dataAttributes": {},
        "sourceFile": "compositions/code-morph.html",
        "bbox": {
          "x": 618.9839477539062,
          "y": 256,
          "width": 12,
          "height": 31
        },
        "time": 1.278
      },
      {
        "code": "contrast_aa_failure",
        "severity": "error",
        "message": "Contrast is 3.9:1; WCAG AA requires 4.5:1.",
        "text": "=",
        "fg": "rgb(113,113,122)",
        "bg": "rgb(17,17,19)",
        "ratio": 3.9,
        "requiredRatio": 4.5,
        "suggestedColor": "rgb(124,124,132)",
        "large": false,
        "selector": "div > div > div > div > div > div > div > div:nth-of-type(2) > div:nth-of-type(17) > span:nth-of-type(35)",
        "dataAttributes": {},
        "sourceFile": "compositions/code-morph.html",
        "bbox": {
          "x": 642.98388671875,
          "y": 256,
          "width": 12,
          "height": 31
        },
        "time": 1.278
      },
      {
        "code": "contrast_aa_failure",
        "severity": "error",
        "message": "Contrast is 3.9:1; WCAG AA requires 4.5:1.",
        "text": "(",
        "fg": "rgb(113,113,122)",
        "bg": "rgb(17,17,19)",
        "ratio": 3.9,
        "requiredRatio": 4.5,
        "suggestedColor": "rgb(124,124,132)",
        "large": false,
        "selector": "div > div > div > div > div > div > div > div:nth-of-type(2) > div:nth-of-type(17) > span:nth-of-type(37)",
        "dataAttributes": {},
        "sourceFile": "compositions/code-morph.html",
        "bbox": {
          "x": 762.9837646484375,
          "y": 256,
          "width": 12,
          "height": 31
        },
        "time": 1.278
      },
      {
        "code": "contrast_aa_failure",
        "severity": "error",
        "message": "Contrast is 3.9:1; WCAG AA requires 4.5:1.",
        "text": ")",
        "fg": "rgb(113,113,122)",
        "bg": "rgb(17,17,19)",
        "ratio": 3.9,
        "requiredRatio": 4.5,
        "suggestedColor": "rgb(124,124,132)",
        "large": false,
        "selector": "div > div > div > div > div > div > div > div:nth-of-type(2) > div:nth-of-type(17) > span:nth-of-type(39)",
        "dataAttributes": {},
        "sourceFile": "compositions/code-morph.html",
        "bbox": {
          "x": 822.9837036132812,
          "y": 256,
          "width": 12,
          "height": 31
        },
        "time": 1.278
      },
      {
        "code": "contrast_aa_failure",
        "severity": "error",
        "message": "Contrast is 3.9:1; WCAG AA requires 4.5:1.",
        "text": ";",
        "fg": "rgb(113,113,122)",
        "bg": "rgb(17,17,19)",
        "ratio": 3.9,
        "requiredRatio": 4.5,
        "suggestedColor": "rgb(124,124,132)",
        "large": false,
        "selector": "div > div > div > div > div > div > div > div:nth-of-type(2) > div:nth-of-type(17) > span:nth-of-type(40)",
        "dataAttributes": {},
        "sourceFile": "compositions/code-morph.html",
        "bbox": {
          "x": 834.983642578125,
          "y": 256,
          "width": 12,
          "height": 31
        },
        "time": 1.278
      },
      {
        "code": "contrast_aa_failure",
        "severity": "error",
        "message": "Contrast is 3.9:1; WCAG AA requires 4.5:1.",
        "text": "(",
        "fg": "rgb(113,113,122)",
        "bg": "rgb(17,17,19)",
        "ratio": 3.9,
        "requiredRatio": 4.5,
        "suggestedColor": "rgb(124,124,132)",
        "large": false,
        "selector": "div > div > div > div > div > div > div > div:nth-of-type(2) > div:nth-of-type(17) > span:nth-of-type(42)",
        "dataAttributes": {},
        "sourceFile": "compositions/code-morph.html",
        "bbox": {
          "x": 414.98419189453125,
          "y": 318,
          "width": 12,
          "height": 31
        },
        "time": 1.278
      },
      {
        "code": "contrast_aa_failure",
        "severity": "error",
        "message": "Contrast is 3.9:1; WCAG AA requires 4.5:1.",
        "text": "(",
        "fg": "rgb(113,113,122)",
        "bg": "rgb(17,17,19)",
        "ratio": 3.9,
        "requiredRatio": 4.5,
        "suggestedColor": "rgb(124,124,132)",
        "large": false,
        "selector": "div > div > div > div > div > div > div > div:nth-of-type(2) > div:nth-of-type(17) > span:nth-of-type(43)",
        "dataAttributes": {},
        "sourceFile": "compositions/code-morph.html",
        "bbox": {
          "x": 426.98419189453125,
          "y": 318,
          "width": 12,
          "height": 31
        },
        "time": 1.278
      },
      {
        "code": "contrast_aa_failure",
        "severity": "error",
        "message": "Contrast is 3.9:1; WCAG AA requires 4.5:1.",
        "text": ")",
        "fg": "rgb(113,113,122)",
        "bg": "rgb(17,17,19)",
        "ratio": 3.9,
        "requiredRatio": 4.5,
        "suggestedColor": "rgb(124,124,132)",
        "large": false,
        "selector": "div > div > div > div > div > div > div > div:nth-of-type(2) > div:nth-of-type(17) > span:nth-of-type(44)",
        "dataAttributes": {},
        "sourceFile": "compositions/code-morph.html",
        "bbox": {
          "x": 438.98419189453125,
          "y": 318,
          "width": 12,
          "height": 31
        },
        "time": 1.278
      },
      {
        "code": "contrast_aa_failure",
        "severity": "error",
        "message": "Contrast is 3.9:1; WCAG AA requires 4.5:1.",
        "text": "=>",
        "fg": "rgb(113,113,122)",
        "bg": "rgb(17,17,19)",
        "ratio": 3.9,
        "requiredRatio": 4.5,
        "suggestedColor": "rgb(124,124,132)",
        "large": false,
        "selector": "div > div > div > div > div > div > div > div:nth-of-type(2) > div:nth-of-type(17) > span:nth-of-type(45)",
        "dataAttributes": {},
        "sourceFile": "compositions/code-morph.html",
        "bbox": {
          "x": 462.984130859375,
          "y": 318,
          "width": 24,
          "height": 31
        },
        "time": 1.278
      },
      {
        "code": "contrast_aa_failure",
        "severity": "error",
        "message": "Contrast is 3.9:1; WCAG AA requires 4.5:1.",
        "text": "{",
        "fg": "rgb(113,113,122)",
        "bg": "rgb(17,17,19)",
        "ratio": 3.9,
        "requiredRatio": 4.5,
        "suggestedColor": "rgb(124,124,132)",
        "large": false,
        "selector": "div > div > div > div > div > div > div > div:nth-of-type(2) > div:nth-of-type(17) > span:nth-of-type(46)",
        "dataAttributes": {},
        "sourceFile": "compositions/code-morph.html",
        "bbox": {
          "x": 498.9841003417969,
          "y": 318,
          "width": 12,
          "height": 31
        },
        "time": 1.278
      },
      {
        "code": "contrast_aa_failure",
        "severity": "error",
        "message": "Contrast is 3.9:1; WCAG AA requires 4.5:1.",
        "text": "(",
        "fg": "rgb(113,113,122)",
        "bg": "rgb(17,17,19)",
        "ratio": 3.9,
        "requiredRatio": 4.5,
        "suggestedColor": "rgb(124,124,132)",
        "large": false,
        "selector": "div > div > div > div > div > div > div > div:nth-of-type(2) > div:nth-of-type(17) > span:nth-of-type(48)",
        "dataAttributes": {},
        "sourceFile": "compositions/code-morph.html",
        "bbox": {
          "x": 390.9842529296875,
          "y": 349,
          "width": 12,
          "height": 31
        },
        "time": 1.278
      },
      {
        "code": "contrast_aa_failure",
        "severity": "error",
        "message": "Contrast is 3.9:1; WCAG AA requires 4.5:1.",
        "text": ")",
        "fg": "rgb(113,113,122)",
        "bg": "rgb(17,17,19)",
        "ratio": 3.9,
        "requiredRatio": 4.5,
        "suggestedColor": "rgb(124,124,132)",
        "large": false,
        "selector": "div > div > div > div > div > div > div > div:nth-of-type(2) > div:nth-of-type(17) > span:nth-of-type(50)",
        "dataAttributes": {},
        "sourceFile": "compositions/code-morph.html",
        "bbox": {
          "x": 582.9840087890625,
          "y": 349,
          "width": 12,
          "height": 31
        },
        "time": 1.278
      },
      {
        "code": "contrast_aa_failure",
        "severity": "error",
        "message": "Contrast is 3.9:1; WCAG AA requires 4.5:1.",
        "text": ".",
        "fg": "rgb(113,113,122)",
        "bg": "rgb(17,17,19)",
        "ratio": 3.9,
        "requiredRatio": 4.5,
        "suggestedColor": "rgb(124,124,132)",
        "large": false,
        "selector": "div > div > div > div > div > div > div > div:nth-of-type(2) > div:nth-of-type(17) > span:nth-of-type(51)",
        "dataAttributes": {},
        "sourceFile": "compositions/code-morph.html",
        "bbox": {
          "x": 354.9842834472656,
          "y": 380,
          "width": 12,
          "height": 31
        },
        "time": 1.278
      },
      {
        "code": "contrast_aa_failure",
        "severity": "error",
        "message": "Contrast is 3.9:1; WCAG AA requires 4.5:1.",
        "text": "(",
        "fg": "rgb(113,113,122)",
        "bg": "rgb(17,17,19)",
        "ratio": 3.9,
        "requiredRatio": 4.5,
        "suggestedColor": "rgb(124,124,132)",
        "large": false,
        "selector": "div > div > div > div > div > div > div > div:nth-of-type(2) > div:nth-of-type(17) > span:nth-of-type(53)",
        "dataAttributes": {},
        "sourceFile": "compositions/code-morph.html",
        "bbox": {
          "x": 414.98419189453125,
          "y": 380,
          "width": 12,
          "height": 31
        },
        "time": 1.278
      },
      {
        "code": "contrast_aa_failure",
        "severity": "error",
        "message": "Contrast is 3.9:1; WCAG AA requires 4.5:1.",
        "text": "(",
        "fg": "rgb(113,113,122)",
        "bg": "rgb(17,17,19)",
        "ratio": 3.9,
        "requiredRatio": 4.5,
        "suggestedColor": "rgb(124,124,132)",
        "large": false,
        "selector": "div > div > div > div > div > div > div > div:nth-of-type(2) > div:nth-of-type(17) > span:nth-of-type(54)",
        "dataAttributes": {},
        "sourceFile": "compositions/code-morph.html",
        "bbox": {
          "x": 426.98419189453125,
          "y": 380,
          "width": 12,
          "height": 31
        },
        "time": 1.278
      },
      {
        "code": "contrast_aa_failure",
        "severity": "error",
        "message": "Contrast is 3.9:1; WCAG AA requires 4.5:1.",
        "text": ")",
        "fg": "rgb(113,113,122)",
        "bg": "rgb(17,17,19)",
        "ratio": 3.9,
        "requiredRatio": 4.5,
        "suggestedColor": "rgb(124,124,132)",
        "large": false,
        "selector": "div > div > div > div > div > div > div > div:nth-of-type(2) > div:nth-of-type(17) > span:nth-of-type(56)",
        "dataAttributes": {},
        "sourceFile": "compositions/code-morph.html",
        "bbox": {
          "x": 474.984130859375,
          "y": 380,
          "width": 12,
          "height": 31
        },
        "time": 1.278
      },
      {
        "code": "contrast_aa_failure",
        "severity": "error",
        "message": "Contrast is 3.9:1; WCAG AA requires 4.5:1.",
        "text": "=>",
        "fg": "rgb(113,113,122)",
        "bg": "rgb(17,17,19)",
        "ratio": 3.9,
        "requiredRatio": 4.5,
        "suggestedColor": "rgb(124,124,132)",
        "large": false,
        "selector": "div > div > div > div > div > div > div > div:nth-of-type(2) > div:nth-of-type(17) > span:nth-of-type(57)",
        "dataAttributes": {},
        "sourceFile": "compositions/code-morph.html",
        "bbox": {
          "x": 498.9841003417969,
          "y": 380,
          "width": 24.000030517578125,
          "height": 31
        },
        "time": 1.278
      },
      {
        "code": "contrast_aa_failure",
        "severity": "error",
        "message": "Contrast is 3.9:1; WCAG AA requires 4.5:1.",
        "text": ".",
        "fg": "rgb(113,113,122)",
        "bg": "rgb(17,17,19)",
        "ratio": 3.9,
        "requiredRatio": 4.5,
        "suggestedColor": "rgb(124,124,132)",
        "large": false,
        "selector": "div > div > div > div > div > div > div > div:nth-of-type(2) > div:nth-of-type(17) > span:nth-of-type(59)",
        "dataAttributes": {},
        "sourceFile": "compositions/code-morph.html",
        "bbox": {
          "x": 570.9840087890625,
          "y": 380,
          "width": 12,
          "height": 31
        },
        "time": 1.278
      },
      {
        "code": "contrast_aa_failure",
        "severity": "error",
        "message": "Contrast is 3.9:1; WCAG AA requires 4.5:1.",
        "text": "(",
        "fg": "rgb(113,113,122)",
        "bg": "rgb(17,17,19)",
        "ratio": 3.9,
        "requiredRatio": 4.5,
        "suggestedColor": "rgb(124,124,132)",
        "large": false,
        "selector": "div > div > div > div > div > div > div > div:nth-of-type(2) > div:nth-of-type(17) > span:nth-of-type(61)",
        "dataAttributes": {},
        "sourceFile": "compositions/code-morph.html",
        "bbox": {
          "x": 630.9839477539062,
          "y": 380,
          "width": 12,
          "height": 31
        },
        "time": 1.278
      },
      {
        "code": "contrast_aa_failure",
        "severity": "error",
        "message": "Contrast is 3.9:1; WCAG AA requires 4.5:1.",
        "text": ")",
        "fg": "rgb(113,113,122)",
        "bg": "rgb(17,17,19)",
        "ratio": 3.9,
        "requiredRatio": 4.5,
        "suggestedColor": "rgb(124,124,132)",
        "large": false,
        "selector": "div > div > div > div > div > div > div > div:nth-of-type(2) > div:nth-of-type(17) > span:nth-of-type(62)",
        "dataAttributes": {},
        "sourceFile": "compositions/code-morph.html",
        "bbox": {
          "x": 642.98388671875,
          "y": 380,
          "width": 12,
          "height": 31
        },
        "time": 1.278
      },
      {
        "code": "contrast_aa_failure",
        "severity": "error",
        "message": "Contrast is 3.9:1; WCAG AA requires 4.5:1.",
        "text": ")",
        "fg": "rgb(113,113,122)",
        "bg": "rgb(17,17,19)",
        "ratio": 3.9,
        "requiredRatio": 4.5,
        "suggestedColor": "rgb(124,124,132)",
        "large": false,
        "selector": "div > div > div > div > div > div > div > div:nth-of-type(2) > div:nth-of-type(17) > span:nth-of-type(63)",
        "dataAttributes": {},
        "sourceFile": "compositions/code-morph.html",
        "bbox": {
          "x": 654.98388671875,
          "y": 380,
          "width": 12,
          "height": 31
        },
        "time": 1.278
      },
      {
        "code": "contrast_aa_failure",
        "severity": "error",
        "message": "Contrast is 3.9:1; WCAG AA requires 4.5:1.",
        "text": ".",
        "fg": "rgb(113,113,122)",
        "bg": "rgb(17,17,19)",
        "ratio": 3.9,
        "requiredRatio": 4.5,
        "suggestedColor": "rgb(124,124,132)",
        "large": false,
        "selector": "div > div > div > div > div > div > div > div:nth-of-type(2) > div:nth-of-type(17) > span:nth-of-type(64)",
        "dataAttributes": {},
        "sourceFile": "compositions/code-morph.html",
        "bbox": {
          "x": 354.9842834472656,
          "y": 411,
          "width": 12,
          "height": 31
        },
        "time": 1.278
      },
      {
        "code": "contrast_aa_failure",
        "severity": "error",
        "message": "Contrast is 3.9:1; WCAG AA requires 4.5:1.",
        "text": "(",
        "fg": "rgb(113,113,122)",
        "bg": "rgb(17,17,19)",
        "ratio": 3.9,
        "requiredRatio": 4.5,
        "suggestedColor": "rgb(124,124,132)",
        "large": false,
        "selector": "div > div > div > div > div > div > div > div:nth-of-type(2) > div:nth-of-type(17) > span:nth-of-type(66)",
        "dataAttributes": {},
        "sourceFile": "compositions/code-morph.html",
        "bbox": {
          "x": 414.98419189453125,
          "y": 411,
          "width": 12,
          "height": 31
        },
        "time": 1.278
      },
      {
        "code": "contrast_aa_failure",
        "severity": "error",
        "message": "Contrast is 3.9:1; WCAG AA requires 4.5:1.",
        "text": ")",
        "fg": "rgb(113,113,122)",
        "bg": "rgb(17,17,19)",
        "ratio": 3.9,
        "requiredRatio": 4.5,
        "suggestedColor": "rgb(124,124,132)",
        "large": false,
        "selector": "div > div > div > div > div > div > div > div:nth-of-type(2) > div:nth-of-type(17) > span:nth-of-type(68)",
        "dataAttributes": {},
        "sourceFile": "compositions/code-morph.html",
        "bbox": {
          "x": 558.9840087890625,
          "y": 411,
          "width": 12,
          "height": 31
        },
        "time": 1.278
      },
      {
        "code": "contrast_aa_failure",
        "severity": "error",
        "message": "Contrast is 3.9:1; WCAG AA requires 4.5:1.",
        "text": ".",
        "fg": "rgb(113,113,122)",
        "bg": "rgb(17,17,19)",
        "ratio": 3.9,
        "requiredRatio": 4.5,
        "suggestedColor": "rgb(124,124,132)",
        "large": false,
        "selector": "div > div > div > div > div > div > div > div:nth-of-type(2) > div:nth-of-type(17) > span:nth-of-type(69)",
        "dataAttributes": {},
        "sourceFile": "compositions/code-morph.html",
        "bbox": {
          "x": 354.9842834472656,
          "y": 442,
          "width": 12,
          "height": 31
        },
        "time": 1.278
      },
      {
        "code": "contrast_aa_failure",
        "severity": "error",
        "message": "Contrast is 3.9:1; WCAG AA requires 4.5:1.",
        "text": "(",
        "fg": "rgb(113,113,122)",
        "bg": "rgb(17,17,19)",
        "ratio": 3.9,
        "requiredRatio": 4.5,
        "suggestedColor": "rgb(124,124,132)",
        "large": false,
        "selector": "div > div > div > div > div > div > div > div:nth-of-type(2) > div:nth-of-type(17) > span:nth-of-type(71)",
        "dataAttributes": {},
        "sourceFile": "compositions/code-morph.html",
        "bbox": {
          "x": 450.9841613769531,
          "y": 442,
          "width": 12,
          "height": 31
        },
        "time": 1.278
      },
      {
        "code": "contrast_aa_failure",
        "severity": "error",
        "message": "Contrast is 3.9:1; WCAG AA requires 4.5:1.",
        "text": "(",
        "fg": "rgb(113,113,122)",
        "bg": "rgb(17,17,19)",
        "ratio": 3.9,
        "requiredRatio": 4.5,
        "suggestedColor": "rgb(124,124,132)",
        "large": false,
        "selector": "div > div > div > div > div > div > div > div:nth-of-type(2) > div:nth-of-type(17) > span:nth-of-type(72)",
        "dataAttributes": {},
        "sourceFile": "compositions/code-morph.html",
        "bbox": {
          "x": 462.984130859375,
          "y": 442,
          "width": 12,
          "height": 31
        },
        "time": 1.278
      },
      {
        "code": "contrast_aa_failure",
        "severity": "error",
        "message": "Contrast is 3.9:1; WCAG AA requires 4.5:1.",
        "text": ")",
        "fg": "rgb(113,113,122)",
        "bg": "rgb(17,17,19)",
        "ratio": 3.9,
        "requiredRatio": 4.5,
        "suggestedColor": "rgb(124,124,132)",
        "large": false,
        "selector": "div > div > div > div > div > div > div > div:nth-of-type(2) > div:nth-of-type(17) > span:nth-of-type(73)",
        "dataAttributes": {},
        "sourceFile": "compositions/code-morph.html",
        "bbox": {
          "x": 474.984130859375,
          "y": 442,
          "width": 12,
          "height": 31
        },
        "time": 1.278
      },
      {
        "code": "contrast_aa_failure",
        "severity": "error",
        "message": "Contrast is 3.9:1; WCAG AA requires 4.5:1.",
        "text": "=>",
        "fg": "rgb(113,113,122)",
        "bg": "rgb(17,17,19)",
        "ratio": 3.9,
        "requiredRatio": 4.5,
        "suggestedColor": "rgb(124,124,132)",
        "large": false,
        "selector": "div > div > div > div > div > div > div > div:nth-of-type(2) > div:nth-of-type(17) > span:nth-of-type(74)",
        "dataAttributes": {},
        "sourceFile": "compositions/code-morph.html",
        "bbox": {
          "x": 498.9841003417969,
          "y": 442,
          "width": 24.000030517578125,
          "height": 31
        },
        "time": 1.278
      },
      {
        "code": "contrast_aa_failure",
        "severity": "error",
        "message": "Contrast is 3.9:1; WCAG AA requires 4.5:1.",
        "text": "(",
        "fg": "rgb(113,113,122)",
        "bg": "rgb(17,17,19)",
        "ratio": 3.9,
        "requiredRatio": 4.5,
        "suggestedColor": "rgb(124,124,132)",
        "large": false,
        "selector": "div > div > div > div > div > div > div > div:nth-of-type(2) > div:nth-of-type(17) > span:nth-of-type(76)",
        "dataAttributes": {},
        "sourceFile": "compositions/code-morph.html",
        "bbox": {
          "x": 654.98388671875,
          "y": 442,
          "width": 12,
          "height": 31
        },
        "time": 1.278
      },
      {
        "code": "contrast_aa_failure",
        "severity": "error",
        "message": "Contrast is 3.9:1; WCAG AA requires 4.5:1.",
        "text": ")",
        "fg": "rgb(113,113,122)",
        "bg": "rgb(17,17,19)",
        "ratio": 3.9,
        "requiredRatio": 4.5,
        "suggestedColor": "rgb(124,124,132)",
        "large": false,
        "selector": "div > div > div > div > div > div > div > div:nth-of-type(2) > div:nth-of-type(17) > span:nth-of-type(78)",
        "dataAttributes": {},
        "sourceFile": "compositions/code-morph.html",
        "bbox": {
          "x": 726.9838256835938,
          "y": 442,
          "width": 12,
          "height": 31
        },
        "time": 1.278
      },
      {
        "code": "contrast_aa_failure",
        "severity": "error",
        "message": "Contrast is 3.9:1; WCAG AA requires 4.5:1.",
        "text": ")",
        "fg": "rgb(113,113,122)",
        "bg": "rgb(17,17,19)",
        "ratio": 3.9,
        "requiredRatio": 4.5,
        "suggestedColor": "rgb(124,124,132)",
        "large": false,
        "selector": "div > div > div > div > div > div > div > div:nth-of-type(2) > div:nth-of-type(17) > span:nth-of-type(79)",
        "dataAttributes": {},
        "sourceFile": "compositions/code-morph.html",
        "bbox": {
          "x": 738.9837646484375,
          "y": 442,
          "width": 12,
          "height": 31
        },
        "time": 1.278
      },
      {
        "code": "contrast_aa_failure",
        "severity": "error",
        "message": "Contrast is 3.9:1; WCAG AA requires 4.5:1.",
        "text": ";",
        "fg": "rgb(113,113,122)",
        "bg": "rgb(17,17,19)",
        "ratio": 3.9,
        "requiredRatio": 4.5,
        "suggestedColor": "rgb(124,124,132)",
        "large": false,
        "selector": "div > div > div > div > div > div > div > div:nth-of-type(2) > div:nth-of-type(17) > span:nth-of-type(80)",
        "dataAttributes": {},
        "sourceFile": "compositions/code-morph.html",
        "bbox": {
          "x": 750.9837646484375,
          "y": 442,
          "width": 12,
          "height": 31
        },
        "time": 1.278
      },
      {
        "code": "contrast_aa_failure",
        "severity": "error",
        "message": "Contrast is 3.9:1; WCAG AA requires 4.5:1.",
        "text": "}",
        "fg": "rgb(113,113,122)",
        "bg": "rgb(17,17,19)",
        "ratio": 3.9,
        "requiredRatio": 4.5,
        "suggestedColor": "rgb(124,124,132)",
        "large": false,
        "selector": "div > div > div > div > div > div > div > div:nth-of-type(2) > div:nth-of-type(17) > span:nth-of-type(81)",
        "dataAttributes": {},
        "sourceFile": "compositions/code-morph.html",
        "bbox": {
          "x": 306.9843444824219,
          "y": 473,
          "width": 12,
          "height": 31
        },
        "time": 1.278
      },
      {
        "code": "contrast_aa_failure",
        "severity": "error",
        "message": "Contrast is 3.9:1; WCAG AA requires 4.5:1.",
        "text": ",",
        "fg": "rgb(113,113,122)",
        "bg": "rgb(17,17,19)",
        "ratio": 3.9,
        "requiredRatio": 4.5,
        "suggestedColor": "rgb(124,124,132)",
        "large": false,
        "selector": "div > div > div > div > div > div > div > div:nth-of-type(2) > div:nth-of-type(17) > span:nth-of-type(82)",
        "dataAttributes": {},
        "sourceFile": "compositions/code-morph.html",
        "bbox": {
          "x": 318.98431396484375,
          "y": 473,
          "width": 12,
          "height": 31
        },
        "time": 1.278
      },
      {
        "code": "contrast_aa_failure",
        "severity": "error",
        "message": "Contrast is 3.9:1; WCAG AA requires 4.5:1.",
        "text": "[",
        "fg": "rgb(113,113,122)",
        "bg": "rgb(17,17,19)",
        "ratio": 3.9,
        "requiredRatio": 4.5,
        "suggestedColor": "rgb(124,124,132)",
        "large": false,
        "selector": "div > div > div > div > div > div > div > div:nth-of-type(2) > div:nth-of-type(17) > span:nth-of-type(83)",
        "dataAttributes": {},
        "sourceFile": "compositions/code-morph.html",
        "bbox": {
          "x": 342.98431396484375,
          "y": 473,
          "width": 12,
          "height": 31
        },
        "time": 1.278
      },
      {
        "code": "contrast_aa_failure",
        "severity": "error",
        "message": "Contrast is 3.9:1; WCAG AA requires 4.5:1.",
        "text": "]",
        "fg": "rgb(113,113,122)",
        "bg": "rgb(17,17,19)",
        "ratio": 3.9,
        "requiredRatio": 4.5,
        "suggestedColor": "rgb(124,124,132)",
        "large": false,
        "selector": "div > div > div > div > div > div > div > div:nth-of-type(2) > div:nth-of-type(17) > span:nth-of-type(84)",
        "dataAttributes": {},
        "sourceFile": "compositions/code-morph.html",
        "bbox": {
          "x": 354.9842834472656,
          "y": 473,
          "width": 12,
          "height": 31
        },
        "time": 1.278
      },
      {
        "code": "contrast_aa_failure",
        "severity": "error",
        "message": "Contrast is 3.9:1; WCAG AA requires 4.5:1.",
        "text": ")",
        "fg": "rgb(113,113,122)",
        "bg": "rgb(17,17,19)",
        "ratio": 3.9,
        "requiredRatio": 4.5,
        "suggestedColor": "rgb(124,124,132)",
        "large": false,
        "selector": "div > div > div > div > div > div > div > div:nth-of-type(2) > div:nth-of-type(17) > span:nth-of-type(85)",
        "dataAttributes": {},
        "sourceFile": "compositions/code-morph.html",
        "bbox": {
          "x": 366.9842529296875,
          "y": 473,
          "width": 12,
          "height": 31
        },
        "time": 1.278
      },
      {
        "code": "contrast_aa_failure",
        "severity": "error",
        "message": "Contrast is 3.9:1; WCAG AA requires 4.5:1.",
        "text": ";",
        "fg": "rgb(113,113,122)",
        "bg": "rgb(17,17,19)",
        "ratio": 3.9,
        "requiredRatio": 4.5,
        "suggestedColor": "rgb(124,124,132)",
        "large": false,
        "selector": "div > div > div > div > div > div > div > div:nth-of-type(2) > div:nth-of-type(17) > span:nth-of-type(86)",
        "dataAttributes": {},
        "sourceFile": "compositions/code-morph.html",
        "bbox": {
          "x": 378.9842529296875,
          "y": 473,
          "width": 12,
          "height": 31
        },
        "time": 1.278
      },
      {
        "code": "contrast_aa_failure",
        "severity": "error",
        "message": "Contrast is 3.9:1; WCAG AA requires 4.5:1.",
        "text": "(",
        "fg": "rgb(113,113,122)",
        "bg": "rgb(17,17,19)",
        "ratio": 3.9,
        "requiredRatio": 4.5,
        "suggestedColor": "rgb(124,124,132)",
        "large": false,
        "selector": "div > div > div > div > div > div > div > div:nth-of-type(2) > div:nth-of-type(17) > span:nth-of-type(88)",
        "dataAttributes": {},
        "sourceFile": "compositions/code-morph.html",
        "bbox": {
          "x": 342.98431396484375,
          "y": 535,
          "width": 12,
          "height": 31
        },
        "time": 1.278
      },
      {
        "code": "contrast_aa_failure",
        "severity": "error",
        "message": "Contrast is 3.9:1; WCAG AA requires 4.5:1.",
        "text": ")",
        "fg": "rgb(113,113,122)",
        "bg": "rgb(17,17,19)",
        "ratio": 3.9,
        "requiredRatio": 4.5,
        "suggestedColor": "rgb(124,124,132)",
        "large": false,
        "selector": "div > div > div > div > div > div > div > div:nth-of-type(2) > div:nth-of-type(17) > span:nth-of-type(90)",
        "dataAttributes": {},
        "sourceFile": "compositions/code-morph.html",
        "bbox": {
          "x": 438.98419189453125,
          "y": 535,
          "width": 12,
          "height": 31
        },
        "time": 1.278
      },
      {
        "code": "contrast_aa_failure",
        "severity": "error",
        "message": "Contrast is 3.9:1; WCAG AA requires 4.5:1.",
        "text": "<",
        "fg": "rgb(113,113,122)",
        "bg": "rgb(17,17,19)",
        "ratio": 3.9,
        "requiredRatio": 4.5,
        "suggestedColor": "rgb(124,124,132)",
        "large": false,
        "selector": "div > div > div > div > div > div > div > div:nth-of-type(2) > div:nth-of-type(17) > span:nth-of-type(92)",
        "dataAttributes": {},
        "sourceFile": "compositions/code-morph.html",
        "bbox": {
          "x": 546.9840087890625,
          "y": 535,
          "width": 12,
          "height": 31
        },
        "time": 1.278
      },
      {
        "code": "contrast_aa_failure",
        "severity": "error",
        "message": "Contrast is 3.9:1; WCAG AA requires 4.5:1.",
        "text": "/>",
        "fg": "rgb(113,113,122)",
        "bg": "rgb(17,17,19)",
        "ratio": 3.9,
        "requiredRatio": 4.5,
        "suggestedColor": "rgb(124,124,132)",
        "large": false,
        "selector": "div > div > div > div > div > div > div > div:nth-of-type(2) > div:nth-of-type(17) > span:nth-of-type(94)",
        "dataAttributes": {},
        "sourceFile": "compositions/code-morph.html",
        "bbox": {
          "x": 654.98388671875,
          "y": 535,
          "width": 24,
          "height": 31
        },
        "time": 1.278
      },
      {
        "code": "contrast_aa_failure",
        "severity": "error",
        "message": "Contrast is 3.9:1; WCAG AA requires 4.5:1.",
        "text": ";",
        "fg": "rgb(113,113,122)",
        "bg": "rgb(17,17,19)",
        "ratio": 3.9,
        "requiredRatio": 4.5,
        "suggestedColor": "rgb(124,124,132)",
        "large": false,
        "selector": "div > div > div > div > div > div > div > div:nth-of-type(2) > div:nth-of-type(17) > span:nth-of-type(95)",
        "dataAttributes": {},
        "sourceFile": "compositions/code-morph.html",
        "bbox": {
          "x": 678.98388671875,
          "y": 535,
          "width": 12,
          "height": 31
        },
        "time": 1.278
      },
      {
        "code": "contrast_aa_failure",
        "severity": "error",
        "message": "Contrast is 3.9:1; WCAG AA requires 4.5:1.",
        "text": "<",
        "fg": "rgb(113,113,122)",
        "bg": "rgb(17,17,19)",
        "ratio": 3.9,
        "requiredRatio": 4.5,
        "suggestedColor": "rgb(124,124,132)",
        "large": false,
        "selector": "div > div > div > div > div > div > div > div:nth-of-type(2) > div:nth-of-type(17) > span:nth-of-type(97)",
        "dataAttributes": {},
        "sourceFile": "compositions/code-morph.html",
        "bbox": {
          "x": 390.9842529296875,
          "y": 566,
          "width": 12,
          "height": 31
        },
        "time": 1.278
      },
      {
        "code": "contrast_aa_failure",
        "severity": "error",
        "message": "Contrast is 3.9:1; WCAG AA requires 4.5:1.",
        "text": "=",
        "fg": "rgb(113,113,122)",
        "bg": "rgb(17,17,19)",
        "ratio": 3.9,
        "requiredRatio": 4.5,
        "suggestedColor": "rgb(124,124,132)",
        "large": false,
        "selector": "div > div > div > div > div > div > div > div:nth-of-type(2) > div:nth-of-type(17) > span:nth-of-type(100)",
        "dataAttributes": {},
        "sourceFile": "compositions/code-morph.html",
        "bbox": {
          "x": 606.9839477539062,
          "y": 566,
          "width": 12,
          "height": 31
        },
        "time": 1.278
      },
      {
        "code": "contrast_aa_failure",
        "severity": "error",
        "message": "Contrast is 3.9:1; WCAG AA requires 4.5:1.",
        "text": "{",
        "fg": "rgb(113,113,122)",
        "bg": "rgb(17,17,19)",
        "ratio": 3.9,
        "requiredRatio": 4.5,
        "suggestedColor": "rgb(124,124,132)",
        "large": false,
        "selector": "div > div > div > div > div > div > div > div:nth-of-type(2) > div:nth-of-type(17) > span:nth-of-type(101)",
        "dataAttributes": {},
        "sourceFile": "compositions/code-morph.html",
        "bbox": {
          "x": 618.9839477539062,
          "y": 566,
          "width": 12,
          "height": 31
        },
        "time": 1.278
      },
      {
        "code": "contrast_aa_failure",
        "severity": "error",
        "message": "Contrast is 3.9:1; WCAG AA requires 4.5:1.",
        "text": "}",
        "fg": "rgb(113,113,122)",
        "bg": "rgb(17,17,19)",
        "ratio": 3.9,
        "requiredRatio": 4.5,
        "suggestedColor": "rgb(124,124,132)",
        "large": false,
        "selector": "div > div > div > div > div > div > div > div:nth-of-type(2) > div:nth-of-type(17) > span:nth-of-type(103)",
        "dataAttributes": {},
        "sourceFile": "compositions/code-morph.html",
        "bbox": {
          "x": 726.9838256835938,
          "y": 566,
          "width": 12,
          "height": 31
        },
        "time": 1.278
      },
      {
        "code": "contrast_aa_failure",
        "severity": "error",
        "message": "Contrast is 3.9:1; WCAG AA requires 4.5:1.",
        "text": "/>",
        "fg": "rgb(113,113,122)",
        "bg": "rgb(17,17,19)",
        "ratio": 3.9,
        "requiredRatio": 4.5,
        "suggestedColor": "rgb(124,124,132)",
        "large": false,
        "selector": "div > div > div > div > div > div > div > div:nth-of-type(2) > div:nth-of-type(17) > span:nth-of-type(104)",
        "dataAttributes": {},
        "sourceFile": "compositions/code-morph.html",
        "bbox": {
          "x": 750.9837646484375,
          "y": 566,
          "width": 24,
          "height": 31
        },
        "time": 1.278
      },
      {
        "code": "contrast_aa_failure",
        "severity": "error",
        "message": "Contrast is 3.9:1; WCAG AA requires 4.5:1.",
        "text": ";",
        "fg": "rgb(113,113,122)",
        "bg": "rgb(17,17,19)",
        "ratio": 3.9,
        "requiredRatio": 4.5,
        "suggestedColor": "rgb(124,124,132)",
        "large": false,
        "selector": "div > div > div > div > div > div > div > div:nth-of-type(2) > div:nth-of-type(17) > span:nth-of-type(105)",
        "dataAttributes": {},
        "sourceFile": "compositions/code-morph.html",
        "bbox": {
          "x": 774.9837646484375,
          "y": 566,
          "width": 12,
          "height": 31
        },
        "time": 1.278
      },
      {
        "code": "contrast_aa_failure",
        "severity": "error",
        "message": "Contrast is 3.9:1; WCAG AA requires 4.5:1.",
        "text": "}",
        "fg": "rgb(113,113,122)",
        "bg": "rgb(17,17,19)",
        "ratio": 3.9,
        "requiredRatio": 4.5,
        "suggestedColor": "rgb(124,124,132)",
        "large": false,
        "selector": "div > div > div > div > div > div > div > div:nth-of-type(2) > div:nth-of-type(17) > span:nth-of-type(106)",
        "dataAttributes": {},
        "sourceFile": "compositions/code-morph.html",
        "bbox": {
          "x": 282.984375,
          "y": 597,
          "width": 12,
          "height": 31
        },
        "time": 1.278
      },
      {
        "code": "contrast_aa_failure",
        "severity": "error",
        "message": "Contrast is 2.35:1; WCAG AA requires 4.5:1.",
        "text": "1",
        "fg": "rgb(82,82,91)",
        "bg": "rgb(17,22,27)",
        "ratio": 2.35,
        "requiredRatio": 4.5,
        "suggestedColor": "rgb(126,126,133)",
        "large": false,
        "selector": "div > div > div > div > div > div > div > div:nth-of-type(6) > div:nth-of-type(1)",
        "dataAttributes": {},
        "sourceFile": "compositions/code-morph.html",
        "bbox": {
          "x": 235,
          "y": 132,
          "width": 23.984375,
          "height": 31
        },
        "time": 2.3
      },
      {
        "code": "contrast_aa_failure",
        "severity": "error",
        "message": "Contrast is 2.44:1; WCAG AA requires 4.5:1.",
        "text": "2",
        "fg": "rgb(82,82,91)",
        "bg": "rgb(17,17,19)",
        "ratio": 2.44,
        "requiredRatio": 4.5,
        "suggestedColor": "rgb(124,124,131)",
        "large": false,
        "selector": "div > div > div > div > div > div > div > div:nth-of-type(6) > div:nth-of-type(2)",
        "dataAttributes": {},
        "sourceFile": "compositions/code-morph.html",
        "bbox": {
          "x": 235,
          "y": 163,
          "width": 23.984375,
          "height": 31
        },
        "time": 2.3
      },
      {
        "code": "contrast_aa_failure",
        "severity": "error",
        "message": "Contrast is 2.44:1; WCAG AA requires 4.5:1.",
        "text": "3",
        "fg": "rgb(82,82,91)",
        "bg": "rgb(17,17,19)",
        "ratio": 2.44,
        "requiredRatio": 4.5,
        "suggestedColor": "rgb(124,124,131)",
        "large": false,
        "selector": "div > div > div > div > div > div > div > div:nth-of-type(6) > div:nth-of-type(3)",
        "dataAttributes": {},
        "sourceFile": "compositions/code-morph.html",
        "bbox": {
          "x": 235,
          "y": 194,
          "width": 23.984375,
          "height": 31
        },
        "time": 2.3
      },
      {
        "code": "contrast_aa_failure",
        "severity": "error",
        "message": "Contrast is 2.35:1; WCAG AA requires 4.5:1.",
        "text": "4",
        "fg": "rgb(82,82,91)",
        "bg": "rgb(17,22,27)",
        "ratio": 2.35,
        "requiredRatio": 4.5,
        "suggestedColor": "rgb(126,126,133)",
        "large": false,
        "selector": "div > div > div > div > div > div > div > div:nth-of-type(6) > div:nth-of-type(4)",
        "dataAttributes": {},
        "sourceFile": "compositions/code-morph.html",
        "bbox": {
          "x": 235,
          "y": 225,
          "width": 23.984375,
          "height": 31
        },
        "time": 2.3
      },
      {
        "code": "contrast_aa_failure",
        "severity": "error",
        "message": "Contrast is 2.44:1; WCAG AA requires 4.5:1.",
        "text": "5",
        "fg": "rgb(82,82,91)",
        "bg": "rgb(17,17,19)",
        "ratio": 2.44,
        "requiredRatio": 4.5,
        "suggestedColor": "rgb(124,124,131)",
        "large": false,
        "selector": "div > div > div > div > div > div > div > div:nth-of-type(6) > div:nth-of-type(5)",
        "dataAttributes": {},
        "sourceFile": "compositions/code-morph.html",
        "bbox": {
          "x": 235,
          "y": 256,
          "width": 23.984375,
          "height": 31
        },
        "time": 2.3
      },
      {
        "code": "contrast_aa_failure",
        "severity": "error",
        "message": "Contrast is 2.35:1; WCAG AA requires 4.5:1.",
        "text": "6",
        "fg": "rgb(82,82,91)",
        "bg": "rgb(17,22,27)",
        "ratio": 2.35,
        "requiredRatio": 4.5,
        "suggestedColor": "rgb(126,126,133)",
        "large": false,
        "selector": "div > div > div > div > div > div > div > div:nth-of-type(6) > div:nth-of-type(6)",
        "dataAttributes": {},
        "sourceFile": "compositions/code-morph.html",
        "bbox": {
          "x": 235,
          "y": 287,
          "width": 23.984375,
          "height": 31
        },
        "time": 2.3
      },
      {
        "code": "contrast_aa_failure",
        "severity": "error",
        "message": "Contrast is 2.35:1; WCAG AA requires 4.5:1.",
        "text": "7",
        "fg": "rgb(82,82,91)",
        "bg": "rgb(17,22,27)",
        "ratio": 2.35,
        "requiredRatio": 4.5,
        "suggestedColor": "rgb(126,126,133)",
        "large": false,
        "selector": "div > div > div > div > div > div > div > div:nth-of-type(6) > div:nth-of-type(7)",
        "dataAttributes": {},
        "sourceFile": "compositions/code-morph.html",
        "bbox": {
          "x": 235,
          "y": 318,
          "width": 23.984375,
          "height": 31
        },
        "time": 2.3
      },
      {
        "code": "contrast_aa_failure",
        "severity": "error",
        "message": "Contrast is 2.44:1; WCAG AA requires 4.5:1.",
        "text": "8",
        "fg": "rgb(82,82,91)",
        "bg": "rgb(17,17,19)",
        "ratio": 2.44,
        "requiredRatio": 4.5,
        "suggestedColor": "rgb(124,124,131)",
        "large": false,
        "selector": "div > div > div > div > div > div > div > div:nth-of-type(6) > div:nth-of-type(8)",
        "dataAttributes": {},
        "sourceFile": "compositions/code-morph.html",
        "bbox": {
          "x": 235,
          "y": 349,
          "width": 23.984375,
          "height": 31
        },
        "time": 2.3
      },
      {
        "code": "contrast_aa_failure",
        "severity": "warning",
        "message": "Contrast is 2.44:1; WCAG AA requires 4.5:1.",
        "text": "9",
        "fg": "rgb(82,82,91)",
        "bg": "rgb(17,17,19)",
        "ratio": 2.44,
        "requiredRatio": 4.5,
        "suggestedColor": "rgb(124,124,131)",
        "large": false,
        "selector": "div > div > div > div > div > div > div > div:nth-of-type(6) > div:nth-of-type(9)",
        "dataAttributes": {},
        "sourceFile": "compositions/code-morph.html",
        "bbox": {
          "x": 235,
          "y": 380,
          "width": 23.984375,
          "height": 31
        },
        "time": 2.3
      },
      {
        "code": "contrast_aa_failure",
        "severity": "warning",
        "message": "Contrast is 2.44:1; WCAG AA requires 4.5:1.",
        "text": "10",
        "fg": "rgb(82,82,91)",
        "bg": "rgb(17,17,19)",
        "ratio": 2.44,
        "requiredRatio": 4.5,
        "suggestedColor": "rgb(124,124,131)",
        "large": false,
        "selector": "div > div > div > div > div > div > div > div:nth-of-type(6) > div:nth-of-type(10)",
        "dataAttributes": {},
        "sourceFile": "compositions/code-morph.html",
        "bbox": {
          "x": 235,
          "y": 411,
          "width": 23.984375,
          "height": 31
        },
        "time": 2.3
      },
      {
        "code": "contrast_aa_failure",
        "severity": "warning",
        "message": "Contrast is 2.44:1; WCAG AA requires 4.5:1.",
        "text": "11",
        "fg": "rgb(82,82,91)",
        "bg": "rgb(17,17,19)",
        "ratio": 2.44,
        "requiredRatio": 4.5,
        "suggestedColor": "rgb(124,124,131)",
        "large": false,
        "selector": "div > div > div > div > div > div > div > div:nth-of-type(6) > div:nth-of-type(11)",
        "dataAttributes": {},
        "sourceFile": "compositions/code-morph.html",
        "bbox": {
          "x": 235,
          "y": 442,
          "width": 23.984375,
          "height": 31
        },
        "time": 2.3
      },
      {
        "code": "contrast_aa_failure",
        "severity": "warning",
        "message": "Contrast is 2.44:1; WCAG AA requires 4.5:1.",
        "text": "12",
        "fg": "rgb(82,82,91)",
        "bg": "rgb(17,17,19)",
        "ratio": 2.44,
        "requiredRatio": 4.5,
        "suggestedColor": "rgb(124,124,131)",
        "large": false,
        "selector": "div > div > div > div > div > div > div > div:nth-of-type(6) > div:nth-of-type(12)",
        "dataAttributes": {},
        "sourceFile": "compositions/code-morph.html",
        "bbox": {
          "x": 235,
          "y": 473,
          "width": 23.984375,
          "height": 31
        },
        "time": 2.3
      },
      {
        "code": "contrast_aa_failure",
        "severity": "warning",
        "message": "Contrast is 2.44:1; WCAG AA requires 4.5:1.",
        "text": "13",
        "fg": "rgb(82,82,91)",
        "bg": "rgb(17,17,19)",
        "ratio": 2.44,
        "requiredRatio": 4.5,
        "suggestedColor": "rgb(124,124,131)",
        "large": false,
        "selector": "div > div > div > div > div > div > div > div:nth-of-type(6) > div:nth-of-type(13)",
        "dataAttributes": {},
        "sourceFile": "compositions/code-morph.html",
        "bbox": {
          "x": 235,
          "y": 504,
          "width": 23.984375,
          "height": 31
        },
        "time": 2.3
      },
      {
        "code": "contrast_aa_failure",
        "severity": "warning",
        "message": "Contrast is 2.44:1; WCAG AA requires 4.5:1.",
        "text": "14",
        "fg": "rgb(82,82,91)",
        "bg": "rgb(17,17,19)",
        "ratio": 2.44,
        "requiredRatio": 4.5,
        "suggestedColor": "rgb(124,124,131)",
        "large": false,
        "selector": "div > div > div > div > div > div > div > div:nth-of-type(6) > div:nth-of-type(14)",
        "dataAttributes": {},
        "sourceFile": "compositions/code-morph.html",
        "bbox": {
          "x": 235,
          "y": 535,
          "width": 23.984375,
          "height": 31
        },
        "time": 2.3
      },
      {
        "code": "contrast_aa_failure",
        "severity": "warning",
        "message": "Contrast is 2.44:1; WCAG AA requires 4.5:1.",
        "text": "15",
        "fg": "rgb(82,82,91)",
        "bg": "rgb(17,17,19)",
        "ratio": 2.44,
        "requiredRatio": 4.5,
        "suggestedColor": "rgb(124,124,131)",
        "large": false,
        "selector": "div > div > div > div > div > div > div > div:nth-of-type(6) > div:nth-of-type(15)",
        "dataAttributes": {},
        "sourceFile": "compositions/code-morph.html",
        "bbox": {
          "x": 235,
          "y": 566,
          "width": 23.984375,
          "height": 31
        },
        "time": 2.3
      },
      {
        "code": "contrast_aa_failure",
        "severity": "warning",
        "message": "Contrast is 2.44:1; WCAG AA requires 4.5:1.",
        "text": "16",
        "fg": "rgb(82,82,91)",
        "bg": "rgb(17,17,19)",
        "ratio": 2.44,
        "requiredRatio": 4.5,
        "suggestedColor": "rgb(124,124,131)",
        "large": false,
        "selector": "div > div > div > div > div > div > div > div:nth-of-type(6) > div:nth-of-type(16)",
        "dataAttributes": {},
        "sourceFile": "compositions/code-morph.html",
        "bbox": {
          "x": 235,
          "y": 597,
          "width": 23.984375,
          "height": 31
        },
        "time": 2.3
      },
      {
        "code": "contrast_aa_failure",
        "severity": "warning",
        "message": "Contrast is 3.76:1; WCAG AA requires 4.5:1.",
        "text": ";",
        "fg": "rgb(113,113,122)",
        "bg": "rgb(17,22,27)",
        "ratio": 3.76,
        "requiredRatio": 4.5,
        "suggestedColor": "rgb(126,126,134)",
        "large": false,
        "selector": "div > div > div > div > div > div > div > div:nth-of-type(6) > div:nth-of-type(17) > span:nth-of-type(3)",
        "dataAttributes": {},
        "sourceFile": "compositions/code-morph.html",
        "bbox": {
          "x": 593.34228515625,
          "y": 132,
          "width": 12,
          "height": 31
        },
        "time": 2.3
      },
      {
        "code": "contrast_aa_failure",
        "severity": "warning",
        "message": "Contrast is 3.9:1; WCAG AA requires 4.5:1.",
        "text": "(",
        "fg": "rgb(113,113,122)",
        "bg": "rgb(17,17,19)",
        "ratio": 3.9,
        "requiredRatio": 4.5,
        "suggestedColor": "rgb(124,124,132)",
        "large": false,
        "selector": "div > div > div > div > div > div > div > div:nth-of-type(6) > div:nth-of-type(17) > span:nth-of-type(7)",
        "dataAttributes": {},
        "sourceFile": "compositions/code-morph.html",
        "bbox": {
          "x": 570.9840087890625,
          "y": 194,
          "width": 12,
          "height": 31
        },
        "time": 2.3
      },
      {
        "code": "contrast_aa_failure",
        "severity": "warning",
        "message": "Contrast is 3.9:1; WCAG AA requires 4.5:1.",
        "text": ")",
        "fg": "rgb(113,113,122)",
        "bg": "rgb(17,17,19)",
        "ratio": 3.9,
        "requiredRatio": 4.5,
        "suggestedColor": "rgb(124,124,132)",
        "large": false,
        "selector": "div > div > div > div > div > div > div > div:nth-of-type(6) > div:nth-of-type(17) > span:nth-of-type(8)",
        "dataAttributes": {},
        "sourceFile": "compositions/code-morph.html",
        "bbox": {
          "x": 582.9840087890625,
          "y": 194,
          "width": 12,
          "height": 31
        },
        "time": 2.3
      },
      {
        "code": "contrast_aa_failure",
        "severity": "warning",
        "message": "Contrast is 3.9:1; WCAG AA requires 4.5:1.",
        "text": "{",
        "fg": "rgb(113,113,122)",
        "bg": "rgb(17,17,19)",
        "ratio": 3.9,
        "requiredRatio": 4.5,
        "suggestedColor": "rgb(124,124,132)",
        "large": false,
        "selector": "div > div > div > div > div > div > div > div:nth-of-type(6) > div:nth-of-type(17) > span:nth-of-type(9)",
        "dataAttributes": {},
        "sourceFile": "compositions/code-morph.html",
        "bbox": {
          "x": 606.9839477539062,
          "y": 194,
          "width": 12,
          "height": 31
        },
        "time": 2.3
      },
      {
        "code": "contrast_aa_failure",
        "severity": "warning",
        "message": "Contrast is 3.76:1; WCAG AA requires 4.5:1.",
        "text": ",",
        "fg": "rgb(113,113,122)",
        "bg": "rgb(17,22,27)",
        "ratio": 3.76,
        "requiredRatio": 4.5,
        "suggestedColor": "rgb(126,126,134)",
        "large": false,
        "selector": "div > div > div > div > div > div > div > div:nth-of-type(6) > div:nth-of-type(17) > span:nth-of-type(11)",
        "dataAttributes": {},
        "sourceFile": "compositions/code-morph.html",
        "bbox": {
          "x": 456.0691833496094,
          "y": 225,
          "width": 12,
          "height": 31
        },
        "time": 2.3
      },
      {
        "code": "contrast_aa_failure",
        "severity": "warning",
        "message": "Contrast is 3.76:1; WCAG AA requires 4.5:1.",
        "text": "=",
        "fg": "rgb(113,113,122)",
        "bg": "rgb(17,22,27)",
        "ratio": 3.76,
        "requiredRatio": 4.5,
        "suggestedColor": "rgb(126,126,134)",
        "large": false,
        "selector": "div > div > div > div > div > div > div > div:nth-of-type(6) > div:nth-of-type(17) > span:nth-of-type(12)",
        "dataAttributes": {},
        "sourceFile": "compositions/code-morph.html",
        "bbox": {
          "x": 625.7639770507812,
          "y": 225,
          "width": 12,
          "height": 31
        },
        "time": 2.3
      },
      {
        "code": "contrast_aa_failure",
        "severity": "warning",
        "message": "Contrast is 3.76:1; WCAG AA requires 4.5:1.",
        "text": "(",
        "fg": "rgb(113,113,122)",
        "bg": "rgb(17,22,27)",
        "ratio": 3.76,
        "requiredRatio": 4.5,
        "suggestedColor": "rgb(126,126,134)",
        "large": false,
        "selector": "div > div > div > div > div > div > div > div:nth-of-type(6) > div:nth-of-type(17) > span:nth-of-type(13)",
        "dataAttributes": {},
        "sourceFile": "compositions/code-morph.html",
        "bbox": {
          "x": 669.2186279296875,
          "y": 234.04519653320312,
          "width": 12,
          "height": 31
        },
        "time": 2.3
      },
      {
        "code": "contrast_aa_failure",
        "severity": "warning",
        "message": "Contrast is 3.76:1; WCAG AA requires 4.5:1.",
        "text": ")",
        "fg": "rgb(113,113,122)",
        "bg": "rgb(17,22,27)",
        "ratio": 3.76,
        "requiredRatio": 4.5,
        "suggestedColor": "rgb(126,126,134)",
        "large": false,
        "selector": "div > div > div > div > div > div > div > div:nth-of-type(6) > div:nth-of-type(17) > span:nth-of-type(15)",
        "dataAttributes": {},
        "sourceFile": "compositions/code-morph.html",
        "bbox": {
          "x": 953.963134765625,
          "y": 234.04519653320312,
          "width": 12,
          "height": 31
        },
        "time": 2.3
      },
      {
        "code": "contrast_aa_failure",
        "severity": "warning",
        "message": "Contrast is 3.76:1; WCAG AA requires 4.5:1.",
        "text": "(",
        "fg": "rgb(113,113,122)",
        "bg": "rgb(17,22,27)",
        "ratio": 3.76,
        "requiredRatio": 4.5,
        "suggestedColor": "rgb(126,126,134)",
        "large": false,
        "selector": "div > div > div > div > div > div > div > div:nth-of-type(6) > div:nth-of-type(17) > span:nth-of-type(17)",
        "dataAttributes": {},
        "sourceFile": "compositions/code-morph.html",
        "bbox": {
          "x": 342.98431396484375,
          "y": 313.60107421875,
          "width": 12,
          "height": 31
        },
        "time": 2.3
      },
      {
        "code": "contrast_aa_failure",
        "severity": "warning",
        "message": "Contrast is 3.76:1; WCAG AA requires 4.5:1.",
        "text": ")",
        "fg": "rgb(113,113,122)",
        "bg": "rgb(17,22,27)",
        "ratio": 3.76,
        "requiredRatio": 4.5,
        "suggestedColor": "rgb(126,126,134)",
        "large": false,
        "selector": "div > div > div > div > div > div > div > div:nth-of-type(6) > div:nth-of-type(17) > span:nth-of-type(18)",
        "dataAttributes": {},
        "sourceFile": "compositions/code-morph.html",
        "bbox": {
          "x": 458.17535400390625,
          "y": 313.60107421875,
          "width": 12,
          "height": 31
        },
        "time": 2.3
      },
      {
        "code": "contrast_aa_failure",
        "severity": "warning",
        "message": "Contrast is 3.76:1; WCAG AA requires 4.5:1.",
        "text": "<",
        "fg": "rgb(113,113,122)",
        "bg": "rgb(17,22,27)",
        "ratio": 3.76,
        "requiredRatio": 4.5,
        "suggestedColor": "rgb(126,126,134)",
        "large": false,
        "selector": "div > div > div > div > div > div > div > div:nth-of-type(6) > div:nth-of-type(17) > span:nth-of-type(20)",
        "dataAttributes": {},
        "sourceFile": "compositions/code-morph.html",
        "bbox": {
          "x": 566.1752319335938,
          "y": 313.60107421875,
          "width": 12,
          "height": 31
        },
        "time": 2.3
      },
      {
        "code": "contrast_aa_failure",
        "severity": "warning",
        "message": "Contrast is 3.76:1; WCAG AA requires 4.5:1.",
        "text": "/>",
        "fg": "rgb(113,113,122)",
        "bg": "rgb(17,22,27)",
        "ratio": 3.76,
        "requiredRatio": 4.5,
        "suggestedColor": "rgb(126,126,134)",
        "large": false,
        "selector": "div > div > div > div > div > div > div > div:nth-of-type(6) > div:nth-of-type(17) > span:nth-of-type(22)",
        "dataAttributes": {},
        "sourceFile": "compositions/code-morph.html",
        "bbox": {
          "x": 674.175048828125,
          "y": 313.60107421875,
          "width": 24,
          "height": 31
        },
        "time": 2.3
      },
      {
        "code": "contrast_aa_failure",
        "severity": "warning",
        "message": "Contrast is 3.76:1; WCAG AA requires 4.5:1.",
        "text": ";",
        "fg": "rgb(113,113,122)",
        "bg": "rgb(17,22,27)",
        "ratio": 3.76,
        "requiredRatio": 4.5,
        "suggestedColor": "rgb(126,126,134)",
        "large": false,
        "selector": "div > div > div > div > div > div > div > div:nth-of-type(6) > div:nth-of-type(17) > span:nth-of-type(23)",
        "dataAttributes": {},
        "sourceFile": "compositions/code-morph.html",
        "bbox": {
          "x": 698.175048828125,
          "y": 313.60107421875,
          "width": 12,
          "height": 31
        },
        "time": 2.3
      },
      {
        "code": "contrast_aa_failure",
        "severity": "warning",
        "message": "Contrast is 3.9:1; WCAG AA requires 4.5:1.",
        "text": "<",
        "fg": "rgb(113,113,122)",
        "bg": "rgb(17,17,19)",
        "ratio": 3.9,
        "requiredRatio": 4.5,
        "suggestedColor": "rgb(124,124,132)",
        "large": false,
        "selector": "div > div > div > div > div > div > div > div:nth-of-type(6) > div:nth-of-type(17) > span:nth-of-type(25)",
        "dataAttributes": {},
        "sourceFile": "compositions/code-morph.html",
        "bbox": {
          "x": 390.9842529296875,
          "y": 356.13165283203125,
          "width": 12,
          "height": 31
        },
        "time": 2.3
      },
      {
        "code": "contrast_aa_failure",
        "severity": "warning",
        "message": "Contrast is 3.9:1; WCAG AA requires 4.5:1.",
        "text": "=",
        "fg": "rgb(113,113,122)",
        "bg": "rgb(17,17,19)",
        "ratio": 3.9,
        "requiredRatio": 4.5,
        "suggestedColor": "rgb(124,124,132)",
        "large": false,
        "selector": "div > div > div > div > div > div > div > div:nth-of-type(6) > div:nth-of-type(17) > span:nth-of-type(28)",
        "dataAttributes": {},
        "sourceFile": "compositions/code-morph.html",
        "bbox": {
          "x": 606.9839477539062,
          "y": 356.13165283203125,
          "width": 12,
          "height": 31
        },
        "time": 2.3
      },
      {
        "code": "contrast_aa_failure",
        "severity": "warning",
        "message": "Contrast is 3.9:1; WCAG AA requires 4.5:1.",
        "text": "{",
        "fg": "rgb(113,113,122)",
        "bg": "rgb(17,17,19)",
        "ratio": 3.9,
        "requiredRatio": 4.5,
        "suggestedColor": "rgb(124,124,132)",
        "large": false,
        "selector": "div > div > div > div > div > div > div > div:nth-of-type(6) > div:nth-of-type(17) > span:nth-of-type(29)",
        "dataAttributes": {},
        "sourceFile": "compositions/code-morph.html",
        "bbox": {
          "x": 618.9839477539062,
          "y": 356.13165283203125,
          "width": 12,
          "height": 31
        },
        "time": 2.3
      },
      {
        "code": "contrast_aa_failure",
        "severity": "warning",
        "message": "Contrast is 3.9:1; WCAG AA requires 4.5:1.",
        "text": "}",
        "fg": "rgb(113,113,122)",
        "bg": "rgb(17,17,19)",
        "ratio": 3.9,
        "requiredRatio": 4.5,
        "suggestedColor": "rgb(124,124,132)",
        "large": false,
        "selector": "div > div > div > div > div > div > div > div:nth-of-type(6) > div:nth-of-type(17) > span:nth-of-type(30)",
        "dataAttributes": {},
        "sourceFile": "compositions/code-morph.html",
        "bbox": {
          "x": 692.5790405273438,
          "y": 356.13165283203125,
          "width": 12,
          "height": 31
        },
        "time": 2.3
      },
      {
        "code": "contrast_aa_failure",
        "severity": "warning",
        "message": "Contrast is 3.9:1; WCAG AA requires 4.5:1.",
        "text": "/>",
        "fg": "rgb(113,113,122)",
        "bg": "rgb(17,17,19)",
        "ratio": 3.9,
        "requiredRatio": 4.5,
        "suggestedColor": "rgb(124,124,132)",
        "large": false,
        "selector": "div > div > div > div > div > div > div > div:nth-of-type(6) > div:nth-of-type(17) > span:nth-of-type(31)",
        "dataAttributes": {},
        "sourceFile": "compositions/code-morph.html",
        "bbox": {
          "x": 716.5789794921875,
          "y": 356.13165283203125,
          "width": 24,
          "height": 31
        },
        "time": 2.3
      },
      {
        "code": "contrast_aa_failure",
        "severity": "warning",
        "message": "Contrast is 3.9:1; WCAG AA requires 4.5:1.",
        "text": ";",
        "fg": "rgb(113,113,122)",
        "bg": "rgb(17,17,19)",
        "ratio": 3.9,
        "requiredRatio": 4.5,
        "suggestedColor": "rgb(124,124,132)",
        "large": false,
        "selector": "div > div > div > div > div > div > div > div:nth-of-type(6) > div:nth-of-type(17) > span:nth-of-type(32)",
        "dataAttributes": {},
        "sourceFile": "compositions/code-morph.html",
        "bbox": {
          "x": 740.5789794921875,
          "y": 356.13165283203125,
          "width": 12,
          "height": 31
        },
        "time": 2.3
      },
      {
        "code": "contrast_aa_failure",
        "severity": "warning",
        "message": "Contrast is 3.9:1; WCAG AA requires 4.5:1.",
        "text": "}",
        "fg": "rgb(113,113,122)",
        "bg": "rgb(17,17,19)",
        "ratio": 3.9,
        "requiredRatio": 4.5,
        "suggestedColor": "rgb(124,124,132)",
        "large": false,
        "selector": "div > div > div > div > div > div > div > div:nth-of-type(6) > div:nth-of-type(17) > span:nth-of-type(33)",
        "dataAttributes": {},
        "sourceFile": "compositions/code-morph.html",
        "bbox": {
          "x": 282.984375,
          "y": 402.98992919921875,
          "width": 12,
          "height": 31
        },
        "time": 2.3
      },
      {
        "code": "contrast_aa_failure",
        "severity": "error",
        "message": "Contrast is 1.97:1; WCAG AA requires 4.5:1.",
        "text": "1",
        "fg": "rgb(82,82,91)",
        "bg": "rgb(16,40,53)",
        "ratio": 1.97,
        "requiredRatio": 4.5,
        "suggestedColor": "rgb(139,139,145)",
        "large": false,
        "selector": "div > div > div > div > div > div > div > div:nth-of-type(6) > div:nth-of-type(1)",
        "dataAttributes": {},
        "sourceFile": "compositions/code-morph.html",
        "bbox": {
          "x": 235,
          "y": 132,
          "width": 23.984375,
          "height": 31
        },
        "time": 3.322
      },
      {
        "code": "contrast_aa_failure",
        "severity": "error",
        "message": "Contrast is 2.44:1; WCAG AA requires 4.5:1.",
        "text": "2",
        "fg": "rgb(82,82,91)",
        "bg": "rgb(17,17,19)",
        "ratio": 2.44,
        "requiredRatio": 4.5,
        "suggestedColor": "rgb(124,124,131)",
        "large": false,
        "selector": "div > div > div > div > div > div > div > div:nth-of-type(6) > div:nth-of-type(2)",
        "dataAttributes": {},
        "sourceFile": "compositions/code-morph.html",
        "bbox": {
          "x": 235,
          "y": 163,
          "width": 23.984375,
          "height": 31
        },
        "time": 3.322
      },
      {
        "code": "contrast_aa_failure",
        "severity": "error",
        "message": "Contrast is 2.44:1; WCAG AA requires 4.5:1.",
        "text": "3",
        "fg": "rgb(82,82,91)",
        "bg": "rgb(17,17,19)",
        "ratio": 2.44,
        "requiredRatio": 4.5,
        "suggestedColor": "rgb(124,124,131)",
        "large": false,
        "selector": "div > div > div > div > div > div > div > div:nth-of-type(6) > div:nth-of-type(3)",
        "dataAttributes": {},
        "sourceFile": "compositions/code-morph.html",
        "bbox": {
          "x": 235,
          "y": 194,
          "width": 23.984375,
          "height": 31
        },
        "time": 3.322
      },
      {
        "code": "contrast_aa_failure",
        "severity": "error",
        "message": "Contrast is 1.97:1; WCAG AA requires 4.5:1.",
        "text": "4",
        "fg": "rgb(82,82,91)",
        "bg": "rgb(16,40,53)",
        "ratio": 1.97,
        "requiredRatio": 4.5,
        "suggestedColor": "rgb(139,139,145)",
        "large": false,
        "selector": "div > div > div > div > div > div > div > div:nth-of-type(6) > div:nth-of-type(4)",
        "dataAttributes": {},
        "sourceFile": "compositions/code-morph.html",
        "bbox": {
          "x": 235,
          "y": 225,
          "width": 23.984375,
          "height": 31
        },
        "time": 3.322
      },
      {
        "code": "contrast_aa_failure",
        "severity": "error",
        "message": "Contrast is 2.44:1; WCAG AA requires 4.5:1.",
        "text": "5",
        "fg": "rgb(82,82,91)",
        "bg": "rgb(17,17,19)",
        "ratio": 2.44,
        "requiredRatio": 4.5,
        "suggestedColor": "rgb(124,124,131)",
        "large": false,
        "selector": "div > div > div > div > div > div > div > div:nth-of-type(6) > div:nth-of-type(5)",
        "dataAttributes": {},
        "sourceFile": "compositions/code-morph.html",
        "bbox": {
          "x": 235,
          "y": 256,
          "width": 23.984375,
          "height": 31
        },
        "time": 3.322
      },
      {
        "code": "contrast_aa_failure",
        "severity": "error",
        "message": "Contrast is 1.97:1; WCAG AA requires 4.5:1.",
        "text": "6",
        "fg": "rgb(82,82,91)",
        "bg": "rgb(16,40,53)",
        "ratio": 1.97,
        "requiredRatio": 4.5,
        "suggestedColor": "rgb(139,139,145)",
        "large": false,
        "selector": "div > div > div > div > div > div > div > div:nth-of-type(6) > div:nth-of-type(6)",
        "dataAttributes": {},
        "sourceFile": "compositions/code-morph.html",
        "bbox": {
          "x": 235,
          "y": 287,
          "width": 23.984375,
          "height": 31
        },
        "time": 3.322
      },
      {
        "code": "contrast_aa_failure",
        "severity": "error",
        "message": "Contrast is 1.97:1; WCAG AA requires 4.5:1.",
        "text": "7",
        "fg": "rgb(82,82,91)",
        "bg": "rgb(16,40,53)",
        "ratio": 1.97,
        "requiredRatio": 4.5,
        "suggestedColor": "rgb(139,139,145)",
        "large": false,
        "selector": "div > div > div > div > div > div > div > div:nth-of-type(6) > div:nth-of-type(7)",
        "dataAttributes": {},
        "sourceFile": "compositions/code-morph.html",
        "bbox": {
          "x": 235,
          "y": 318,
          "width": 23.984375,
          "height": 31
        },
        "time": 3.322
      },
      {
        "code": "contrast_aa_failure",
        "severity": "error",
        "message": "Contrast is 2.44:1; WCAG AA requires 4.5:1.",
        "text": "8",
        "fg": "rgb(82,82,91)",
        "bg": "rgb(17,17,19)",
        "ratio": 2.44,
        "requiredRatio": 4.5,
        "suggestedColor": "rgb(124,124,131)",
        "large": false,
        "selector": "div > div > div > div > div > div > div > div:nth-of-type(6) > div:nth-of-type(8)",
        "dataAttributes": {},
        "sourceFile": "compositions/code-morph.html",
        "bbox": {
          "x": 235,
          "y": 349,
          "width": 23.984375,
          "height": 31
        },
        "time": 3.322
      },
      {
        "code": "contrast_aa_failure",
        "severity": "warning",
        "message": "Contrast is 3.16:1; WCAG AA requires 4.5:1.",
        "text": ";",
        "fg": "rgb(113,113,122)",
        "bg": "rgb(16,40,53)",
        "ratio": 3.16,
        "requiredRatio": 4.5,
        "suggestedColor": "rgb(139,139,146)",
        "large": false,
        "selector": "div > div > div > div > div > div > div > div:nth-of-type(6) > div:nth-of-type(9) > span:nth-of-type(5)",
        "dataAttributes": {},
        "sourceFile": "compositions/code-morph.html",
        "bbox": {
          "x": 570.9840087890625,
          "y": 132,
          "width": 12,
          "height": 31
        },
        "time": 3.322
      },
      {
        "code": "contrast_aa_failure",
        "severity": "warning",
        "message": "Contrast is 3.9:1; WCAG AA requires 4.5:1.",
        "text": "(",
        "fg": "rgb(113,113,122)",
        "bg": "rgb(17,17,19)",
        "ratio": 3.9,
        "requiredRatio": 4.5,
        "suggestedColor": "rgb(124,124,132)",
        "large": false,
        "selector": "div > div > div > div > div > div > div > div:nth-of-type(6) > div:nth-of-type(9) > span:nth-of-type(9)",
        "dataAttributes": {},
        "sourceFile": "compositions/code-morph.html",
        "bbox": {
          "x": 570.9840087890625,
          "y": 194,
          "width": 12,
          "height": 31
        },
        "time": 3.322
      },
      {
        "code": "contrast_aa_failure",
        "severity": "warning",
        "message": "Contrast is 3.9:1; WCAG AA requires 4.5:1.",
        "text": ")",
        "fg": "rgb(113,113,122)",
        "bg": "rgb(17,17,19)",
        "ratio": 3.9,
        "requiredRatio": 4.5,
        "suggestedColor": "rgb(124,124,132)",
        "large": false,
        "selector": "div > div > div > div > div > div > div > div:nth-of-type(6) > div:nth-of-type(9) > span:nth-of-type(10)",
        "dataAttributes": {},
        "sourceFile": "compositions/code-morph.html",
        "bbox": {
          "x": 582.9840087890625,
          "y": 194,
          "width": 12,
          "height": 31
        },
        "time": 3.322
      },
      {
        "code": "contrast_aa_failure",
        "severity": "warning",
        "message": "Contrast is 3.9:1; WCAG AA requires 4.5:1.",
        "text": "{",
        "fg": "rgb(113,113,122)",
        "bg": "rgb(17,17,19)",
        "ratio": 3.9,
        "requiredRatio": 4.5,
        "suggestedColor": "rgb(124,124,132)",
        "large": false,
        "selector": "div > div > div > div > div > div > div > div:nth-of-type(6) > div:nth-of-type(9) > span:nth-of-type(11)",
        "dataAttributes": {},
        "sourceFile": "compositions/code-morph.html",
        "bbox": {
          "x": 606.9839477539062,
          "y": 194,
          "width": 12,
          "height": 31
        },
        "time": 3.322
      },
      {
        "code": "contrast_aa_failure",
        "severity": "warning",
        "message": "Contrast is 3.16:1; WCAG AA requires 4.5:1.",
        "text": "{",
        "fg": "rgb(113,113,122)",
        "bg": "rgb(16,40,53)",
        "ratio": 3.16,
        "requiredRatio": 4.5,
        "suggestedColor": "rgb(139,139,146)",
        "large": false,
        "selector": "div > div > div > div > div > div > div > div:nth-of-type(6) > div:nth-of-type(9) > span:nth-of-type(13)",
        "dataAttributes": {},
        "sourceFile": "compositions/code-morph.html",
        "bbox": {
          "x": 378.9842529296875,
          "y": 225,
          "width": 12,
          "height": 31
        },
        "time": 3.322
      },
      {
        "code": "contrast_aa_failure",
        "severity": "warning",
        "message": "Contrast is 3.16:1; WCAG AA requires 4.5:1.",
        "text": ",",
        "fg": "rgb(113,113,122)",
        "bg": "rgb(16,40,53)",
        "ratio": 3.16,
        "requiredRatio": 4.5,
        "suggestedColor": "rgb(139,139,146)",
        "large": false,
        "selector": "div > div > div > div > div > div > div > div:nth-of-type(6) > div:nth-of-type(9) > span:nth-of-type(15)",
        "dataAttributes": {},
        "sourceFile": "compositions/code-morph.html",
        "bbox": {
          "x": 450.9841613769531,
          "y": 225,
          "width": 12,
          "height": 31
        },
        "time": 3.322
      },
      {
        "code": "contrast_aa_failure",
        "severity": "warning",
        "message": "Contrast is 3.16:1; WCAG AA requires 4.5:1.",
        "text": "}",
        "fg": "rgb(113,113,122)",
        "bg": "rgb(16,40,53)",
        "ratio": 3.16,
        "requiredRatio": 4.5,
        "suggestedColor": "rgb(139,139,146)",
        "large": false,
        "selector": "div > div > div > div > div > div > div > div:nth-of-type(6) > div:nth-of-type(9) > span:nth-of-type(17)",
        "dataAttributes": {},
        "sourceFile": "compositions/code-morph.html",
        "bbox": {
          "x": 594.9840087890625,
          "y": 225,
          "width": 12,
          "height": 31
        },
        "time": 3.322
      },
      {
        "code": "contrast_aa_failure",
        "severity": "warning",
        "message": "Contrast is 3.16:1; WCAG AA requires 4.5:1.",
        "text": "=",
        "fg": "rgb(113,113,122)",
        "bg": "rgb(16,40,53)",
        "ratio": 3.16,
        "requiredRatio": 4.5,
        "suggestedColor": "rgb(139,139,146)",
        "large": false,
        "selector": "div > div > div > div > div > div > div > div:nth-of-type(6) > div:nth-of-type(9) > span:nth-of-type(18)",
        "dataAttributes": {},
        "sourceFile": "compositions/code-morph.html",
        "bbox": {
          "x": 618.9839477539062,
          "y": 225,
          "width": 12,
          "height": 31
        },
        "time": 3.322
      },
      {
        "code": "contrast_aa_failure",
        "severity": "warning",
        "message": "Contrast is 3.16:1; WCAG AA requires 4.5:1.",
        "text": "(",
        "fg": "rgb(113,113,122)",
        "bg": "rgb(16,40,53)",
        "ratio": 3.16,
        "requiredRatio": 4.5,
        "suggestedColor": "rgb(139,139,146)",
        "large": false,
        "selector": "div > div > div > div > div > div > div > div:nth-of-type(6) > div:nth-of-type(9) > span:nth-of-type(20)",
        "dataAttributes": {},
        "sourceFile": "compositions/code-morph.html",
        "bbox": {
          "x": 714.9838256835938,
          "y": 225,
          "width": 12,
          "height": 31
        },
        "time": 3.322
      },
      {
        "code": "contrast_aa_failure",
        "severity": "warning",
        "message": "Contrast is 3.16:1; WCAG AA requires 4.5:1.",
        "text": ",",
        "fg": "rgb(113,113,122)",
        "bg": "rgb(16,40,53)",
        "ratio": 3.16,
        "requiredRatio": 4.5,
        "suggestedColor": "rgb(139,139,146)",
        "large": false,
        "selector": "div > div > div > div > div > div > div > div:nth-of-type(6) > div:nth-of-type(9) > span:nth-of-type(22)",
        "dataAttributes": {},
        "sourceFile": "compositions/code-morph.html",
        "bbox": {
          "x": 906.9835815429688,
          "y": 225,
          "width": 12,
          "height": 31
        },
        "time": 3.322
      },
      {
        "code": "contrast_aa_failure",
        "severity": "warning",
        "message": "Contrast is 3.16:1; WCAG AA requires 4.5:1.",
        "text": ")",
        "fg": "rgb(113,113,122)",
        "bg": "rgb(16,40,53)",
        "ratio": 3.16,
        "requiredRatio": 4.5,
        "suggestedColor": "rgb(139,139,146)",
        "large": false,
        "selector": "div > div > div > div > div > div > div > div:nth-of-type(6) > div:nth-of-type(9) > span:nth-of-type(24)",
        "dataAttributes": {},
        "sourceFile": "compositions/code-morph.html",
        "bbox": {
          "x": 1014.9834594726562,
          "y": 225,
          "width": 11.99993896484375,
          "height": 31
        },
        "time": 3.322
      },
      {
        "code": "contrast_aa_failure",
        "severity": "warning",
        "message": "Contrast is 3.16:1; WCAG AA requires 4.5:1.",
        "text": ";",
        "fg": "rgb(113,113,122)",
        "bg": "rgb(16,40,53)",
        "ratio": 3.16,
        "requiredRatio": 4.5,
        "suggestedColor": "rgb(139,139,146)",
        "large": false,
        "selector": "div > div > div > div > div > div > div > div:nth-of-type(6) > div:nth-of-type(9) > span:nth-of-type(25)",
        "dataAttributes": {},
        "sourceFile": "compositions/code-morph.html",
        "bbox": {
          "x": 1026.9833984375,
          "y": 225,
          "width": 12,
          "height": 31
        },
        "time": 3.322
      },
      {
        "code": "contrast_aa_failure",
        "severity": "warning",
        "message": "Contrast is 3.16:1; WCAG AA requires 4.5:1.",
        "text": "(",
        "fg": "rgb(113,113,122)",
        "bg": "rgb(16,40,53)",
        "ratio": 3.16,
        "requiredRatio": 4.5,
        "suggestedColor": "rgb(139,139,146)",
        "large": false,
        "selector": "div > div > div > div > div > div > div > div:nth-of-type(6) > div:nth-of-type(9) > span:nth-of-type(27)",
        "dataAttributes": {},
        "sourceFile": "compositions/code-morph.html",
        "bbox": {
          "x": 342.98431396484375,
          "y": 287,
          "width": 12,
          "height": 31
        },
        "time": 3.322
      },
      {
        "code": "contrast_aa_failure",
        "severity": "warning",
        "message": "Contrast is 3.16:1; WCAG AA requires 4.5:1.",
        "text": ")",
        "fg": "rgb(113,113,122)",
        "bg": "rgb(16,40,53)",
        "ratio": 3.16,
        "requiredRatio": 4.5,
        "suggestedColor": "rgb(139,139,146)",
        "large": false,
        "selector": "div > div > div > div > div > div > div > div:nth-of-type(6) > div:nth-of-type(9) > span:nth-of-type(29)",
        "dataAttributes": {},
        "sourceFile": "compositions/code-morph.html",
        "bbox": {
          "x": 462.984130859375,
          "y": 287,
          "width": 12,
          "height": 31
        },
        "time": 3.322
      },
      {
        "code": "contrast_aa_failure",
        "severity": "warning",
        "message": "Contrast is 3.16:1; WCAG AA requires 4.5:1.",
        "text": "<",
        "fg": "rgb(113,113,122)",
        "bg": "rgb(16,40,53)",
        "ratio": 3.16,
        "requiredRatio": 4.5,
        "suggestedColor": "rgb(139,139,146)",
        "large": false,
        "selector": "div > div > div > div > div > div > div > div:nth-of-type(6) > div:nth-of-type(9) > span:nth-of-type(31)",
        "dataAttributes": {},
        "sourceFile": "compositions/code-morph.html",
        "bbox": {
          "x": 570.9840087890625,
          "y": 287,
          "width": 12,
          "height": 31
        },
        "time": 3.322
      },
      {
        "code": "contrast_aa_failure",
        "severity": "warning",
        "message": "Contrast is 3.16:1; WCAG AA requires 4.5:1.",
        "text": "/>",
        "fg": "rgb(113,113,122)",
        "bg": "rgb(16,40,53)",
        "ratio": 3.16,
        "requiredRatio": 4.5,
        "suggestedColor": "rgb(139,139,146)",
        "large": false,
        "selector": "div > div > div > div > div > div > div > div:nth-of-type(6) > div:nth-of-type(9) > span:nth-of-type(33)",
        "dataAttributes": {},
        "sourceFile": "compositions/code-morph.html",
        "bbox": {
          "x": 678.98388671875,
          "y": 287,
          "width": 24,
          "height": 31
        },
        "time": 3.322
      },
      {
        "code": "contrast_aa_failure",
        "severity": "warning",
        "message": "Contrast is 3.16:1; WCAG AA requires 4.5:1.",
        "text": ";",
        "fg": "rgb(113,113,122)",
        "bg": "rgb(16,40,53)",
        "ratio": 3.16,
        "requiredRatio": 4.5,
        "suggestedColor": "rgb(139,139,146)",
        "large": false,
        "selector": "div > div > div > div > div > div > div > div:nth-of-type(6) > div:nth-of-type(9) > span:nth-of-type(34)",
        "dataAttributes": {},
        "sourceFile": "compositions/code-morph.html",
        "bbox": {
          "x": 702.9838256835938,
          "y": 287,
          "width": 12,
          "height": 31
        },
        "time": 3.322
      },
      {
        "code": "contrast_aa_failure",
        "severity": "warning",
        "message": "Contrast is 3.16:1; WCAG AA requires 4.5:1.",
        "text": "<",
        "fg": "rgb(113,113,122)",
        "bg": "rgb(16,40,53)",
        "ratio": 3.16,
        "requiredRatio": 4.5,
        "suggestedColor": "rgb(139,139,146)",
        "large": false,
        "selector": "div > div > div > div > div > div > div > div:nth-of-type(6) > div:nth-of-type(9) > span:nth-of-type(36)",
        "dataAttributes": {},
        "sourceFile": "compositions/code-morph.html",
        "bbox": {
          "x": 390.9842529296875,
          "y": 318,
          "width": 12,
          "height": 31
        },
        "time": 3.322
      },
      {
        "code": "contrast_aa_failure",
        "severity": "warning",
        "message": "Contrast is 3.16:1; WCAG AA requires 4.5:1.",
        "text": "=",
        "fg": "rgb(113,113,122)",
        "bg": "rgb(16,40,53)",
        "ratio": 3.16,
        "requiredRatio": 4.5,
        "suggestedColor": "rgb(139,139,146)",
        "large": false,
        "selector": "div > div > div > div > div > div > div > div:nth-of-type(6) > div:nth-of-type(9) > span:nth-of-type(39)",
        "dataAttributes": {},
        "sourceFile": "compositions/code-morph.html",
        "bbox": {
          "x": 606.9839477539062,
          "y": 318,
          "width": 12,
          "height": 31
        },
        "time": 3.322
      },
      {
        "code": "contrast_aa_failure",
        "severity": "warning",
        "message": "Contrast is 3.16:1; WCAG AA requires 4.5:1.",
        "text": "{",
        "fg": "rgb(113,113,122)",
        "bg": "rgb(16,40,53)",
        "ratio": 3.16,
        "requiredRatio": 4.5,
        "suggestedColor": "rgb(139,139,146)",
        "large": false,
        "selector": "div > div > div > div > div > div > div > div:nth-of-type(6) > div:nth-of-type(9) > span:nth-of-type(40)",
        "dataAttributes": {},
        "sourceFile": "compositions/code-morph.html",
        "bbox": {
          "x": 618.9839477539062,
          "y": 318,
          "width": 12,
          "height": 31
        },
        "time": 3.322
      },
      {
        "code": "contrast_aa_failure",
        "severity": "warning",
        "message": "Contrast is 3.16:1; WCAG AA requires 4.5:1.",
        "text": "}",
        "fg": "rgb(113,113,122)",
        "bg": "rgb(16,40,53)",
        "ratio": 3.16,
        "requiredRatio": 4.5,
        "suggestedColor": "rgb(139,139,146)",
        "large": false,
        "selector": "div > div > div > div > div > div > div > div:nth-of-type(6) > div:nth-of-type(9) > span:nth-of-type(42)",
        "dataAttributes": {},
        "sourceFile": "compositions/code-morph.html",
        "bbox": {
          "x": 678.98388671875,
          "y": 318,
          "width": 12,
          "height": 31
        },
        "time": 3.322
      },
      {
        "code": "contrast_aa_failure",
        "severity": "warning",
        "message": "Contrast is 3.16:1; WCAG AA requires 4.5:1.",
        "text": "/>",
        "fg": "rgb(113,113,122)",
        "bg": "rgb(16,40,53)",
        "ratio": 3.16,
        "requiredRatio": 4.5,
        "suggestedColor": "rgb(139,139,146)",
        "large": false,
        "selector": "div > div > div > div > div > div > div > div:nth-of-type(6) > div:nth-of-type(9) > span:nth-of-type(43)",
        "dataAttributes": {},
        "sourceFile": "compositions/code-morph.html",
        "bbox": {
          "x": 702.9838256835938,
          "y": 318,
          "width": 24,
          "height": 31
        },
        "time": 3.322
      },
      {
        "code": "contrast_aa_failure",
        "severity": "warning",
        "message": "Contrast is 3.16:1; WCAG AA requires 4.5:1.",
        "text": ";",
        "fg": "rgb(113,113,122)",
        "bg": "rgb(16,40,53)",
        "ratio": 3.16,
        "requiredRatio": 4.5,
        "suggestedColor": "rgb(139,139,146)",
        "large": false,
        "selector": "div > div > div > div > div > div > div > div:nth-of-type(6) > div:nth-of-type(9) > span:nth-of-type(44)",
        "dataAttributes": {},
        "sourceFile": "compositions/code-morph.html",
        "bbox": {
          "x": 726.9838256835938,
          "y": 318,
          "width": 12,
          "height": 31
        },
        "time": 3.322
      },
      {
        "code": "contrast_aa_failure",
        "severity": "warning",
        "message": "Contrast is 3.9:1; WCAG AA requires 4.5:1.",
        "text": "}",
        "fg": "rgb(113,113,122)",
        "bg": "rgb(17,17,19)",
        "ratio": 3.9,
        "requiredRatio": 4.5,
        "suggestedColor": "rgb(124,124,132)",
        "large": false,
        "selector": "div > div > div > div > div > div > div > div:nth-of-type(6) > div:nth-of-type(9) > span:nth-of-type(45)",
        "dataAttributes": {},
        "sourceFile": "compositions/code-morph.html",
        "bbox": {
          "x": 282.984375,
          "y": 349,
          "width": 12,
          "height": 31
        },
        "time": 3.322
      },
      {
        "code": "contrast_aa_failure",
        "severity": "error",
        "message": "Contrast is 2.44:1; WCAG AA requires 4.5:1.",
        "text": "1",
        "fg": "rgb(82,82,91)",
        "bg": "rgb(17,17,19)",
        "ratio": 2.44,
        "requiredRatio": 4.5,
        "suggestedColor": "rgb(124,124,131)",
        "large": false,
        "selector": "div > div > div > div > div > div > div > div:nth-of-type(2) > div:nth-of-type(1)",
        "dataAttributes": {},
        "sourceFile": "compositions/code-morph.html",
        "bbox": {
          "x": 235,
          "y": 132,
          "width": 23.984375,
          "height": 31
        },
        "time": 4.344
      },
      {
        "code": "contrast_aa_failure",
        "severity": "error",
        "message": "Contrast is 2.44:1; WCAG AA requires 4.5:1.",
        "text": "2",
        "fg": "rgb(82,82,91)",
        "bg": "rgb(17,17,19)",
        "ratio": 2.44,
        "requiredRatio": 4.5,
        "suggestedColor": "rgb(124,124,131)",
        "large": false,
        "selector": "div > div > div > div > div > div > div > div:nth-of-type(2) > div:nth-of-type(2)",
        "dataAttributes": {},
        "sourceFile": "compositions/code-morph.html",
        "bbox": {
          "x": 235,
          "y": 163,
          "width": 23.984375,
          "height": 31
        },
        "time": 4.344
      },
      {
        "code": "contrast_aa_failure",
        "severity": "error",
        "message": "Contrast is 2.44:1; WCAG AA requires 4.5:1.",
        "text": "3",
        "fg": "rgb(82,82,91)",
        "bg": "rgb(17,17,19)",
        "ratio": 2.44,
        "requiredRatio": 4.5,
        "suggestedColor": "rgb(124,124,131)",
        "large": false,
        "selector": "div > div > div > div > div > div > div > div:nth-of-type(2) > div:nth-of-type(3)",
        "dataAttributes": {},
        "sourceFile": "compositions/code-morph.html",
        "bbox": {
          "x": 235,
          "y": 194,
          "width": 23.984375,
          "height": 31
        },
        "time": 4.344
      },
      {
        "code": "contrast_aa_failure",
        "severity": "error",
        "message": "Contrast is 2.44:1; WCAG AA requires 4.5:1.",
        "text": "4",
        "fg": "rgb(82,82,91)",
        "bg": "rgb(17,17,19)",
        "ratio": 2.44,
        "requiredRatio": 4.5,
        "suggestedColor": "rgb(124,124,131)",
        "large": false,
        "selector": "div > div > div > div > div > div > div > div:nth-of-type(2) > div:nth-of-type(4)",
        "dataAttributes": {},
        "sourceFile": "compositions/code-morph.html",
        "bbox": {
          "x": 235,
          "y": 225,
          "width": 23.984375,
          "height": 31
        },
        "time": 4.344
      },
      {
        "code": "contrast_aa_failure",
        "severity": "error",
        "message": "Contrast is 2.44:1; WCAG AA requires 4.5:1.",
        "text": "5",
        "fg": "rgb(82,82,91)",
        "bg": "rgb(17,17,19)",
        "ratio": 2.44,
        "requiredRatio": 4.5,
        "suggestedColor": "rgb(124,124,131)",
        "large": false,
        "selector": "div > div > div > div > div > div > div > div:nth-of-type(2) > div:nth-of-type(5)",
        "dataAttributes": {},
        "sourceFile": "compositions/code-morph.html",
        "bbox": {
          "x": 235,
          "y": 256,
          "width": 23.984375,
          "height": 31
        },
        "time": 4.344
      },
      {
        "code": "contrast_aa_failure",
        "severity": "error",
        "message": "Contrast is 2.44:1; WCAG AA requires 4.5:1.",
        "text": "6",
        "fg": "rgb(82,82,91)",
        "bg": "rgb(17,17,19)",
        "ratio": 2.44,
        "requiredRatio": 4.5,
        "suggestedColor": "rgb(124,124,131)",
        "large": false,
        "selector": "div > div > div > div > div > div > div > div:nth-of-type(2) > div:nth-of-type(6)",
        "dataAttributes": {},
        "sourceFile": "compositions/code-morph.html",
        "bbox": {
          "x": 235,
          "y": 287,
          "width": 23.984375,
          "height": 31
        },
        "time": 4.344
      },
      {
        "code": "contrast_aa_failure",
        "severity": "error",
        "message": "Contrast is 2.44:1; WCAG AA requires 4.5:1.",
        "text": "7",
        "fg": "rgb(82,82,91)",
        "bg": "rgb(17,17,19)",
        "ratio": 2.44,
        "requiredRatio": 4.5,
        "suggestedColor": "rgb(124,124,131)",
        "large": false,
        "selector": "div > div > div > div > div > div > div > div:nth-of-type(2) > div:nth-of-type(7)",
        "dataAttributes": {},
        "sourceFile": "compositions/code-morph.html",
        "bbox": {
          "x": 235,
          "y": 318,
          "width": 23.984375,
          "height": 31
        },
        "time": 4.344
      },
      {
        "code": "contrast_aa_failure",
        "severity": "error",
        "message": "Contrast is 2.44:1; WCAG AA requires 4.5:1.",
        "text": "8",
        "fg": "rgb(82,82,91)",
        "bg": "rgb(17,17,19)",
        "ratio": 2.44,
        "requiredRatio": 4.5,
        "suggestedColor": "rgb(124,124,131)",
        "large": false,
        "selector": "div > div > div > div > div > div > div > div:nth-of-type(2) > div:nth-of-type(8)",
        "dataAttributes": {},
        "sourceFile": "compositions/code-morph.html",
        "bbox": {
          "x": 235,
          "y": 349,
          "width": 23.984375,
          "height": 31
        },
        "time": 4.344
      },
      {
        "code": "contrast_aa_failure",
        "severity": "warning",
        "message": "Contrast is 3.9:1; WCAG AA requires 4.5:1.",
        "text": ";",
        "fg": "rgb(113,113,122)",
        "bg": "rgb(17,17,19)",
        "ratio": 3.9,
        "requiredRatio": 4.5,
        "suggestedColor": "rgb(124,124,132)",
        "large": false,
        "selector": "div > div > div > div > div > div > div > div:nth-of-type(2) > div:nth-of-type(9) > span:nth-of-type(5)",
        "dataAttributes": {},
        "sourceFile": "compositions/code-morph.html",
        "bbox": {
          "x": 570.9840087890625,
          "y": 132,
          "width": 12,
          "height": 31
        },
        "time": 4.344
      },
      {
        "code": "contrast_aa_failure",
        "severity": "warning",
        "message": "Contrast is 3.9:1; WCAG AA requires 4.5:1.",
        "text": "(",
        "fg": "rgb(113,113,122)",
        "bg": "rgb(17,17,19)",
        "ratio": 3.9,
        "requiredRatio": 4.5,
        "suggestedColor": "rgb(124,124,132)",
        "large": false,
        "selector": "div > div > div > div > div > div > div > div:nth-of-type(2) > div:nth-of-type(9) > span:nth-of-type(9)",
        "dataAttributes": {},
        "sourceFile": "compositions/code-morph.html",
        "bbox": {
          "x": 570.9840087890625,
          "y": 194,
          "width": 12,
          "height": 31
        },
        "time": 4.344
      },
      {
        "code": "contrast_aa_failure",
        "severity": "warning",
        "message": "Contrast is 3.9:1; WCAG AA requires 4.5:1.",
        "text": ")",
        "fg": "rgb(113,113,122)",
        "bg": "rgb(17,17,19)",
        "ratio": 3.9,
        "requiredRatio": 4.5,
        "suggestedColor": "rgb(124,124,132)",
        "large": false,
        "selector": "div > div > div > div > div > div > div > div:nth-of-type(2) > div:nth-of-type(9) > span:nth-of-type(10)",
        "dataAttributes": {},
        "sourceFile": "compositions/code-morph.html",
        "bbox": {
          "x": 582.9840087890625,
          "y": 194,
          "width": 12,
          "height": 31
        },
        "time": 4.344
      },
      {
        "code": "contrast_aa_failure",
        "severity": "warning",
        "message": "Contrast is 3.9:1; WCAG AA requires 4.5:1.",
        "text": "{",
        "fg": "rgb(113,113,122)",
        "bg": "rgb(17,17,19)",
        "ratio": 3.9,
        "requiredRatio": 4.5,
        "suggestedColor": "rgb(124,124,132)",
        "large": false,
        "selector": "div > div > div > div > div > div > div > div:nth-of-type(2) > div:nth-of-type(9) > span:nth-of-type(11)",
        "dataAttributes": {},
        "sourceFile": "compositions/code-morph.html",
        "bbox": {
          "x": 606.9839477539062,
          "y": 194,
          "width": 12,
          "height": 31
        },
        "time": 4.344
      },
      {
        "code": "contrast_aa_failure",
        "severity": "warning",
        "message": "Contrast is 3.9:1; WCAG AA requires 4.5:1.",
        "text": "{",
        "fg": "rgb(113,113,122)",
        "bg": "rgb(17,17,19)",
        "ratio": 3.9,
        "requiredRatio": 4.5,
        "suggestedColor": "rgb(124,124,132)",
        "large": false,
        "selector": "div > div > div > div > div > div > div > div:nth-of-type(2) > div:nth-of-type(9) > span:nth-of-type(13)",
        "dataAttributes": {},
        "sourceFile": "compositions/code-morph.html",
        "bbox": {
          "x": 378.9842529296875,
          "y": 225,
          "width": 12,
          "height": 31
        },
        "time": 4.344
      },
      {
        "code": "contrast_aa_failure",
        "severity": "warning",
        "message": "Contrast is 3.9:1; WCAG AA requires 4.5:1.",
        "text": ",",
        "fg": "rgb(113,113,122)",
        "bg": "rgb(17,17,19)",
        "ratio": 3.9,
        "requiredRatio": 4.5,
        "suggestedColor": "rgb(124,124,132)",
        "large": false,
        "selector": "div > div > div > div > div > div > div > div:nth-of-type(2) > div:nth-of-type(9) > span:nth-of-type(15)",
        "dataAttributes": {},
        "sourceFile": "compositions/code-morph.html",
        "bbox": {
          "x": 450.9841613769531,
          "y": 225,
          "width": 12,
          "height": 31
        },
        "time": 4.344
      },
      {
        "code": "contrast_aa_failure",
        "severity": "warning",
        "message": "Contrast is 3.9:1; WCAG AA requires 4.5:1.",
        "text": "}",
        "fg": "rgb(113,113,122)",
        "bg": "rgb(17,17,19)",
        "ratio": 3.9,
        "requiredRatio": 4.5,
        "suggestedColor": "rgb(124,124,132)",
        "large": false,
        "selector": "div > div > div > div > div > div > div > div:nth-of-type(2) > div:nth-of-type(9) > span:nth-of-type(17)",
        "dataAttributes": {},
        "sourceFile": "compositions/code-morph.html",
        "bbox": {
          "x": 594.9840087890625,
          "y": 225,
          "width": 12,
          "height": 31
        },
        "time": 4.344
      },
      {
        "code": "contrast_aa_failure",
        "severity": "warning",
        "message": "Contrast is 3.9:1; WCAG AA requires 4.5:1.",
        "text": "=",
        "fg": "rgb(113,113,122)",
        "bg": "rgb(17,17,19)",
        "ratio": 3.9,
        "requiredRatio": 4.5,
        "suggestedColor": "rgb(124,124,132)",
        "large": false,
        "selector": "div > div > div > div > div > div > div > div:nth-of-type(2) > div:nth-of-type(9) > span:nth-of-type(18)",
        "dataAttributes": {},
        "sourceFile": "compositions/code-morph.html",
        "bbox": {
          "x": 618.9839477539062,
          "y": 225,
          "width": 12,
          "height": 31
        },
        "time": 4.344
      },
      {
        "code": "contrast_aa_failure",
        "severity": "warning",
        "message": "Contrast is 3.9:1; WCAG AA requires 4.5:1.",
        "text": "(",
        "fg": "rgb(113,113,122)",
        "bg": "rgb(17,17,19)",
        "ratio": 3.9,
        "requiredRatio": 4.5,
        "suggestedColor": "rgb(124,124,132)",
        "large": false,
        "selector": "div > div > div > div > div > div > div > div:nth-of-type(2) > div:nth-of-type(9) > span:nth-of-type(20)",
        "dataAttributes": {},
        "sourceFile": "compositions/code-morph.html",
        "bbox": {
          "x": 714.9838256835938,
          "y": 225,
          "width": 12,
          "height": 31
        },
        "time": 4.344
      },
      {
        "code": "contrast_aa_failure",
        "severity": "warning",
        "message": "Contrast is 3.9:1; WCAG AA requires 4.5:1.",
        "text": ",",
        "fg": "rgb(113,113,122)",
        "bg": "rgb(17,17,19)",
        "ratio": 3.9,
        "requiredRatio": 4.5,
        "suggestedColor": "rgb(124,124,132)",
        "large": false,
        "selector": "div > div > div > div > div > div > div > div:nth-of-type(2) > div:nth-of-type(9) > span:nth-of-type(22)",
        "dataAttributes": {},
        "sourceFile": "compositions/code-morph.html",
        "bbox": {
          "x": 906.9835815429688,
          "y": 225,
          "width": 12,
          "height": 31
        },
        "time": 4.344
      },
      {
        "code": "contrast_aa_failure",
        "severity": "warning",
        "message": "Contrast is 3.9:1; WCAG AA requires 4.5:1.",
        "text": ")",
        "fg": "rgb(113,113,122)",
        "bg": "rgb(17,17,19)",
        "ratio": 3.9,
        "requiredRatio": 4.5,
        "suggestedColor": "rgb(124,124,132)",
        "large": false,
        "selector": "div > div > div > div > div > div > div > div:nth-of-type(2) > div:nth-of-type(9) > span:nth-of-type(24)",
        "dataAttributes": {},
        "sourceFile": "compositions/code-morph.html",
        "bbox": {
          "x": 1014.9834594726562,
          "y": 225,
          "width": 11.99993896484375,
          "height": 31
        },
        "time": 4.344
      },
      {
        "code": "contrast_aa_failure",
        "severity": "warning",
        "message": "Contrast is 3.9:1; WCAG AA requires 4.5:1.",
        "text": ";",
        "fg": "rgb(113,113,122)",
        "bg": "rgb(17,17,19)",
        "ratio": 3.9,
        "requiredRatio": 4.5,
        "suggestedColor": "rgb(124,124,132)",
        "large": false,
        "selector": "div > div > div > div > div > div > div > div:nth-of-type(2) > div:nth-of-type(9) > span:nth-of-type(25)",
        "dataAttributes": {},
        "sourceFile": "compositions/code-morph.html",
        "bbox": {
          "x": 1026.9833984375,
          "y": 225,
          "width": 12,
          "height": 31
        },
        "time": 4.344
      },
      {
        "code": "contrast_aa_failure",
        "severity": "warning",
        "message": "Contrast is 3.9:1; WCAG AA requires 4.5:1.",
        "text": "(",
        "fg": "rgb(113,113,122)",
        "bg": "rgb(17,17,19)",
        "ratio": 3.9,
        "requiredRatio": 4.5,
        "suggestedColor": "rgb(124,124,132)",
        "large": false,
        "selector": "div > div > div > div > div > div > div > div:nth-of-type(2) > div:nth-of-type(9) > span:nth-of-type(27)",
        "dataAttributes": {},
        "sourceFile": "compositions/code-morph.html",
        "bbox": {
          "x": 342.98431396484375,
          "y": 287,
          "width": 12,
          "height": 31
        },
        "time": 4.344
      },
      {
        "code": "contrast_aa_failure",
        "severity": "warning",
        "message": "Contrast is 3.9:1; WCAG AA requires 4.5:1.",
        "text": ")",
        "fg": "rgb(113,113,122)",
        "bg": "rgb(17,17,19)",
        "ratio": 3.9,
        "requiredRatio": 4.5,
        "suggestedColor": "rgb(124,124,132)",
        "large": false,
        "selector": "div > div > div > div > div > div > div > div:nth-of-type(2) > div:nth-of-type(9) > span:nth-of-type(29)",
        "dataAttributes": {},
        "sourceFile": "compositions/code-morph.html",
        "bbox": {
          "x": 462.984130859375,
          "y": 287,
          "width": 12,
          "height": 31
        },
        "time": 4.344
      },
      {
        "code": "contrast_aa_failure",
        "severity": "warning",
        "message": "Contrast is 3.9:1; WCAG AA requires 4.5:1.",
        "text": "<",
        "fg": "rgb(113,113,122)",
        "bg": "rgb(17,17,19)",
        "ratio": 3.9,
        "requiredRatio": 4.5,
        "suggestedColor": "rgb(124,124,132)",
        "large": false,
        "selector": "div > div > div > div > div > div > div > div:nth-of-type(2) > div:nth-of-type(9) > span:nth-of-type(31)",
        "dataAttributes": {},
        "sourceFile": "compositions/code-morph.html",
        "bbox": {
          "x": 570.9840087890625,
          "y": 287,
          "width": 12,
          "height": 31
        },
        "time": 4.344
      },
      {
        "code": "contrast_aa_failure",
        "severity": "warning",
        "message": "Contrast is 3.9:1; WCAG AA requires 4.5:1.",
        "text": "/>",
        "fg": "rgb(113,113,122)",
        "bg": "rgb(17,17,19)",
        "ratio": 3.9,
        "requiredRatio": 4.5,
        "suggestedColor": "rgb(124,124,132)",
        "large": false,
        "selector": "div > div > div > div > div > div > div > div:nth-of-type(2) > div:nth-of-type(9) > span:nth-of-type(33)",
        "dataAttributes": {},
        "sourceFile": "compositions/code-morph.html",
        "bbox": {
          "x": 678.98388671875,
          "y": 287,
          "width": 24,
          "height": 31
        },
        "time": 4.344
      },
      {
        "code": "contrast_aa_failure",
        "severity": "warning",
        "message": "Contrast is 3.9:1; WCAG AA requires 4.5:1.",
        "text": ";",
        "fg": "rgb(113,113,122)",
        "bg": "rgb(17,17,19)",
        "ratio": 3.9,
        "requiredRatio": 4.5,
        "suggestedColor": "rgb(124,124,132)",
        "large": false,
        "selector": "div > div > div > div > div > div > div > div:nth-of-type(2) > div:nth-of-type(9) > span:nth-of-type(34)",
        "dataAttributes": {},
        "sourceFile": "compositions/code-morph.html",
        "bbox": {
          "x": 702.9838256835938,
          "y": 287,
          "width": 12,
          "height": 31
        },
        "time": 4.344
      },
      {
        "code": "contrast_aa_failure",
        "severity": "warning",
        "message": "Contrast is 3.9:1; WCAG AA requires 4.5:1.",
        "text": "<",
        "fg": "rgb(113,113,122)",
        "bg": "rgb(17,17,19)",
        "ratio": 3.9,
        "requiredRatio": 4.5,
        "suggestedColor": "rgb(124,124,132)",
        "large": false,
        "selector": "div > div > div > div > div > div > div > div:nth-of-type(2) > div:nth-of-type(9) > span:nth-of-type(36)",
        "dataAttributes": {},
        "sourceFile": "compositions/code-morph.html",
        "bbox": {
          "x": 390.9842529296875,
          "y": 318,
          "width": 12,
          "height": 31
        },
        "time": 4.344
      },
      {
        "code": "contrast_aa_failure",
        "severity": "warning",
        "message": "Contrast is 3.9:1; WCAG AA requires 4.5:1.",
        "text": "=",
        "fg": "rgb(113,113,122)",
        "bg": "rgb(17,17,19)",
        "ratio": 3.9,
        "requiredRatio": 4.5,
        "suggestedColor": "rgb(124,124,132)",
        "large": false,
        "selector": "div > div > div > div > div > div > div > div:nth-of-type(2) > div:nth-of-type(9) > span:nth-of-type(39)",
        "dataAttributes": {},
        "sourceFile": "compositions/code-morph.html",
        "bbox": {
          "x": 606.9839477539062,
          "y": 318,
          "width": 12,
          "height": 31
        },
        "time": 4.344
      },
      {
        "code": "contrast_aa_failure",
        "severity": "warning",
        "message": "Contrast is 3.9:1; WCAG AA requires 4.5:1.",
        "text": "{",
        "fg": "rgb(113,113,122)",
        "bg": "rgb(17,17,19)",
        "ratio": 3.9,
        "requiredRatio": 4.5,
        "suggestedColor": "rgb(124,124,132)",
        "large": false,
        "selector": "div > div > div > div > div > div > div > div:nth-of-type(2) > div:nth-of-type(9) > span:nth-of-type(40)",
        "dataAttributes": {},
        "sourceFile": "compositions/code-morph.html",
        "bbox": {
          "x": 618.9839477539062,
          "y": 318,
          "width": 12,
          "height": 31
        },
        "time": 4.344
      },
      {
        "code": "contrast_aa_failure",
        "severity": "warning",
        "message": "Contrast is 3.9:1; WCAG AA requires 4.5:1.",
        "text": "}",
        "fg": "rgb(113,113,122)",
        "bg": "rgb(17,17,19)",
        "ratio": 3.9,
        "requiredRatio": 4.5,
        "suggestedColor": "rgb(124,124,132)",
        "large": false,
        "selector": "div > div > div > div > div > div > div > div:nth-of-type(2) > div:nth-of-type(9) > span:nth-of-type(42)",
        "dataAttributes": {},
        "sourceFile": "compositions/code-morph.html",
        "bbox": {
          "x": 678.98388671875,
          "y": 318,
          "width": 12,
          "height": 31
        },
        "time": 4.344
      },
      {
        "code": "contrast_aa_failure",
        "severity": "warning",
        "message": "Contrast is 3.9:1; WCAG AA requires 4.5:1.",
        "text": "/>",
        "fg": "rgb(113,113,122)",
        "bg": "rgb(17,17,19)",
        "ratio": 3.9,
        "requiredRatio": 4.5,
        "suggestedColor": "rgb(124,124,132)",
        "large": false,
        "selector": "div > div > div > div > div > div > div > div:nth-of-type(2) > div:nth-of-type(9) > span:nth-of-type(43)",
        "dataAttributes": {},
        "sourceFile": "compositions/code-morph.html",
        "bbox": {
          "x": 702.9838256835938,
          "y": 318,
          "width": 24,
          "height": 31
        },
        "time": 4.344
      },
      {
        "code": "contrast_aa_failure",
        "severity": "warning",
        "message": "Contrast is 3.9:1; WCAG AA requires 4.5:1.",
        "text": ";",
        "fg": "rgb(113,113,122)",
        "bg": "rgb(17,17,19)",
        "ratio": 3.9,
        "requiredRatio": 4.5,
        "suggestedColor": "rgb(124,124,132)",
        "large": false,
        "selector": "div > div > div > div > div > div > div > div:nth-of-type(2) > div:nth-of-type(9) > span:nth-of-type(44)",
        "dataAttributes": {},
        "sourceFile": "compositions/code-morph.html",
        "bbox": {
          "x": 726.9838256835938,
          "y": 318,
          "width": 12,
          "height": 31
        },
        "time": 4.344
      },
      {
        "code": "contrast_aa_failure",
        "severity": "warning",
        "message": "Contrast is 3.9:1; WCAG AA requires 4.5:1.",
        "text": "}",
        "fg": "rgb(113,113,122)",
        "bg": "rgb(17,17,19)",
        "ratio": 3.9,
        "requiredRatio": 4.5,
        "suggestedColor": "rgb(124,124,132)",
        "large": false,
        "selector": "div > div > div > div > div > div > div > div:nth-of-type(2) > div:nth-of-type(9) > span:nth-of-type(45)",
        "dataAttributes": {},
        "sourceFile": "compositions/code-morph.html",
        "bbox": {
          "x": 282.984375,
          "y": 349,
          "width": 12,
          "height": 31
        },
        "time": 4.344
      }
    ],
    "enabled": true,
    "samples": [
      0.256,
      1.278,
      2.3,
      3.322,
      4.344
    ],
    "checked": 396,
    "passed": 126
  },
  "snapshots": {
    "enabled": false,
    "files": [],
    "times": [],
    "findingFiles": []
  },
  "_meta": {
    "version": "0.8.30",
    "latestVersion": "0.8.94",
    "updateAvailable": true
  }
}
