[hyperframes] browserGpuMode probe → hardware (WebGL renderer vendor="Google Inc. (NVIDIA Corporation)" renderer="ANGLE (NVIDIA Corporation, NVIDIA GeForce RTX 5060/PCIe/SSE2, OpenGL ES 3.2)")
{
  "ok": true,
  "strict": false,
  "lint": {
    "ok": true,
    "errorCount": 0,
    "warningCount": 0,
    "infoCount": 0,
    "findings": [],
    "filesScanned": 2
  },
  "runtime": {
    "ok": true,
    "errorCount": 0,
    "warningCount": 0,
    "infoCount": 0,
    "findings": []
  },
  "layout": {
    "ok": true,
    "errorCount": 0,
    "warningCount": 0,
    "infoCount": 80,
    "findings": [
      {
        "code": "canvas_overflow",
        "severity": "info",
        "time": 0.37,
        "selector": "#snapcn-terminal-simulator-source-root > div:nth-of-type(1) > div:nth-of-type(1) > div:nth-of-type(1) > div:nth-of-type(2) > div:nth-of-type(1) > div:nth-of-type(1)",
        "message": "Text extends outside the composition canvas.",
        "rect": {
          "left": 1790,
          "top": 449.5,
          "right": 1826.02,
          "bottom": 472.5,
          "width": 36.02,
          "height": 23
        },
        "containerSelector": "#root",
        "text": "npm",
        "fixHint": "Move the text inward, reduce its size, or mark intentional off-canvas animation with data-layout-allow-overflow.",
        "containerRect": {
          "left": 0,
          "top": 0,
          "right": 1280,
          "bottom": 720,
          "width": 1280,
          "height": 720
        },
        "overflow": {
          "right": 546.02
        },
        "dataAttributes": {},
        "sourceFile": "compositions/snapcn-terminal-simulator.html",
        "bbox": {
          "x": 1790,
          "y": 449.5,
          "width": 36.02,
          "height": 23
        },
        "firstSeen": 0.37,
        "lastSeen": 0.37,
        "occurrences": 1
      },
      {
        "code": "canvas_overflow",
        "severity": "info",
        "time": 0.37,
        "selector": "#snapcn-terminal-simulator-source-root > div:nth-of-type(1) > div:nth-of-type(1) > div:nth-of-type(1) > div:nth-of-type(2) > div:nth-of-type(1) > div:nth-of-type(2)",
        "message": "Text extends outside the composition canvas.",
        "rect": {
          "left": 1860.02,
          "top": 449.5,
          "right": 1908.03,
          "bottom": 472.5,
          "width": 48.02,
          "height": 23
        },
        "containerSelector": "#root",
        "text": "pnpm",
        "fixHint": "Move the text inward, reduce its size, or mark intentional off-canvas animation with data-layout-allow-overflow.",
        "containerRect": {
          "left": 0,
          "top": 0,
          "right": 1280,
          "bottom": 720,
          "width": 1280,
          "height": 720
        },
        "overflow": {
          "right": 628.03
        },
        "dataAttributes": {},
        "sourceFile": "compositions/snapcn-terminal-simulator.html",
        "bbox": {
          "x": 1860.02,
          "y": 449.5,
          "width": 48.02,
          "height": 23
        },
        "firstSeen": 0.37,
        "lastSeen": 0.37,
        "occurrences": 1
      },
      {
        "code": "canvas_overflow",
        "severity": "info",
        "time": 0.37,
        "selector": "#snapcn-terminal-simulator-source-root > div:nth-of-type(1) > div:nth-of-type(1) > div:nth-of-type(1) > div:nth-of-type(2) > div:nth-of-type(1) > div:nth-of-type(3)",
        "message": "Text extends outside the composition canvas.",
        "rect": {
          "left": 1942.03,
          "top": 449.5,
          "right": 1990.05,
          "bottom": 472.5,
          "width": 48.02,
          "height": 23
        },
        "containerSelector": "#root",
        "text": "yarn",
        "fixHint": "Move the text inward, reduce its size, or mark intentional off-canvas animation with data-layout-allow-overflow.",
        "containerRect": {
          "left": 0,
          "top": 0,
          "right": 1280,
          "bottom": 720,
          "width": 1280,
          "height": 720
        },
        "overflow": {
          "right": 710.05
        },
        "dataAttributes": {},
        "sourceFile": "compositions/snapcn-terminal-simulator.html",
        "bbox": {
          "x": 1942.03,
          "y": 449.5,
          "width": 48.02,
          "height": 23
        },
        "firstSeen": 0.37,
        "lastSeen": 0.37,
        "occurrences": 1
      },
      {
        "code": "canvas_overflow",
        "severity": "info",
        "time": 0.37,
        "selector": "#snapcn-terminal-simulator-source-root > div:nth-of-type(1) > div:nth-of-type(1) > div:nth-of-type(1) > div:nth-of-type(2) > div:nth-of-type(1) > div:nth-of-type(4)",
        "message": "Text extends outside the composition canvas.",
        "rect": {
          "left": 2024.05,
          "top": 449.5,
          "right": 2060.06,
          "bottom": 472.5,
          "width": 36.02,
          "height": 23
        },
        "containerSelector": "#root",
        "text": "bun",
        "fixHint": "Move the text inward, reduce its size, or mark intentional off-canvas animation with data-layout-allow-overflow.",
        "containerRect": {
          "left": 0,
          "top": 0,
          "right": 1280,
          "bottom": 720,
          "width": 1280,
          "height": 720
        },
        "overflow": {
          "right": 780.06
        },
        "dataAttributes": {},
        "sourceFile": "compositions/snapcn-terminal-simulator.html",
        "bbox": {
          "x": 2024.05,
          "y": 449.5,
          "width": 36.02,
          "height": 23
        },
        "firstSeen": 0.37,
        "lastSeen": 0.37,
        "occurrences": 1
      },
      {
        "code": "canvas_overflow",
        "severity": "info",
        "time": 1.111,
        "selector": "#snapcn-terminal-simulator-source-root > div:nth-of-type(1) > div:nth-of-type(4) > div:nth-of-type(1) > div:nth-of-type(2) > div:nth-of-type(1) > div:nth-of-type(1)",
        "message": "Text extends outside the composition canvas.",
        "rect": {
          "left": 1779.02,
          "top": 450.17,
          "right": 1815.31,
          "bottom": 473.34,
          "width": 36.28,
          "height": 23.17
        },
        "containerSelector": "#root",
        "text": "npm",
        "fixHint": "Move the text inward, reduce its size, or mark intentional off-canvas animation with data-layout-allow-overflow.",
        "containerRect": {
          "left": 0,
          "top": 0,
          "right": 1280,
          "bottom": 720,
          "width": 1280,
          "height": 720
        },
        "overflow": {
          "right": 535.31
        },
        "dataAttributes": {},
        "sourceFile": "compositions/snapcn-terminal-simulator.html",
        "bbox": {
          "x": 1779.02,
          "y": 450.17,
          "width": 36.28,
          "height": 23.17
        },
        "firstSeen": 1.111,
        "lastSeen": 1.111,
        "occurrences": 1
      },
      {
        "code": "canvas_overflow",
        "severity": "info",
        "time": 1.111,
        "selector": "#snapcn-terminal-simulator-source-root > div:nth-of-type(1) > div:nth-of-type(4) > div:nth-of-type(1) > div:nth-of-type(2) > div:nth-of-type(1) > div:nth-of-type(2)",
        "message": "Text extends outside the composition canvas.",
        "rect": {
          "left": 1849.56,
          "top": 450.17,
          "right": 1897.94,
          "bottom": 473.34,
          "width": 48.37,
          "height": 23.17
        },
        "containerSelector": "#root",
        "text": "pnpm",
        "fixHint": "Move the text inward, reduce its size, or mark intentional off-canvas animation with data-layout-allow-overflow.",
        "containerRect": {
          "left": 0,
          "top": 0,
          "right": 1280,
          "bottom": 720,
          "width": 1280,
          "height": 720
        },
        "overflow": {
          "right": 617.94
        },
        "dataAttributes": {},
        "sourceFile": "compositions/snapcn-terminal-simulator.html",
        "bbox": {
          "x": 1849.56,
          "y": 450.17,
          "width": 48.37,
          "height": 23.17
        },
        "firstSeen": 1.111,
        "lastSeen": 1.111,
        "occurrences": 1
      },
      {
        "code": "canvas_overflow",
        "severity": "info",
        "time": 1.111,
        "selector": "#snapcn-terminal-simulator-source-root > div:nth-of-type(1) > div:nth-of-type(4) > div:nth-of-type(1) > div:nth-of-type(2) > div:nth-of-type(1) > div:nth-of-type(3)",
        "message": "Text extends outside the composition canvas.",
        "rect": {
          "left": 1932.19,
          "top": 450.17,
          "right": 1980.57,
          "bottom": 473.34,
          "width": 48.37,
          "height": 23.17
        },
        "containerSelector": "#root",
        "text": "yarn",
        "fixHint": "Move the text inward, reduce its size, or mark intentional off-canvas animation with data-layout-allow-overflow.",
        "containerRect": {
          "left": 0,
          "top": 0,
          "right": 1280,
          "bottom": 720,
          "width": 1280,
          "height": 720
        },
        "overflow": {
          "right": 700.57
        },
        "dataAttributes": {},
        "sourceFile": "compositions/snapcn-terminal-simulator.html",
        "bbox": {
          "x": 1932.19,
          "y": 450.17,
          "width": 48.37,
          "height": 23.17
        },
        "firstSeen": 1.111,
        "lastSeen": 1.111,
        "occurrences": 1
      },
      {
        "code": "canvas_overflow",
        "severity": "info",
        "time": 1.111,
        "selector": "#snapcn-terminal-simulator-source-root > div:nth-of-type(1) > div:nth-of-type(4) > div:nth-of-type(1) > div:nth-of-type(2) > div:nth-of-type(1) > div:nth-of-type(4)",
        "message": "Text extends outside the composition canvas.",
        "rect": {
          "left": 2014.82,
          "top": 450.17,
          "right": 2051.1,
          "bottom": 473.34,
          "width": 36.28,
          "height": 23.17
        },
        "containerSelector": "#root",
        "text": "bun",
        "fixHint": "Move the text inward, reduce its size, or mark intentional off-canvas animation with data-layout-allow-overflow.",
        "containerRect": {
          "left": 0,
          "top": 0,
          "right": 1280,
          "bottom": 720,
          "width": 1280,
          "height": 720
        },
        "overflow": {
          "right": 771.1
        },
        "dataAttributes": {},
        "sourceFile": "compositions/snapcn-terminal-simulator.html",
        "bbox": {
          "x": 2014.82,
          "y": 450.17,
          "width": 36.28,
          "height": 23.17
        },
        "firstSeen": 1.111,
        "lastSeen": 1.111,
        "occurrences": 1
      },
      {
        "code": "canvas_overflow",
        "severity": "info",
        "time": 1.852,
        "selector": "#snapcn-terminal-simulator-source-root > div:nth-of-type(1) > div:nth-of-type(1) > div:nth-of-type(1) > div:nth-of-type(1) > span:nth-of-type(1)",
        "message": "Text extends outside the composition canvas.",
        "rect": {
          "left": -392.31,
          "top": 256.48,
          "right": -232.84,
          "bottom": 334.38,
          "width": 159.47,
          "height": 77.9
        },
        "containerSelector": "#root",
        "text": "work",
        "fixHint": "Move the text inward, reduce its size, or mark intentional off-canvas animation with data-layout-allow-overflow.",
        "containerRect": {
          "left": 0,
          "top": 0,
          "right": 1280,
          "bottom": 720,
          "width": 1280,
          "height": 720
        },
        "overflow": {
          "left": 392.31
        },
        "dataAttributes": {
          "data-layout-allow-overlap": ""
        },
        "sourceFile": "compositions/snapcn-terminal-simulator.html",
        "bbox": {
          "x": -392.31,
          "y": 256.48,
          "width": 159.47,
          "height": 77.9
        },
        "firstSeen": 1.852,
        "lastSeen": 1.852,
        "occurrences": 1
      },
      {
        "code": "canvas_overflow",
        "severity": "info",
        "time": 1.852,
        "selector": "#snapcn-terminal-simulator-source-root > div:nth-of-type(1) > div:nth-of-type(1) > div:nth-of-type(1) > div:nth-of-type(1) > span:nth-of-type(2)",
        "message": "Text extends outside the composition canvas.",
        "rect": {
          "left": -232.84,
          "top": 256.48,
          "right": 220.27,
          "bottom": 334.38,
          "width": 453.11,
          "height": 77.9
        },
        "containerSelector": "#root",
        "text": "one step at a",
        "fixHint": "Move the text inward, reduce its size, or mark intentional off-canvas animation with data-layout-allow-overflow.",
        "containerRect": {
          "left": 0,
          "top": 0,
          "right": 1280,
          "bottom": 720,
          "width": 1280,
          "height": 720
        },
        "overflow": {
          "left": 232.84
        },
        "dataAttributes": {
          "data-layout-allow-overlap": ""
        },
        "sourceFile": "compositions/snapcn-terminal-simulator.html",
        "bbox": {
          "x": -232.84,
          "y": 256.48,
          "width": 453.11,
          "height": 77.9
        },
        "firstSeen": 1.852,
        "lastSeen": 1.852,
        "occurrences": 1
      },
      {
        "code": "canvas_overflow",
        "severity": "info",
        "time": 1.852,
        "selector": "#snapcn-terminal-simulator-source-root > div:nth-of-type(1) > div:nth-of-type(1) > div:nth-of-type(1) > div:nth-of-type(2) > div:nth-of-type(1) > div:nth-of-type(1)",
        "message": "Text extends outside the composition canvas.",
        "rect": {
          "left": 1371.59,
          "top": 402.7,
          "right": 1414.75,
          "bottom": 430.26,
          "width": 43.16,
          "height": 27.56
        },
        "containerSelector": "#root",
        "text": "npm",
        "fixHint": "Move the text inward, reduce its size, or mark intentional off-canvas animation with data-layout-allow-overflow.",
        "containerRect": {
          "left": 0,
          "top": 0,
          "right": 1280,
          "bottom": 720,
          "width": 1280,
          "height": 720
        },
        "overflow": {
          "right": 134.75
        },
        "dataAttributes": {
          "data-layout-allow-overlap": ""
        },
        "sourceFile": "compositions/snapcn-terminal-simulator.html",
        "bbox": {
          "x": 1371.59,
          "y": 402.7,
          "width": 43.16,
          "height": 27.56
        },
        "firstSeen": 1.852,
        "lastSeen": 1.852,
        "occurrences": 1
      },
      {
        "code": "canvas_overflow",
        "severity": "info",
        "time": 1.852,
        "selector": "#snapcn-terminal-simulator-source-root > div:nth-of-type(1) > div:nth-of-type(1) > div:nth-of-type(1) > div:nth-of-type(2) > div:nth-of-type(1) > div:nth-of-type(2)",
        "message": "Text extends outside the composition canvas.",
        "rect": {
          "left": 1455.5,
          "top": 402.7,
          "right": 1513.05,
          "bottom": 430.26,
          "width": 57.54,
          "height": 27.56
        },
        "containerSelector": "#root",
        "text": "pnpm",
        "fixHint": "Move the text inward, reduce its size, or mark intentional off-canvas animation with data-layout-allow-overflow.",
        "containerRect": {
          "left": 0,
          "top": 0,
          "right": 1280,
          "bottom": 720,
          "width": 1280,
          "height": 720
        },
        "overflow": {
          "right": 233.05
        },
        "dataAttributes": {
          "data-layout-allow-overlap": ""
        },
        "sourceFile": "compositions/snapcn-terminal-simulator.html",
        "bbox": {
          "x": 1455.5,
          "y": 402.7,
          "width": 57.54,
          "height": 27.56
        },
        "firstSeen": 1.852,
        "lastSeen": 1.852,
        "occurrences": 1
      },
      {
        "code": "canvas_overflow",
        "severity": "info",
        "time": 1.852,
        "selector": "#snapcn-terminal-simulator-source-root > div:nth-of-type(1) > div:nth-of-type(1) > div:nth-of-type(1) > div:nth-of-type(2) > div:nth-of-type(1) > div:nth-of-type(3)",
        "message": "Text extends outside the composition canvas.",
        "rect": {
          "left": 1553.79,
          "top": 402.7,
          "right": 1611.34,
          "bottom": 430.26,
          "width": 57.54,
          "height": 27.56
        },
        "containerSelector": "#root",
        "text": "yarn",
        "fixHint": "Move the text inward, reduce its size, or mark intentional off-canvas animation with data-layout-allow-overflow.",
        "containerRect": {
          "left": 0,
          "top": 0,
          "right": 1280,
          "bottom": 720,
          "width": 1280,
          "height": 720
        },
        "overflow": {
          "right": 331.34
        },
        "dataAttributes": {
          "data-layout-allow-overlap": ""
        },
        "sourceFile": "compositions/snapcn-terminal-simulator.html",
        "bbox": {
          "x": 1553.79,
          "y": 402.7,
          "width": 57.54,
          "height": 27.56
        },
        "firstSeen": 1.852,
        "lastSeen": 1.852,
        "occurrences": 1
      },
      {
        "code": "canvas_overflow",
        "severity": "info",
        "time": 1.852,
        "selector": "#snapcn-terminal-simulator-source-root > div:nth-of-type(1) > div:nth-of-type(1) > div:nth-of-type(1) > div:nth-of-type(2) > div:nth-of-type(1) > div:nth-of-type(4)",
        "message": "Text extends outside the composition canvas.",
        "rect": {
          "left": 1652.08,
          "top": 402.7,
          "right": 1695.25,
          "bottom": 430.26,
          "width": 43.16,
          "height": 27.56
        },
        "containerSelector": "#root",
        "text": "bun",
        "fixHint": "Move the text inward, reduce its size, or mark intentional off-canvas animation with data-layout-allow-overflow.",
        "containerRect": {
          "left": 0,
          "top": 0,
          "right": 1280,
          "bottom": 720,
          "width": 1280,
          "height": 720
        },
        "overflow": {
          "right": 415.25
        },
        "dataAttributes": {
          "data-layout-allow-overlap": ""
        },
        "sourceFile": "compositions/snapcn-terminal-simulator.html",
        "bbox": {
          "x": 1652.08,
          "y": 402.7,
          "width": 43.16,
          "height": 27.56
        },
        "firstSeen": 1.852,
        "lastSeen": 1.852,
        "occurrences": 1
      },
      {
        "code": "canvas_overflow",
        "severity": "info",
        "time": 1.852,
        "selector": "#snapcn-terminal-simulator-source-root > div:nth-of-type(1) > div:nth-of-type(2) > div:nth-of-type(1) > div:nth-of-type(1) > span:nth-of-type(1)",
        "message": "Text extends outside the composition canvas.",
        "rect": {
          "left": -81.84,
          "top": 290.09,
          "right": 67.09,
          "bottom": 362.84,
          "width": 148.93,
          "height": 72.75
        },
        "containerSelector": "#root",
        "text": "work",
        "fixHint": "Move the text inward, reduce its size, or mark intentional off-canvas animation with data-layout-allow-overflow.",
        "containerRect": {
          "left": 0,
          "top": 0,
          "right": 1280,
          "bottom": 720,
          "width": 1280,
          "height": 720
        },
        "overflow": {
          "left": 81.84
        },
        "dataAttributes": {
          "data-layout-allow-overlap": ""
        },
        "sourceFile": "compositions/snapcn-terminal-simulator.html",
        "bbox": {
          "x": -81.84,
          "y": 290.09,
          "width": 148.93,
          "height": 72.75
        },
        "firstSeen": 1.852,
        "lastSeen": 1.852,
        "occurrences": 1
      },
      {
        "code": "canvas_overflow",
        "severity": "info",
        "time": 1.852,
        "selector": "#snapcn-terminal-simulator-source-root > div:nth-of-type(1) > div:nth-of-type(2) > div:nth-of-type(1) > div:nth-of-type(2) > div:nth-of-type(1) > div:nth-of-type(1)",
        "message": "Text extends outside the composition canvas.",
        "rect": {
          "left": 1565.47,
          "top": 426.64,
          "right": 1605.78,
          "bottom": 452.38,
          "width": 40.31,
          "height": 25.74
        },
        "containerSelector": "#root",
        "text": "npm",
        "fixHint": "Move the text inward, reduce its size, or mark intentional off-canvas animation with data-layout-allow-overflow.",
        "containerRect": {
          "left": 0,
          "top": 0,
          "right": 1280,
          "bottom": 720,
          "width": 1280,
          "height": 720
        },
        "overflow": {
          "right": 325.78
        },
        "dataAttributes": {
          "data-layout-allow-overlap": ""
        },
        "sourceFile": "compositions/snapcn-terminal-simulator.html",
        "bbox": {
          "x": 1565.47,
          "y": 426.64,
          "width": 40.31,
          "height": 25.74
        },
        "firstSeen": 1.852,
        "lastSeen": 1.852,
        "occurrences": 1
      },
      {
        "code": "canvas_overflow",
        "severity": "info",
        "time": 1.852,
        "selector": "#snapcn-terminal-simulator-source-root > div:nth-of-type(1) > div:nth-of-type(2) > div:nth-of-type(1) > div:nth-of-type(2) > div:nth-of-type(1) > div:nth-of-type(2)",
        "message": "Text extends outside the composition canvas.",
        "rect": {
          "left": 1643.83,
          "top": 426.64,
          "right": 1697.57,
          "bottom": 452.38,
          "width": 53.74,
          "height": 25.74
        },
        "containerSelector": "#root",
        "text": "pnpm",
        "fixHint": "Move the text inward, reduce its size, or mark intentional off-canvas animation with data-layout-allow-overflow.",
        "containerRect": {
          "left": 0,
          "top": 0,
          "right": 1280,
          "bottom": 720,
          "width": 1280,
          "height": 720
        },
        "overflow": {
          "right": 417.57
        },
        "dataAttributes": {
          "data-layout-allow-overlap": ""
        },
        "sourceFile": "compositions/snapcn-terminal-simulator.html",
        "bbox": {
          "x": 1643.83,
          "y": 426.64,
          "width": 53.74,
          "height": 25.74
        },
        "firstSeen": 1.852,
        "lastSeen": 1.852,
        "occurrences": 1
      },
      {
        "code": "canvas_overflow",
        "severity": "info",
        "time": 1.852,
        "selector": "#snapcn-terminal-simulator-source-root > div:nth-of-type(1) > div:nth-of-type(2) > div:nth-of-type(1) > div:nth-of-type(2) > div:nth-of-type(1) > div:nth-of-type(3)",
        "message": "Text extends outside the composition canvas.",
        "rect": {
          "left": 1735.63,
          "top": 426.64,
          "right": 1789.37,
          "bottom": 452.38,
          "width": 53.74,
          "height": 25.74
        },
        "containerSelector": "#root",
        "text": "yarn",
        "fixHint": "Move the text inward, reduce its size, or mark intentional off-canvas animation with data-layout-allow-overflow.",
        "containerRect": {
          "left": 0,
          "top": 0,
          "right": 1280,
          "bottom": 720,
          "width": 1280,
          "height": 720
        },
        "overflow": {
          "right": 509.37
        },
        "dataAttributes": {
          "data-layout-allow-overlap": ""
        },
        "sourceFile": "compositions/snapcn-terminal-simulator.html",
        "bbox": {
          "x": 1735.63,
          "y": 426.64,
          "width": 53.74,
          "height": 25.74
        },
        "firstSeen": 1.852,
        "lastSeen": 1.852,
        "occurrences": 1
      },
      {
        "code": "canvas_overflow",
        "severity": "info",
        "time": 1.852,
        "selector": "#snapcn-terminal-simulator-source-root > div:nth-of-type(1) > div:nth-of-type(2) > div:nth-of-type(1) > div:nth-of-type(2) > div:nth-of-type(1) > div:nth-of-type(4)",
        "message": "Text extends outside the composition canvas.",
        "rect": {
          "left": 1827.42,
          "top": 426.64,
          "right": 1867.73,
          "bottom": 452.38,
          "width": 40.31,
          "height": 25.74
        },
        "containerSelector": "#root",
        "text": "bun",
        "fixHint": "Move the text inward, reduce its size, or mark intentional off-canvas animation with data-layout-allow-overflow.",
        "containerRect": {
          "left": 0,
          "top": 0,
          "right": 1280,
          "bottom": 720,
          "width": 1280,
          "height": 720
        },
        "overflow": {
          "right": 587.73
        },
        "dataAttributes": {
          "data-layout-allow-overlap": ""
        },
        "sourceFile": "compositions/snapcn-terminal-simulator.html",
        "bbox": {
          "x": 1827.42,
          "y": 426.64,
          "width": 40.31,
          "height": 25.74
        },
        "firstSeen": 1.852,
        "lastSeen": 1.852,
        "occurrences": 1
      },
      {
        "code": "canvas_overflow",
        "severity": "info",
        "time": 1.852,
        "selector": "#snapcn-terminal-simulator-source-root > div:nth-of-type(1) > div:nth-of-type(3) > div:nth-of-type(1) > div:nth-of-type(2) > div:nth-of-type(1) > div:nth-of-type(1)",
        "message": "Text extends outside the composition canvas.",
        "rect": {
          "left": 1659.38,
          "top": 438.44,
          "right": 1698.09,
          "bottom": 463.15,
          "width": 38.71,
          "height": 24.72
        },
        "containerSelector": "#root",
        "text": "npm",
        "fixHint": "Move the text inward, reduce its size, or mark intentional off-canvas animation with data-layout-allow-overflow.",
        "containerRect": {
          "left": 0,
          "top": 0,
          "right": 1280,
          "bottom": 720,
          "width": 1280,
          "height": 720
        },
        "overflow": {
          "right": 418.09
        },
        "dataAttributes": {
          "data-layout-allow-overlap": ""
        },
        "sourceFile": "compositions/snapcn-terminal-simulator.html",
        "bbox": {
          "x": 1659.38,
          "y": 438.44,
          "width": 38.71,
          "height": 24.72
        },
        "firstSeen": 1.852,
        "lastSeen": 1.852,
        "occurrences": 1
      },
      {
        "code": "canvas_overflow",
        "severity": "info",
        "time": 1.852,
        "selector": "#snapcn-terminal-simulator-source-root > div:nth-of-type(1) > div:nth-of-type(3) > div:nth-of-type(1) > div:nth-of-type(2) > div:nth-of-type(1) > div:nth-of-type(2)",
        "message": "Text extends outside the composition canvas.",
        "rect": {
          "left": 1734.63,
          "top": 438.44,
          "right": 1786.23,
          "bottom": 463.15,
          "width": 51.6,
          "height": 24.72
        },
        "containerSelector": "#root",
        "text": "pnpm",
        "fixHint": "Move the text inward, reduce its size, or mark intentional off-canvas animation with data-layout-allow-overflow.",
        "containerRect": {
          "left": 0,
          "top": 0,
          "right": 1280,
          "bottom": 720,
          "width": 1280,
          "height": 720
        },
        "overflow": {
          "right": 506.23
        },
        "dataAttributes": {
          "data-layout-allow-overlap": ""
        },
        "sourceFile": "compositions/snapcn-terminal-simulator.html",
        "bbox": {
          "x": 1734.63,
          "y": 438.44,
          "width": 51.6,
          "height": 24.72
        },
        "firstSeen": 1.852,
        "lastSeen": 1.852,
        "occurrences": 1
      },
      {
        "code": "canvas_overflow",
        "severity": "info",
        "time": 1.852,
        "selector": "#snapcn-terminal-simulator-source-root > div:nth-of-type(1) > div:nth-of-type(3) > div:nth-of-type(1) > div:nth-of-type(2) > div:nth-of-type(1) > div:nth-of-type(3)",
        "message": "Text extends outside the composition canvas.",
        "rect": {
          "left": 1822.77,
          "top": 438.44,
          "right": 1874.38,
          "bottom": 463.15,
          "width": 51.6,
          "height": 24.72
        },
        "containerSelector": "#root",
        "text": "yarn",
        "fixHint": "Move the text inward, reduce its size, or mark intentional off-canvas animation with data-layout-allow-overflow.",
        "containerRect": {
          "left": 0,
          "top": 0,
          "right": 1280,
          "bottom": 720,
          "width": 1280,
          "height": 720
        },
        "overflow": {
          "right": 594.38
        },
        "dataAttributes": {
          "data-layout-allow-overlap": ""
        },
        "sourceFile": "compositions/snapcn-terminal-simulator.html",
        "bbox": {
          "x": 1822.77,
          "y": 438.44,
          "width": 51.6,
          "height": 24.72
        },
        "firstSeen": 1.852,
        "lastSeen": 1.852,
        "occurrences": 1
      },
      {
        "code": "canvas_overflow",
        "severity": "info",
        "time": 1.852,
        "selector": "#snapcn-terminal-simulator-source-root > div:nth-of-type(1) > div:nth-of-type(3) > div:nth-of-type(1) > div:nth-of-type(2) > div:nth-of-type(1) > div:nth-of-type(4)",
        "message": "Text extends outside the composition canvas.",
        "rect": {
          "left": 1910.92,
          "top": 438.44,
          "right": 1949.62,
          "bottom": 463.15,
          "width": 38.71,
          "height": 24.72
        },
        "containerSelector": "#root",
        "text": "bun",
        "fixHint": "Move the text inward, reduce its size, or mark intentional off-canvas animation with data-layout-allow-overflow.",
        "containerRect": {
          "left": 0,
          "top": 0,
          "right": 1280,
          "bottom": 720,
          "width": 1280,
          "height": 720
        },
        "overflow": {
          "right": 669.62
        },
        "dataAttributes": {
          "data-layout-allow-overlap": ""
        },
        "sourceFile": "compositions/snapcn-terminal-simulator.html",
        "bbox": {
          "x": 1910.92,
          "y": 438.44,
          "width": 38.71,
          "height": 24.72
        },
        "firstSeen": 1.852,
        "lastSeen": 1.852,
        "occurrences": 1
      },
      {
        "code": "canvas_overflow",
        "severity": "info",
        "time": 1.852,
        "selector": "#snapcn-terminal-simulator-source-root > div:nth-of-type(1) > div:nth-of-type(4) > div:nth-of-type(1) > div:nth-of-type(1) > span:nth-of-type(1)",
        "message": "Text extends outside the composition canvas.",
        "rect": {
          "left": -937.03,
          "top": 197.37,
          "right": -761.34,
          "bottom": 283.19,
          "width": 175.69,
          "height": 85.82
        },
        "containerSelector": "#root",
        "text": "work",
        "fixHint": "Move the text inward, reduce its size, or mark intentional off-canvas animation with data-layout-allow-overflow.",
        "containerRect": {
          "left": 0,
          "top": 0,
          "right": 1280,
          "bottom": 720,
          "width": 1280,
          "height": 720
        },
        "overflow": {
          "left": 937.03
        },
        "dataAttributes": {},
        "sourceFile": "compositions/snapcn-terminal-simulator.html",
        "bbox": {
          "x": -937.03,
          "y": 197.37,
          "width": 175.69,
          "height": 85.82
        },
        "firstSeen": 1.852,
        "lastSeen": 1.852,
        "occurrences": 1
      },
      {
        "code": "canvas_overflow",
        "severity": "info",
        "time": 1.852,
        "selector": "#snapcn-terminal-simulator-source-root > div:nth-of-type(1) > div:nth-of-type(4) > div:nth-of-type(1) > div:nth-of-type(1) > span:nth-of-type(2)",
        "message": "Text extends outside the composition canvas.",
        "rect": {
          "left": -761.34,
          "top": 197.37,
          "right": -262.15,
          "bottom": 283.19,
          "width": 499.2,
          "height": 85.82
        },
        "containerSelector": "#root",
        "text": "one step at a",
        "fixHint": "Move the text inward, reduce its size, or mark intentional off-canvas animation with data-layout-allow-overflow.",
        "containerRect": {
          "left": 0,
          "top": 0,
          "right": 1280,
          "bottom": 720,
          "width": 1280,
          "height": 720
        },
        "overflow": {
          "left": 761.34
        },
        "dataAttributes": {},
        "sourceFile": "compositions/snapcn-terminal-simulator.html",
        "bbox": {
          "x": -761.34,
          "y": 197.37,
          "width": 499.2,
          "height": 85.82
        },
        "firstSeen": 1.852,
        "lastSeen": 1.852,
        "occurrences": 1
      },
      {
        "code": "canvas_overflow",
        "severity": "info",
        "time": 1.852,
        "selector": "#snapcn-terminal-simulator-source-root > div:nth-of-type(1) > div:nth-of-type(4) > div:nth-of-type(1) > div:nth-of-type(1) > span:nth-of-type(3)",
        "message": "Text extends outside the composition canvas.",
        "rect": {
          "left": -262.15,
          "top": 197.37,
          "right": -87.22,
          "bottom": 283.19,
          "width": 174.93,
          "height": 85.82
        },
        "containerSelector": "#root",
        "text": "time.",
        "fixHint": "Move the text inward, reduce its size, or mark intentional off-canvas animation with data-layout-allow-overflow.",
        "containerRect": {
          "left": 0,
          "top": 0,
          "right": 1280,
          "bottom": 720,
          "width": 1280,
          "height": 720
        },
        "overflow": {
          "left": 262.15
        },
        "dataAttributes": {},
        "sourceFile": "compositions/snapcn-terminal-simulator.html",
        "bbox": {
          "x": -262.15,
          "y": 197.37,
          "width": 174.93,
          "height": 85.82
        },
        "firstSeen": 1.852,
        "lastSeen": 1.852,
        "occurrences": 1
      },
      {
        "code": "canvas_overflow",
        "severity": "info",
        "time": 1.852,
        "selector": "#snapcn-terminal-simulator-source-root > div:nth-of-type(1) > div:nth-of-type(4) > div:nth-of-type(1) > div:nth-of-type(2) > div:nth-of-type(1) > div:nth-of-type(4)",
        "message": "Text extends outside the composition canvas.",
        "rect": {
          "left": 1315.31,
          "top": 358.45,
          "right": 1362.86,
          "bottom": 388.82,
          "width": 47.55,
          "height": 30.37
        },
        "containerSelector": "#root",
        "text": "bun",
        "fixHint": "Move the text inward, reduce its size, or mark intentional off-canvas animation with data-layout-allow-overflow.",
        "containerRect": {
          "left": 0,
          "top": 0,
          "right": 1280,
          "bottom": 720,
          "width": 1280,
          "height": 720
        },
        "overflow": {
          "right": 82.86
        },
        "dataAttributes": {},
        "sourceFile": "compositions/snapcn-terminal-simulator.html",
        "bbox": {
          "x": 1315.31,
          "y": 358.45,
          "width": 47.55,
          "height": 30.37
        },
        "firstSeen": 1.852,
        "lastSeen": 1.852,
        "occurrences": 1
      },
      {
        "code": "panel_out_of_canvas",
        "severity": "info",
        "time": 1.852,
        "selector": "#snapcn-terminal-simulator-source-root > div:nth-of-type(1) > div:nth-of-type(4) > div:nth-of-type(1) > div:nth-of-type(2)",
        "message": "Painted panel extends outside the composition canvas.",
        "rect": {
          "left": 966.67,
          "top": 339.31,
          "right": 1970.14,
          "bottom": 563.77,
          "width": 1003.47,
          "height": 224.46
        },
        "containerSelector": "#root",
        "text": "npm pnpm yarn bun",
        "fixHint": "Move the panel inward, or mark intentional off-canvas animation with data-layout-allow-overflow.",
        "containerRect": {
          "left": 0,
          "top": 0,
          "right": 1280,
          "bottom": 720,
          "width": 1280,
          "height": 720
        },
        "overflow": {
          "right": 690.14
        },
        "dataAttributes": {},
        "sourceFile": "compositions/snapcn-terminal-simulator.html",
        "bbox": {
          "x": 966.67,
          "y": 339.31,
          "width": 1003.47,
          "height": 224.46
        },
        "firstSeen": 1.852,
        "lastSeen": 1.852,
        "occurrences": 1
      },
      {
        "code": "canvas_overflow",
        "severity": "info",
        "time": 2.593,
        "selector": "#snapcn-terminal-simulator-source-root > div:nth-of-type(1) > div:nth-of-type(4) > div:nth-of-type(1) > div:nth-of-type(1) > span:nth-of-type(1)",
        "message": "Text extends outside the composition canvas.",
        "rect": {
          "left": -2219.23,
          "top": 55.44,
          "right": -2010.4,
          "bottom": 157.45,
          "width": 208.83,
          "height": 102.01
        },
        "containerSelector": "#root",
        "text": "work",
        "fixHint": "Move the text inward, reduce its size, or mark intentional off-canvas animation with data-layout-allow-overflow.",
        "containerRect": {
          "left": 0,
          "top": 0,
          "right": 1280,
          "bottom": 720,
          "width": 1280,
          "height": 720
        },
        "overflow": {
          "left": 2219.23
        },
        "dataAttributes": {},
        "sourceFile": "compositions/snapcn-terminal-simulator.html",
        "bbox": {
          "x": -2219.23,
          "y": 55.44,
          "width": 208.83,
          "height": 102.01
        },
        "firstSeen": 2.593,
        "lastSeen": 2.593,
        "occurrences": 1
      },
      {
        "code": "canvas_overflow",
        "severity": "info",
        "time": 2.593,
        "selector": "#snapcn-terminal-simulator-source-root > div:nth-of-type(1) > div:nth-of-type(4) > div:nth-of-type(1) > div:nth-of-type(1) > span:nth-of-type(2)",
        "message": "Text extends outside the composition canvas.",
        "rect": {
          "left": -2010.4,
          "top": 55.44,
          "right": -1417.03,
          "bottom": 157.45,
          "width": 593.37,
          "height": 102.01
        },
        "containerSelector": "#root",
        "text": "one step at a",
        "fixHint": "Move the text inward, reduce its size, or mark intentional off-canvas animation with data-layout-allow-overflow.",
        "containerRect": {
          "left": 0,
          "top": 0,
          "right": 1280,
          "bottom": 720,
          "width": 1280,
          "height": 720
        },
        "overflow": {
          "left": 2010.4
        },
        "dataAttributes": {},
        "sourceFile": "compositions/snapcn-terminal-simulator.html",
        "bbox": {
          "x": -2010.4,
          "y": 55.44,
          "width": 593.37,
          "height": 102.01
        },
        "firstSeen": 2.593,
        "lastSeen": 2.593,
        "occurrences": 1
      },
      {
        "code": "canvas_overflow",
        "severity": "info",
        "time": 2.593,
        "selector": "#snapcn-terminal-simulator-source-root > div:nth-of-type(1) > div:nth-of-type(4) > div:nth-of-type(1) > div:nth-of-type(1) > span:nth-of-type(3)",
        "message": "Text extends outside the composition canvas.",
        "rect": {
          "left": -1417.03,
          "top": 55.44,
          "right": -1209.1,
          "bottom": 157.45,
          "width": 207.93,
          "height": 102.01
        },
        "containerSelector": "#root",
        "text": "time.",
        "fixHint": "Move the text inward, reduce its size, or mark intentional off-canvas animation with data-layout-allow-overflow.",
        "containerRect": {
          "left": 0,
          "top": 0,
          "right": 1280,
          "bottom": 720,
          "width": 1280,
          "height": 720
        },
        "overflow": {
          "left": 1417.03
        },
        "dataAttributes": {},
        "sourceFile": "compositions/snapcn-terminal-simulator.html",
        "bbox": {
          "x": -1417.03,
          "y": 55.44,
          "width": 207.93,
          "height": 102.01
        },
        "firstSeen": 2.593,
        "lastSeen": 2.593,
        "occurrences": 1
      },
      {
        "code": "canvas_overflow",
        "severity": "info",
        "time": 3.333,
        "selector": "#snapcn-terminal-simulator-source-root > div:nth-of-type(1) > div:nth-of-type(4) > div:nth-of-type(1) > div:nth-of-type(1) > span:nth-of-type(1)",
        "message": "Text extends outside the composition canvas.",
        "rect": {
          "left": -2699.27,
          "top": -34.33,
          "right": -2455.37,
          "bottom": 84.81,
          "width": 243.9,
          "height": 119.14
        },
        "containerSelector": "#root",
        "text": "work",
        "fixHint": "Move the text inward, reduce its size, or mark intentional off-canvas animation with data-layout-allow-overflow.",
        "containerRect": {
          "left": 0,
          "top": 0,
          "right": 1280,
          "bottom": 720,
          "width": 1280,
          "height": 720
        },
        "overflow": {
          "left": 2699.27,
          "top": 34.33
        },
        "dataAttributes": {},
        "sourceFile": "compositions/snapcn-terminal-simulator.html",
        "bbox": {
          "x": -2699.27,
          "y": -34.33,
          "width": 243.9,
          "height": 119.14
        },
        "firstSeen": 3.333,
        "lastSeen": 3.333,
        "occurrences": 1
      },
      {
        "code": "canvas_overflow",
        "severity": "info",
        "time": 3.333,
        "selector": "#snapcn-terminal-simulator-source-root > div:nth-of-type(1) > div:nth-of-type(4) > div:nth-of-type(1) > div:nth-of-type(1) > span:nth-of-type(2)",
        "message": "Text extends outside the composition canvas.",
        "rect": {
          "left": -2455.37,
          "top": -34.33,
          "right": -1762.38,
          "bottom": 84.81,
          "width": 692.99,
          "height": 119.14
        },
        "containerSelector": "#root",
        "text": "one step at a",
        "fixHint": "Move the text inward, reduce its size, or mark intentional off-canvas animation with data-layout-allow-overflow.",
        "containerRect": {
          "left": 0,
          "top": 0,
          "right": 1280,
          "bottom": 720,
          "width": 1280,
          "height": 720
        },
        "overflow": {
          "left": 2455.37,
          "top": 34.33
        },
        "dataAttributes": {},
        "sourceFile": "compositions/snapcn-terminal-simulator.html",
        "bbox": {
          "x": -2455.37,
          "y": -34.33,
          "width": 692.99,
          "height": 119.14
        },
        "firstSeen": 3.333,
        "lastSeen": 3.333,
        "occurrences": 1
      },
      {
        "code": "canvas_overflow",
        "severity": "info",
        "time": 3.333,
        "selector": "#snapcn-terminal-simulator-source-root > div:nth-of-type(1) > div:nth-of-type(4) > div:nth-of-type(1) > div:nth-of-type(1) > span:nth-of-type(3)",
        "message": "Text extends outside the composition canvas.",
        "rect": {
          "left": -1762.38,
          "top": -34.33,
          "right": -1519.54,
          "bottom": 84.81,
          "width": 242.84,
          "height": 119.14
        },
        "containerSelector": "#root",
        "text": "time.",
        "fixHint": "Move the text inward, reduce its size, or mark intentional off-canvas animation with data-layout-allow-overflow.",
        "containerRect": {
          "left": 0,
          "top": 0,
          "right": 1280,
          "bottom": 720,
          "width": 1280,
          "height": 720
        },
        "overflow": {
          "left": 1762.38,
          "top": 34.33
        },
        "dataAttributes": {},
        "sourceFile": "compositions/snapcn-terminal-simulator.html",
        "bbox": {
          "x": -1762.38,
          "y": -34.33,
          "width": 242.84,
          "height": 119.14
        },
        "firstSeen": 3.333,
        "lastSeen": 3.333,
        "occurrences": 1
      },
      {
        "code": "canvas_overflow",
        "severity": "info",
        "time": 3.333,
        "selector": "#snapcn-terminal-simulator-source-root > div:nth-of-type(1) > div:nth-of-type(4) > div:nth-of-type(1) > div:nth-of-type(2) > div:nth-of-type(2) > span:nth-of-type(1)",
        "message": "Text extends outside the composition canvas.",
        "rect": {
          "left": -12.53,
          "top": 333.63,
          "right": 98.2,
          "bottom": 401.45,
          "width": 110.72,
          "height": 67.82
        },
        "containerSelector": "#root",
        "text": "npm",
        "fixHint": "Move the text inward, reduce its size, or mark intentional off-canvas animation with data-layout-allow-overflow.",
        "containerRect": {
          "left": 0,
          "top": 0,
          "right": 1280,
          "bottom": 720,
          "width": 1280,
          "height": 720
        },
        "overflow": {
          "left": 12.53
        },
        "dataAttributes": {},
        "sourceFile": "compositions/snapcn-terminal-simulator.html",
        "bbox": {
          "x": -12.53,
          "y": 333.63,
          "width": 110.72,
          "height": 67.82
        },
        "firstSeen": 3.333,
        "lastSeen": 3.333,
        "occurrences": 1
      },
      {
        "code": "panel_out_of_canvas",
        "severity": "info",
        "time": 3.333,
        "selector": "#snapcn-terminal-simulator-source-root > div:nth-of-type(1) > div:nth-of-type(4) > div:nth-of-type(1) > div:nth-of-type(2)",
        "message": "Painted panel extends outside the composition canvas.",
        "rect": {
          "left": -56.52,
          "top": 162.71,
          "right": 1336.52,
          "bottom": 474.31,
          "width": 1393.03,
          "height": 311.6
        },
        "containerSelector": "#root",
        "text": "npm pnpm yarn bun npm install One Tool",
        "fixHint": "Move the panel inward, or mark intentional off-canvas animation with data-layout-allow-overflow.",
        "containerRect": {
          "left": 0,
          "top": 0,
          "right": 1280,
          "bottom": 720,
          "width": 1280,
          "height": 720
        },
        "overflow": {
          "left": 56.52,
          "right": 56.52
        },
        "dataAttributes": {},
        "sourceFile": "compositions/snapcn-terminal-simulator.html",
        "bbox": {
          "x": -56.52,
          "y": 162.71,
          "width": 1393.03,
          "height": 311.6
        },
        "firstSeen": 3.333,
        "lastSeen": 3.333,
        "occurrences": 1
      },
      {
        "code": "canvas_overflow",
        "severity": "info",
        "time": 4.074,
        "selector": "#snapcn-terminal-simulator-source-root > div:nth-of-type(1) > div:nth-of-type(1) > div:nth-of-type(1) > div:nth-of-type(1) > span:nth-of-type(1)",
        "message": "Text extends outside the composition canvas.",
        "rect": {
          "left": -2391.22,
          "top": -255.87,
          "right": -2169.83,
          "bottom": -147.72,
          "width": 221.4,
          "height": 108.15
        },
        "containerSelector": "#root",
        "text": "work",
        "fixHint": "Move the text inward, reduce its size, or mark intentional off-canvas animation with data-layout-allow-overflow.",
        "containerRect": {
          "left": 0,
          "top": 0,
          "right": 1280,
          "bottom": 720,
          "width": 1280,
          "height": 720
        },
        "overflow": {
          "left": 2391.22,
          "top": 255.87
        },
        "dataAttributes": {
          "data-layout-allow-overlap": ""
        },
        "sourceFile": "compositions/snapcn-terminal-simulator.html",
        "bbox": {
          "x": -2391.22,
          "y": -255.87,
          "width": 221.4,
          "height": 108.15
        },
        "firstSeen": 4.074,
        "lastSeen": 4.074,
        "occurrences": 1
      },
      {
        "code": "canvas_overflow",
        "severity": "info",
        "time": 4.074,
        "selector": "#snapcn-terminal-simulator-source-root > div:nth-of-type(1) > div:nth-of-type(1) > div:nth-of-type(1) > div:nth-of-type(1) > span:nth-of-type(2)",
        "message": "Text extends outside the composition canvas.",
        "rect": {
          "left": -2169.83,
          "top": -255.87,
          "right": -1540.76,
          "bottom": -147.72,
          "width": 629.07,
          "height": 108.15
        },
        "containerSelector": "#root",
        "text": "one step at a",
        "fixHint": "Move the text inward, reduce its size, or mark intentional off-canvas animation with data-layout-allow-overflow.",
        "containerRect": {
          "left": 0,
          "top": 0,
          "right": 1280,
          "bottom": 720,
          "width": 1280,
          "height": 720
        },
        "overflow": {
          "left": 2169.83,
          "top": 255.87
        },
        "dataAttributes": {
          "data-layout-allow-overlap": ""
        },
        "sourceFile": "compositions/snapcn-terminal-simulator.html",
        "bbox": {
          "x": -2169.83,
          "y": -255.87,
          "width": 629.07,
          "height": 108.15
        },
        "firstSeen": 4.074,
        "lastSeen": 4.074,
        "occurrences": 1
      },
      {
        "code": "canvas_overflow",
        "severity": "info",
        "time": 4.074,
        "selector": "#snapcn-terminal-simulator-source-root > div:nth-of-type(1) > div:nth-of-type(1) > div:nth-of-type(1) > div:nth-of-type(1) > span:nth-of-type(3)",
        "message": "Text extends outside the composition canvas.",
        "rect": {
          "left": -1540.76,
          "top": -255.87,
          "right": -1320.33,
          "bottom": -147.72,
          "width": 220.43,
          "height": 108.15
        },
        "containerSelector": "#root",
        "text": "time.",
        "fixHint": "Move the text inward, reduce its size, or mark intentional off-canvas animation with data-layout-allow-overflow.",
        "containerRect": {
          "left": 0,
          "top": 0,
          "right": 1280,
          "bottom": 720,
          "width": 1280,
          "height": 720
        },
        "overflow": {
          "left": 1540.76,
          "top": 255.87
        },
        "dataAttributes": {
          "data-layout-allow-overlap": ""
        },
        "sourceFile": "compositions/snapcn-terminal-simulator.html",
        "bbox": {
          "x": -1540.76,
          "y": -255.87,
          "width": 220.43,
          "height": 108.15
        },
        "firstSeen": 4.074,
        "lastSeen": 4.074,
        "occurrences": 1
      },
      {
        "code": "canvas_overflow",
        "severity": "info",
        "time": 4.074,
        "selector": "#snapcn-terminal-simulator-source-root > div:nth-of-type(1) > div:nth-of-type(1) > div:nth-of-type(1) > div:nth-of-type(2) > div:nth-of-type(1) > div:nth-of-type(1)",
        "message": "Text extends outside the composition canvas.",
        "rect": {
          "left": 57.65,
          "top": -52.88,
          "right": 117.58,
          "bottom": -14.61,
          "width": 59.92,
          "height": 38.27
        },
        "containerSelector": "#root",
        "text": "npm",
        "fixHint": "Move the text inward, reduce its size, or mark intentional off-canvas animation with data-layout-allow-overflow.",
        "containerRect": {
          "left": 0,
          "top": 0,
          "right": 1280,
          "bottom": 720,
          "width": 1280,
          "height": 720
        },
        "overflow": {
          "top": 52.88
        },
        "dataAttributes": {
          "data-layout-allow-overlap": ""
        },
        "sourceFile": "compositions/snapcn-terminal-simulator.html",
        "bbox": {
          "x": 57.65,
          "y": -52.88,
          "width": 59.92,
          "height": 38.27
        },
        "firstSeen": 4.074,
        "lastSeen": 4.074,
        "occurrences": 1
      },
      {
        "code": "canvas_overflow",
        "severity": "info",
        "time": 4.074,
        "selector": "#snapcn-terminal-simulator-source-root > div:nth-of-type(1) > div:nth-of-type(1) > div:nth-of-type(1) > div:nth-of-type(2) > div:nth-of-type(1) > div:nth-of-type(2)",
        "message": "Text extends outside the composition canvas.",
        "rect": {
          "left": 174.15,
          "top": -52.88,
          "right": 254.04,
          "bottom": -14.61,
          "width": 79.89,
          "height": 38.27
        },
        "containerSelector": "#root",
        "text": "pnpm",
        "fixHint": "Move the text inward, reduce its size, or mark intentional off-canvas animation with data-layout-allow-overflow.",
        "containerRect": {
          "left": 0,
          "top": 0,
          "right": 1280,
          "bottom": 720,
          "width": 1280,
          "height": 720
        },
        "overflow": {
          "top": 52.88
        },
        "dataAttributes": {
          "data-layout-allow-overlap": ""
        },
        "sourceFile": "compositions/snapcn-terminal-simulator.html",
        "bbox": {
          "x": 174.15,
          "y": -52.88,
          "width": 79.89,
          "height": 38.27
        },
        "firstSeen": 4.074,
        "lastSeen": 4.074,
        "occurrences": 1
      },
      {
        "code": "canvas_overflow",
        "severity": "info",
        "time": 4.074,
        "selector": "#snapcn-terminal-simulator-source-root > div:nth-of-type(1) > div:nth-of-type(1) > div:nth-of-type(1) > div:nth-of-type(2) > div:nth-of-type(1) > div:nth-of-type(3)",
        "message": "Text extends outside the composition canvas.",
        "rect": {
          "left": 310.61,
          "top": -52.88,
          "right": 390.5,
          "bottom": -14.61,
          "width": 79.89,
          "height": 38.27
        },
        "containerSelector": "#root",
        "text": "yarn",
        "fixHint": "Move the text inward, reduce its size, or mark intentional off-canvas animation with data-layout-allow-overflow.",
        "containerRect": {
          "left": 0,
          "top": 0,
          "right": 1280,
          "bottom": 720,
          "width": 1280,
          "height": 720
        },
        "overflow": {
          "top": 52.88
        },
        "dataAttributes": {
          "data-layout-allow-overlap": ""
        },
        "sourceFile": "compositions/snapcn-terminal-simulator.html",
        "bbox": {
          "x": 310.61,
          "y": -52.88,
          "width": 79.89,
          "height": 38.27
        },
        "firstSeen": 4.074,
        "lastSeen": 4.074,
        "occurrences": 1
      },
      {
        "code": "canvas_overflow",
        "severity": "info",
        "time": 4.074,
        "selector": "#snapcn-terminal-simulator-source-root > div:nth-of-type(1) > div:nth-of-type(1) > div:nth-of-type(1) > div:nth-of-type(2) > div:nth-of-type(1) > div:nth-of-type(4)",
        "message": "Text extends outside the composition canvas.",
        "rect": {
          "left": 447.07,
          "top": -52.88,
          "right": 507,
          "bottom": -14.61,
          "width": 59.92,
          "height": 38.27
        },
        "containerSelector": "#root",
        "text": "bun",
        "fixHint": "Move the text inward, reduce its size, or mark intentional off-canvas animation with data-layout-allow-overflow.",
        "containerRect": {
          "left": 0,
          "top": 0,
          "right": 1280,
          "bottom": 720,
          "width": 1280,
          "height": 720
        },
        "overflow": {
          "top": 52.88
        },
        "dataAttributes": {
          "data-layout-allow-overlap": ""
        },
        "sourceFile": "compositions/snapcn-terminal-simulator.html",
        "bbox": {
          "x": 447.07,
          "y": -52.88,
          "width": 59.92,
          "height": 38.27
        },
        "firstSeen": 4.074,
        "lastSeen": 4.074,
        "occurrences": 1
      },
      {
        "code": "text_occluded",
        "severity": "info",
        "time": 4.074,
        "selector": "#snapcn-terminal-simulator-source-root > div:nth-of-type(1) > div:nth-of-type(1) > div:nth-of-type(1) > div:nth-of-type(2) > div:nth-of-type(2) > span:nth-of-type(1)",
        "message": "Text is hidden beneath an opaque element.",
        "rect": {
          "left": 47.67,
          "top": 78.15,
          "right": 148.18,
          "bottom": 139.71,
          "width": 100.51,
          "height": 61.56
        },
        "containerSelector": "#snapcn-terminal-simulator-source-root > div:nth-of-type(1) > div:nth-of-type(4) > div:nth-of-type(1) > div:nth-of-type(2)",
        "text": "npm",
        "fixHint": "Give the text its own zone, raise its stacking order above the covering element, or mark intentional layering with data-layout-allow-occlusion.",
        "coveredFraction": 0.3,
        "dataAttributes": {
          "data-layout-allow-overlap": ""
        },
        "sourceFile": "compositions/snapcn-terminal-simulator.html",
        "bbox": {
          "x": 47.67,
          "y": 78.15,
          "width": 100.51,
          "height": 61.56
        },
        "firstSeen": 4.074,
        "lastSeen": 4.074,
        "occurrences": 1
      },
      {
        "code": "text_occluded",
        "severity": "info",
        "time": 4.074,
        "selector": "#snapcn-terminal-simulator-source-root > div:nth-of-type(1) > div:nth-of-type(1) > div:nth-of-type(1) > div:nth-of-type(2) > div:nth-of-type(2) > span:nth-of-type(3)",
        "message": "Text is hidden beneath an opaque element.",
        "rect": {
          "left": 181.69,
          "top": 78.15,
          "right": 416.19,
          "bottom": 139.71,
          "width": 234.5,
          "height": 61.56
        },
        "containerSelector": "#snapcn-terminal-simulator-source-root > div:nth-of-type(1) > div:nth-of-type(4) > div:nth-of-type(1) > div:nth-of-type(2)",
        "text": "install",
        "fixHint": "Give the text its own zone, raise its stacking order above the covering element, or mark intentional layering with data-layout-allow-occlusion.",
        "coveredFraction": 0.33,
        "dataAttributes": {
          "data-layout-allow-overlap": ""
        },
        "sourceFile": "compositions/snapcn-terminal-simulator.html",
        "bbox": {
          "x": 181.69,
          "y": 78.15,
          "width": 234.5,
          "height": 61.56
        },
        "firstSeen": 4.074,
        "lastSeen": 4.074,
        "occurrences": 1
      },
      {
        "code": "text_occluded",
        "severity": "info",
        "time": 4.074,
        "selector": "#snapcn-terminal-simulator-source-root > div:nth-of-type(1) > div:nth-of-type(1) > div:nth-of-type(1) > div:nth-of-type(2) > div:nth-of-type(2) > span:nth-of-type(5)",
        "message": "Text is hidden beneath an opaque element.",
        "rect": {
          "left": 449.7,
          "top": 78.15,
          "right": 550.2,
          "bottom": 139.71,
          "width": 100.51,
          "height": 61.56
        },
        "containerSelector": "#snapcn-terminal-simulator-source-root > div:nth-of-type(1) > div:nth-of-type(4) > div:nth-of-type(1) > div:nth-of-type(2)",
        "text": "One",
        "fixHint": "Give the text its own zone, raise its stacking order above the covering element, or mark intentional layering with data-layout-allow-occlusion.",
        "coveredFraction": 0.33,
        "dataAttributes": {
          "data-layout-allow-overlap": ""
        },
        "sourceFile": "compositions/snapcn-terminal-simulator.html",
        "bbox": {
          "x": 449.7,
          "y": 78.15,
          "width": 100.51,
          "height": 61.56
        },
        "firstSeen": 4.074,
        "lastSeen": 4.074,
        "occurrences": 1
      },
      {
        "code": "text_occluded",
        "severity": "info",
        "time": 4.074,
        "selector": "#snapcn-terminal-simulator-source-root > div:nth-of-type(1) > div:nth-of-type(1) > div:nth-of-type(1) > div:nth-of-type(2) > div:nth-of-type(2) > span:nth-of-type(7)",
        "message": "Text is hidden beneath an opaque element.",
        "rect": {
          "left": 583.72,
          "top": 78.15,
          "right": 717.73,
          "bottom": 139.71,
          "width": 134.02,
          "height": 61.56
        },
        "containerSelector": "#snapcn-terminal-simulator-source-root > div:nth-of-type(1) > div:nth-of-type(4) > div:nth-of-type(1) > div:nth-of-type(2)",
        "text": "Tool",
        "fixHint": "Give the text its own zone, raise its stacking order above the covering element, or mark intentional layering with data-layout-allow-occlusion.",
        "coveredFraction": 0.33,
        "dataAttributes": {
          "data-layout-allow-overlap": ""
        },
        "sourceFile": "compositions/snapcn-terminal-simulator.html",
        "bbox": {
          "x": 583.72,
          "y": 78.15,
          "width": 134.02,
          "height": 61.56
        },
        "firstSeen": 4.074,
        "lastSeen": 4.074,
        "occurrences": 1
      },
      {
        "code": "canvas_overflow",
        "severity": "info",
        "time": 4.074,
        "selector": "#snapcn-terminal-simulator-source-root > div:nth-of-type(1) > div:nth-of-type(2) > div:nth-of-type(1) > div:nth-of-type(1) > span:nth-of-type(1)",
        "message": "Text extends outside the composition canvas.",
        "rect": {
          "left": -2571.99,
          "top": -181.74,
          "right": -2337.39,
          "bottom": -67.14,
          "width": 234.6,
          "height": 114.6
        },
        "containerSelector": "#root",
        "text": "work",
        "fixHint": "Move the text inward, reduce its size, or mark intentional off-canvas animation with data-layout-allow-overflow.",
        "containerRect": {
          "left": 0,
          "top": 0,
          "right": 1280,
          "bottom": 720,
          "width": 1280,
          "height": 720
        },
        "overflow": {
          "left": 2571.99,
          "top": 181.74
        },
        "dataAttributes": {
          "data-layout-allow-overlap": ""
        },
        "sourceFile": "compositions/snapcn-terminal-simulator.html",
        "bbox": {
          "x": -2571.99,
          "y": -181.74,
          "width": 234.6,
          "height": 114.6
        },
        "firstSeen": 4.074,
        "lastSeen": 4.074,
        "occurrences": 1
      },
      {
        "code": "canvas_overflow",
        "severity": "info",
        "time": 4.074,
        "selector": "#snapcn-terminal-simulator-source-root > div:nth-of-type(1) > div:nth-of-type(2) > div:nth-of-type(1) > div:nth-of-type(1) > span:nth-of-type(2)",
        "message": "Text extends outside the composition canvas.",
        "rect": {
          "left": -2337.39,
          "top": -181.74,
          "right": -1670.81,
          "bottom": -67.14,
          "width": 666.58,
          "height": 114.6
        },
        "containerSelector": "#root",
        "text": "one step at a",
        "fixHint": "Move the text inward, reduce its size, or mark intentional off-canvas animation with data-layout-allow-overflow.",
        "containerRect": {
          "left": 0,
          "top": 0,
          "right": 1280,
          "bottom": 720,
          "width": 1280,
          "height": 720
        },
        "overflow": {
          "left": 2337.39,
          "top": 181.74
        },
        "dataAttributes": {
          "data-layout-allow-overlap": ""
        },
        "sourceFile": "compositions/snapcn-terminal-simulator.html",
        "bbox": {
          "x": -2337.39,
          "y": -181.74,
          "width": 666.58,
          "height": 114.6
        },
        "firstSeen": 4.074,
        "lastSeen": 4.074,
        "occurrences": 1
      },
      {
        "code": "canvas_overflow",
        "severity": "info",
        "time": 4.074,
        "selector": "#snapcn-terminal-simulator-source-root > div:nth-of-type(1) > div:nth-of-type(2) > div:nth-of-type(1) > div:nth-of-type(1) > span:nth-of-type(3)",
        "message": "Text extends outside the composition canvas.",
        "rect": {
          "left": -1670.81,
          "top": -181.74,
          "right": -1437.23,
          "bottom": -67.14,
          "width": 233.58,
          "height": 114.6
        },
        "containerSelector": "#root",
        "text": "time.",
        "fixHint": "Move the text inward, reduce its size, or mark intentional off-canvas animation with data-layout-allow-overflow.",
        "containerRect": {
          "left": 0,
          "top": 0,
          "right": 1280,
          "bottom": 720,
          "width": 1280,
          "height": 720
        },
        "overflow": {
          "left": 1670.81,
          "top": 181.74
        },
        "dataAttributes": {
          "data-layout-allow-overlap": ""
        },
        "sourceFile": "compositions/snapcn-terminal-simulator.html",
        "bbox": {
          "x": -1670.81,
          "y": -181.74,
          "width": 233.58,
          "height": 114.6
        },
        "firstSeen": 4.074,
        "lastSeen": 4.074,
        "occurrences": 1
      },
      {
        "code": "text_occluded",
        "severity": "info",
        "time": 4.074,
        "selector": "#snapcn-terminal-simulator-source-root > div:nth-of-type(1) > div:nth-of-type(2) > div:nth-of-type(1) > div:nth-of-type(2) > div:nth-of-type(1) > div:nth-of-type(1)",
        "message": "Text is hidden beneath an opaque element.",
        "rect": {
          "left": 22.92,
          "top": 33.36,
          "right": 86.42,
          "bottom": 73.91,
          "width": 63.5,
          "height": 40.55
        },
        "containerSelector": "#snapcn-terminal-simulator-source-root > div:nth-of-type(1) > div:nth-of-type(4) > div:nth-of-type(1) > div:nth-of-type(2)",
        "text": "npm",
        "fixHint": "Give the text its own zone, raise its stacking order above the covering element, or mark intentional layering with data-layout-allow-occlusion.",
        "coveredFraction": 0.56,
        "dataAttributes": {
          "data-layout-allow-overlap": ""
        },
        "sourceFile": "compositions/snapcn-terminal-simulator.html",
        "bbox": {
          "x": 22.92,
          "y": 33.36,
          "width": 63.5,
          "height": 40.55
        },
        "firstSeen": 4.074,
        "lastSeen": 4.074,
        "occurrences": 1
      },
      {
        "code": "text_occluded",
        "severity": "info",
        "time": 4.074,
        "selector": "#snapcn-terminal-simulator-source-root > div:nth-of-type(1) > div:nth-of-type(2) > div:nth-of-type(1) > div:nth-of-type(2) > div:nth-of-type(1) > div:nth-of-type(2)",
        "message": "Text is hidden beneath an opaque element.",
        "rect": {
          "left": 146.37,
          "top": 33.36,
          "right": 231.02,
          "bottom": 73.91,
          "width": 84.66,
          "height": 40.55
        },
        "containerSelector": "#snapcn-terminal-simulator-source-root > div:nth-of-type(1) > div:nth-of-type(4) > div:nth-of-type(1) > div:nth-of-type(2)",
        "text": "pnpm",
        "fixHint": "Give the text its own zone, raise its stacking order above the covering element, or mark intentional layering with data-layout-allow-occlusion.",
        "coveredFraction": 1,
        "dataAttributes": {
          "data-layout-allow-overlap": ""
        },
        "sourceFile": "compositions/snapcn-terminal-simulator.html",
        "bbox": {
          "x": 146.37,
          "y": 33.36,
          "width": 84.66,
          "height": 40.55
        },
        "firstSeen": 4.074,
        "lastSeen": 4.074,
        "occurrences": 1
      },
      {
        "code": "text_occluded",
        "severity": "info",
        "time": 4.074,
        "selector": "#snapcn-terminal-simulator-source-root > div:nth-of-type(1) > div:nth-of-type(2) > div:nth-of-type(1) > div:nth-of-type(2) > div:nth-of-type(1) > div:nth-of-type(3)",
        "message": "Text is hidden beneath an opaque element.",
        "rect": {
          "left": 290.97,
          "top": 33.36,
          "right": 375.62,
          "bottom": 73.91,
          "width": 84.66,
          "height": 40.55
        },
        "containerSelector": "#snapcn-terminal-simulator-source-root > div:nth-of-type(1) > div:nth-of-type(4) > div:nth-of-type(1) > div:nth-of-type(2)",
        "text": "yarn",
        "fixHint": "Give the text its own zone, raise its stacking order above the covering element, or mark intentional layering with data-layout-allow-occlusion.",
        "coveredFraction": 1,
        "dataAttributes": {
          "data-layout-allow-overlap": ""
        },
        "sourceFile": "compositions/snapcn-terminal-simulator.html",
        "bbox": {
          "x": 290.97,
          "y": 33.36,
          "width": 84.66,
          "height": 40.55
        },
        "firstSeen": 4.074,
        "lastSeen": 4.074,
        "occurrences": 1
      },
      {
        "code": "text_occluded",
        "severity": "info",
        "time": 4.074,
        "selector": "#snapcn-terminal-simulator-source-root > div:nth-of-type(1) > div:nth-of-type(2) > div:nth-of-type(1) > div:nth-of-type(2) > div:nth-of-type(1) > div:nth-of-type(4)",
        "message": "Text is hidden beneath an opaque element.",
        "rect": {
          "left": 435.57,
          "top": 33.36,
          "right": 499.06,
          "bottom": 73.91,
          "width": 63.5,
          "height": 40.55
        },
        "containerSelector": "#snapcn-terminal-simulator-source-root > div:nth-of-type(1) > div:nth-of-type(4) > div:nth-of-type(1) > div:nth-of-type(2)",
        "text": "bun",
        "fixHint": "Give the text its own zone, raise its stacking order above the covering element, or mark intentional layering with data-layout-allow-occlusion.",
        "coveredFraction": 1,
        "dataAttributes": {
          "data-layout-allow-overlap": ""
        },
        "sourceFile": "compositions/snapcn-terminal-simulator.html",
        "bbox": {
          "x": 435.57,
          "y": 33.36,
          "width": 63.5,
          "height": 40.55
        },
        "firstSeen": 4.074,
        "lastSeen": 4.074,
        "occurrences": 1
      },
      {
        "code": "canvas_overflow",
        "severity": "info",
        "time": 4.074,
        "selector": "#snapcn-terminal-simulator-source-root > div:nth-of-type(1) > div:nth-of-type(3) > div:nth-of-type(1) > div:nth-of-type(1) > span:nth-of-type(1)",
        "message": "Text extends outside the composition canvas.",
        "rect": {
          "left": -2708.99,
          "top": -117.25,
          "right": -2464.38,
          "bottom": 2.24,
          "width": 244.6,
          "height": 119.49
        },
        "containerSelector": "#root",
        "text": "work",
        "fixHint": "Move the text inward, reduce its size, or mark intentional off-canvas animation with data-layout-allow-overflow.",
        "containerRect": {
          "left": 0,
          "top": 0,
          "right": 1280,
          "bottom": 720,
          "width": 1280,
          "height": 720
        },
        "overflow": {
          "left": 2708.99,
          "top": 117.25
        },
        "dataAttributes": {
          "data-layout-allow-overlap": ""
        },
        "sourceFile": "compositions/snapcn-terminal-simulator.html",
        "bbox": {
          "x": -2708.99,
          "y": -117.25,
          "width": 244.6,
          "height": 119.49
        },
        "firstSeen": 4.074,
        "lastSeen": 4.074,
        "occurrences": 1
      },
      {
        "code": "canvas_overflow",
        "severity": "info",
        "time": 4.074,
        "selector": "#snapcn-terminal-simulator-source-root > div:nth-of-type(1) > div:nth-of-type(3) > div:nth-of-type(1) > div:nth-of-type(1) > span:nth-of-type(2)",
        "message": "Text extends outside the composition canvas.",
        "rect": {
          "left": -2464.38,
          "top": -117.25,
          "right": -1769.37,
          "bottom": 2.24,
          "width": 695.01,
          "height": 119.49
        },
        "containerSelector": "#root",
        "text": "one step at a",
        "fixHint": "Move the text inward, reduce its size, or mark intentional off-canvas animation with data-layout-allow-overflow.",
        "containerRect": {
          "left": 0,
          "top": 0,
          "right": 1280,
          "bottom": 720,
          "width": 1280,
          "height": 720
        },
        "overflow": {
          "left": 2464.38,
          "top": 117.25
        },
        "dataAttributes": {
          "data-layout-allow-overlap": ""
        },
        "sourceFile": "compositions/snapcn-terminal-simulator.html",
        "bbox": {
          "x": -2464.38,
          "y": -117.25,
          "width": 695.01,
          "height": 119.49
        },
        "firstSeen": 4.074,
        "lastSeen": 4.074,
        "occurrences": 1
      },
      {
        "code": "canvas_overflow",
        "severity": "info",
        "time": 4.074,
        "selector": "#snapcn-terminal-simulator-source-root > div:nth-of-type(1) > div:nth-of-type(3) > div:nth-of-type(1) > div:nth-of-type(1) > span:nth-of-type(3)",
        "message": "Text extends outside the composition canvas.",
        "rect": {
          "left": -1769.37,
          "top": -117.25,
          "right": -1525.83,
          "bottom": 2.24,
          "width": 243.54,
          "height": 119.49
        },
        "containerSelector": "#root",
        "text": "time.",
        "fixHint": "Move the text inward, reduce its size, or mark intentional off-canvas animation with data-layout-allow-overflow.",
        "containerRect": {
          "left": 0,
          "top": 0,
          "right": 1280,
          "bottom": 720,
          "width": 1280,
          "height": 720
        },
        "overflow": {
          "left": 1769.37,
          "top": 117.25
        },
        "dataAttributes": {
          "data-layout-allow-overlap": ""
        },
        "sourceFile": "compositions/snapcn-terminal-simulator.html",
        "bbox": {
          "x": -1769.37,
          "y": -117.25,
          "width": 243.54,
          "height": 119.49
        },
        "firstSeen": 4.074,
        "lastSeen": 4.074,
        "occurrences": 1
      },
      {
        "code": "canvas_overflow",
        "severity": "info",
        "time": 4.074,
        "selector": "#snapcn-terminal-simulator-source-root > div:nth-of-type(1) > div:nth-of-type(3) > div:nth-of-type(1) > div:nth-of-type(2) > div:nth-of-type(1) > div:nth-of-type(1)",
        "message": "Text extends outside the composition canvas.",
        "rect": {
          "left": -3.4,
          "top": 107.02,
          "right": 62.81,
          "bottom": 149.3,
          "width": 66.21,
          "height": 42.28
        },
        "containerSelector": "#root",
        "text": "npm",
        "fixHint": "Move the text inward, reduce its size, or mark intentional off-canvas animation with data-layout-allow-overflow.",
        "containerRect": {
          "left": 0,
          "top": 0,
          "right": 1280,
          "bottom": 720,
          "width": 1280,
          "height": 720
        },
        "overflow": {
          "left": 3.4
        },
        "dataAttributes": {
          "data-layout-allow-overlap": ""
        },
        "sourceFile": "compositions/snapcn-terminal-simulator.html",
        "bbox": {
          "x": -3.4,
          "y": 107.02,
          "width": 66.21,
          "height": 42.28
        },
        "firstSeen": 4.074,
        "lastSeen": 4.074,
        "occurrences": 1
      },
      {
        "code": "canvas_overflow",
        "severity": "info",
        "time": 4.074,
        "selector": "#snapcn-terminal-simulator-source-root > div:nth-of-type(1) > div:nth-of-type(3) > div:nth-of-type(1) > div:nth-of-type(2) > div:nth-of-type(2) > span:nth-of-type(1)",
        "message": "Text extends outside the composition canvas.",
        "rect": {
          "left": -14.42,
          "top": 251.79,
          "right": 96.62,
          "bottom": 319.8,
          "width": 111.04,
          "height": 68.02
        },
        "containerSelector": "#root",
        "text": "npm",
        "fixHint": "Move the text inward, reduce its size, or mark intentional off-canvas animation with data-layout-allow-overflow.",
        "containerRect": {
          "left": 0,
          "top": 0,
          "right": 1280,
          "bottom": 720,
          "width": 1280,
          "height": 720
        },
        "overflow": {
          "left": 14.42
        },
        "dataAttributes": {
          "data-layout-allow-overlap": ""
        },
        "sourceFile": "compositions/snapcn-terminal-simulator.html",
        "bbox": {
          "x": -14.42,
          "y": 251.79,
          "width": 111.04,
          "height": 68.02
        },
        "firstSeen": 4.074,
        "lastSeen": 4.074,
        "occurrences": 1
      },
      {
        "code": "canvas_overflow",
        "severity": "info",
        "time": 4.074,
        "selector": "#snapcn-terminal-simulator-source-root > div:nth-of-type(1) > div:nth-of-type(4) > div:nth-of-type(1) > div:nth-of-type(1) > span:nth-of-type(1)",
        "message": "Text extends outside the composition canvas.",
        "rect": {
          "left": -2180.96,
          "top": -326.39,
          "right": -1974.93,
          "bottom": -225.74,
          "width": 206.04,
          "height": 100.65
        },
        "containerSelector": "#root",
        "text": "work",
        "fixHint": "Move the text inward, reduce its size, or mark intentional off-canvas animation with data-layout-allow-overflow.",
        "containerRect": {
          "left": 0,
          "top": 0,
          "right": 1280,
          "bottom": 720,
          "width": 1280,
          "height": 720
        },
        "overflow": {
          "left": 2180.96,
          "top": 326.39
        },
        "dataAttributes": {},
        "sourceFile": "compositions/snapcn-terminal-simulator.html",
        "bbox": {
          "x": -2180.96,
          "y": -326.39,
          "width": 206.04,
          "height": 100.65
        },
        "firstSeen": 4.074,
        "lastSeen": 4.074,
        "occurrences": 1
      },
      {
        "code": "canvas_overflow",
        "severity": "info",
        "time": 4.074,
        "selector": "#snapcn-terminal-simulator-source-root > div:nth-of-type(1) > div:nth-of-type(4) > div:nth-of-type(1) > div:nth-of-type(1) > span:nth-of-type(2)",
        "message": "Text extends outside the composition canvas.",
        "rect": {
          "left": -1974.93,
          "top": -326.39,
          "right": -1389.49,
          "bottom": -225.74,
          "width": 585.43,
          "height": 100.65
        },
        "containerSelector": "#root",
        "text": "one step at a",
        "fixHint": "Move the text inward, reduce its size, or mark intentional off-canvas animation with data-layout-allow-overflow.",
        "containerRect": {
          "left": 0,
          "top": 0,
          "right": 1280,
          "bottom": 720,
          "width": 1280,
          "height": 720
        },
        "overflow": {
          "left": 1974.93,
          "top": 326.39
        },
        "dataAttributes": {},
        "sourceFile": "compositions/snapcn-terminal-simulator.html",
        "bbox": {
          "x": -1974.93,
          "y": -326.39,
          "width": 585.43,
          "height": 100.65
        },
        "firstSeen": 4.074,
        "lastSeen": 4.074,
        "occurrences": 1
      },
      {
        "code": "canvas_overflow",
        "severity": "info",
        "time": 4.074,
        "selector": "#snapcn-terminal-simulator-source-root > div:nth-of-type(1) > div:nth-of-type(4) > div:nth-of-type(1) > div:nth-of-type(1) > span:nth-of-type(3)",
        "message": "Text extends outside the composition canvas.",
        "rect": {
          "left": -1389.49,
          "top": -326.39,
          "right": -1184.35,
          "bottom": -225.74,
          "width": 205.14,
          "height": 100.65
        },
        "containerSelector": "#root",
        "text": "time.",
        "fixHint": "Move the text inward, reduce its size, or mark intentional off-canvas animation with data-layout-allow-overflow.",
        "containerRect": {
          "left": 0,
          "top": 0,
          "right": 1280,
          "bottom": 720,
          "width": 1280,
          "height": 720
        },
        "overflow": {
          "left": 1389.49,
          "top": 326.39
        },
        "dataAttributes": {},
        "sourceFile": "compositions/snapcn-terminal-simulator.html",
        "bbox": {
          "x": -1389.49,
          "y": -326.39,
          "width": 205.14,
          "height": 100.65
        },
        "firstSeen": 4.074,
        "lastSeen": 4.074,
        "occurrences": 1
      },
      {
        "code": "canvas_overflow",
        "severity": "info",
        "time": 4.074,
        "selector": "#snapcn-terminal-simulator-source-root > div:nth-of-type(1) > div:nth-of-type(4) > div:nth-of-type(1) > div:nth-of-type(2) > div:nth-of-type(1) > div:nth-of-type(1)",
        "message": "Text extends outside the composition canvas.",
        "rect": {
          "left": 98.05,
          "top": -137.48,
          "right": 153.81,
          "bottom": -101.87,
          "width": 55.77,
          "height": 35.61
        },
        "containerSelector": "#root",
        "text": "npm",
        "fixHint": "Move the text inward, reduce its size, or mark intentional off-canvas animation with data-layout-allow-overflow.",
        "containerRect": {
          "left": 0,
          "top": 0,
          "right": 1280,
          "bottom": 720,
          "width": 1280,
          "height": 720
        },
        "overflow": {
          "top": 137.48
        },
        "dataAttributes": {},
        "sourceFile": "compositions/snapcn-terminal-simulator.html",
        "bbox": {
          "x": 98.05,
          "y": -137.48,
          "width": 55.77,
          "height": 35.61
        },
        "firstSeen": 4.074,
        "lastSeen": 4.074,
        "occurrences": 1
      },
      {
        "code": "canvas_overflow",
        "severity": "info",
        "time": 4.074,
        "selector": "#snapcn-terminal-simulator-source-root > div:nth-of-type(1) > div:nth-of-type(4) > div:nth-of-type(1) > div:nth-of-type(2) > div:nth-of-type(1) > div:nth-of-type(2)",
        "message": "Text extends outside the composition canvas.",
        "rect": {
          "left": 206.46,
          "top": -137.48,
          "right": 280.81,
          "bottom": -101.87,
          "width": 74.35,
          "height": 35.61
        },
        "containerSelector": "#root",
        "text": "pnpm",
        "fixHint": "Move the text inward, reduce its size, or mark intentional off-canvas animation with data-layout-allow-overflow.",
        "containerRect": {
          "left": 0,
          "top": 0,
          "right": 1280,
          "bottom": 720,
          "width": 1280,
          "height": 720
        },
        "overflow": {
          "top": 137.48
        },
        "dataAttributes": {},
        "sourceFile": "compositions/snapcn-terminal-simulator.html",
        "bbox": {
          "x": 206.46,
          "y": -137.48,
          "width": 74.35,
          "height": 35.61
        },
        "firstSeen": 4.074,
        "lastSeen": 4.074,
        "occurrences": 1
      },
      {
        "code": "canvas_overflow",
        "severity": "info",
        "time": 4.074,
        "selector": "#snapcn-terminal-simulator-source-root > div:nth-of-type(1) > div:nth-of-type(4) > div:nth-of-type(1) > div:nth-of-type(2) > div:nth-of-type(1) > div:nth-of-type(3)",
        "message": "Text extends outside the composition canvas.",
        "rect": {
          "left": 333.46,
          "top": -137.48,
          "right": 407.81,
          "bottom": -101.87,
          "width": 74.35,
          "height": 35.61
        },
        "containerSelector": "#root",
        "text": "yarn",
        "fixHint": "Move the text inward, reduce its size, or mark intentional off-canvas animation with data-layout-allow-overflow.",
        "containerRect": {
          "left": 0,
          "top": 0,
          "right": 1280,
          "bottom": 720,
          "width": 1280,
          "height": 720
        },
        "overflow": {
          "top": 137.48
        },
        "dataAttributes": {},
        "sourceFile": "compositions/snapcn-terminal-simulator.html",
        "bbox": {
          "x": 333.46,
          "y": -137.48,
          "width": 74.35,
          "height": 35.61
        },
        "firstSeen": 4.074,
        "lastSeen": 4.074,
        "occurrences": 1
      },
      {
        "code": "canvas_overflow",
        "severity": "info",
        "time": 4.074,
        "selector": "#snapcn-terminal-simulator-source-root > div:nth-of-type(1) > div:nth-of-type(4) > div:nth-of-type(1) > div:nth-of-type(2) > div:nth-of-type(1) > div:nth-of-type(4)",
        "message": "Text extends outside the composition canvas.",
        "rect": {
          "left": 460.45,
          "top": -137.48,
          "right": 516.22,
          "bottom": -101.87,
          "width": 55.77,
          "height": 35.61
        },
        "containerSelector": "#root",
        "text": "bun",
        "fixHint": "Move the text inward, reduce its size, or mark intentional off-canvas animation with data-layout-allow-overflow.",
        "containerRect": {
          "left": 0,
          "top": 0,
          "right": 1280,
          "bottom": 720,
          "width": 1280,
          "height": 720
        },
        "overflow": {
          "top": 137.48
        },
        "dataAttributes": {},
        "sourceFile": "compositions/snapcn-terminal-simulator.html",
        "bbox": {
          "x": 460.45,
          "y": -137.48,
          "width": 55.77,
          "height": 35.61
        },
        "firstSeen": 4.074,
        "lastSeen": 4.074,
        "occurrences": 1
      },
      {
        "code": "canvas_overflow",
        "severity": "info",
        "time": 4.074,
        "selector": "#snapcn-terminal-simulator-source-root > div:nth-of-type(1) > div:nth-of-type(4) > div:nth-of-type(1) > div:nth-of-type(2) > div:nth-of-type(2) > span:nth-of-type(1)",
        "message": "Text extends outside the composition canvas.",
        "rect": {
          "left": 88.76,
          "top": -15.54,
          "right": 182.29,
          "bottom": 41.75,
          "width": 93.54,
          "height": 57.29
        },
        "containerSelector": "#root",
        "text": "npm",
        "fixHint": "Move the text inward, reduce its size, or mark intentional off-canvas animation with data-layout-allow-overflow.",
        "containerRect": {
          "left": 0,
          "top": 0,
          "right": 1280,
          "bottom": 720,
          "width": 1280,
          "height": 720
        },
        "overflow": {
          "top": 15.54
        },
        "dataAttributes": {},
        "sourceFile": "compositions/snapcn-terminal-simulator.html",
        "bbox": {
          "x": 88.76,
          "y": -15.54,
          "width": 93.54,
          "height": 57.29
        },
        "firstSeen": 4.074,
        "lastSeen": 4.074,
        "occurrences": 1
      },
      {
        "code": "canvas_overflow",
        "severity": "info",
        "time": 4.074,
        "selector": "#snapcn-terminal-simulator-source-root > div:nth-of-type(1) > div:nth-of-type(4) > div:nth-of-type(1) > div:nth-of-type(2) > div:nth-of-type(2) > span:nth-of-type(3)",
        "message": "Text extends outside the composition canvas.",
        "rect": {
          "left": 213.48,
          "top": -15.54,
          "right": 431.71,
          "bottom": 41.75,
          "width": 218.23,
          "height": 57.29
        },
        "containerSelector": "#root",
        "text": "install",
        "fixHint": "Move the text inward, reduce its size, or mark intentional off-canvas animation with data-layout-allow-overflow.",
        "containerRect": {
          "left": 0,
          "top": 0,
          "right": 1280,
          "bottom": 720,
          "width": 1280,
          "height": 720
        },
        "overflow": {
          "top": 15.54
        },
        "dataAttributes": {},
        "sourceFile": "compositions/snapcn-terminal-simulator.html",
        "bbox": {
          "x": 213.48,
          "y": -15.54,
          "width": 218.23,
          "height": 57.29
        },
        "firstSeen": 4.074,
        "lastSeen": 4.074,
        "occurrences": 1
      },
      {
        "code": "canvas_overflow",
        "severity": "info",
        "time": 4.074,
        "selector": "#snapcn-terminal-simulator-source-root > div:nth-of-type(1) > div:nth-of-type(4) > div:nth-of-type(1) > div:nth-of-type(2) > div:nth-of-type(2) > span:nth-of-type(5)",
        "message": "Text extends outside the composition canvas.",
        "rect": {
          "left": 462.9,
          "top": -15.54,
          "right": 556.43,
          "bottom": 41.75,
          "width": 93.54,
          "height": 57.29
        },
        "containerSelector": "#root",
        "text": "One",
        "fixHint": "Move the text inward, reduce its size, or mark intentional off-canvas animation with data-layout-allow-overflow.",
        "containerRect": {
          "left": 0,
          "top": 0,
          "right": 1280,
          "bottom": 720,
          "width": 1280,
          "height": 720
        },
        "overflow": {
          "top": 15.54
        },
        "dataAttributes": {},
        "sourceFile": "compositions/snapcn-terminal-simulator.html",
        "bbox": {
          "x": 462.9,
          "y": -15.54,
          "width": 93.54,
          "height": 57.29
        },
        "firstSeen": 4.074,
        "lastSeen": 4.074,
        "occurrences": 1
      },
      {
        "code": "canvas_overflow",
        "severity": "info",
        "time": 4.074,
        "selector": "#snapcn-terminal-simulator-source-root > div:nth-of-type(1) > div:nth-of-type(4) > div:nth-of-type(1) > div:nth-of-type(2) > div:nth-of-type(2) > span:nth-of-type(7)",
        "message": "Text extends outside the composition canvas.",
        "rect": {
          "left": 587.62,
          "top": -15.54,
          "right": 712.34,
          "bottom": 41.75,
          "width": 124.72,
          "height": 57.29
        },
        "containerSelector": "#root",
        "text": "Tool",
        "fixHint": "Move the text inward, reduce its size, or mark intentional off-canvas animation with data-layout-allow-overflow.",
        "containerRect": {
          "left": 0,
          "top": 0,
          "right": 1280,
          "bottom": 720,
          "width": 1280,
          "height": 720
        },
        "overflow": {
          "top": 15.54
        },
        "dataAttributes": {},
        "sourceFile": "compositions/snapcn-terminal-simulator.html",
        "bbox": {
          "x": 587.62,
          "y": -15.54,
          "width": 124.72,
          "height": 57.29
        },
        "firstSeen": 4.074,
        "lastSeen": 4.074,
        "occurrences": 1
      },
      {
        "code": "panel_out_of_canvas",
        "severity": "info",
        "time": 4.074,
        "selector": "#snapcn-terminal-simulator-source-root > div:nth-of-type(1) > div:nth-of-type(1) > div:nth-of-type(1) > div:nth-of-type(2)",
        "message": "Painted panel extends outside the composition canvas.",
        "rect": {
          "left": 7.74,
          "top": -77,
          "right": 1272.26,
          "bottom": 205.85,
          "width": 1264.53,
          "height": 282.85
        },
        "containerSelector": "#root",
        "text": "npm pnpm yarn bun npm install One Tool",
        "fixHint": "Move the panel inward, or mark intentional off-canvas animation with data-layout-allow-overflow.",
        "containerRect": {
          "left": 0,
          "top": 0,
          "right": 1280,
          "bottom": 720,
          "width": 1280,
          "height": 720
        },
        "overflow": {
          "top": 77
        },
        "dataAttributes": {
          "data-layout-allow-overlap": ""
        },
        "sourceFile": "compositions/snapcn-terminal-simulator.html",
        "bbox": {
          "x": 7.74,
          "y": -77,
          "width": 1264.53,
          "height": 282.85
        },
        "firstSeen": 4.074,
        "lastSeen": 4.074,
        "occurrences": 1
      },
      {
        "code": "panel_out_of_canvas",
        "severity": "info",
        "time": 4.074,
        "selector": "#snapcn-terminal-simulator-source-root > div:nth-of-type(1) > div:nth-of-type(4) > div:nth-of-type(1) > div:nth-of-type(2)",
        "message": "Painted panel extends outside the composition canvas.",
        "rect": {
          "left": 51.59,
          "top": -159.93,
          "right": 1228.41,
          "bottom": 103.3,
          "width": 1176.81,
          "height": 263.23
        },
        "containerSelector": "#root",
        "text": "npm pnpm yarn bun npm install One Tool",
        "fixHint": "Move the panel inward, or mark intentional off-canvas animation with data-layout-allow-overflow.",
        "containerRect": {
          "left": 0,
          "top": 0,
          "right": 1280,
          "bottom": 720,
          "width": 1280,
          "height": 720
        },
        "overflow": {
          "top": 159.93
        },
        "dataAttributes": {},
        "sourceFile": "compositions/snapcn-terminal-simulator.html",
        "bbox": {
          "x": 51.59,
          "y": -159.93,
          "width": 1176.81,
          "height": 263.23
        },
        "firstSeen": 4.074,
        "lastSeen": 4.074,
        "occurrences": 1
      },
      {
        "code": "canvas_overflow",
        "severity": "info",
        "time": 4.815,
        "selector": "#snapcn-terminal-simulator-source-root > div:nth-of-type(1) > div:nth-of-type(1) > div:nth-of-type(1) > div:nth-of-type(1) > span:nth-of-type(1)",
        "message": "Text extends outside the composition canvas.",
        "rect": {
          "left": -1121.8,
          "top": -450.71,
          "right": -993.12,
          "bottom": -387.85,
          "width": 128.68,
          "height": 62.86
        },
        "containerSelector": "#root",
        "text": "work",
        "fixHint": "Move the text inward, reduce its size, or mark intentional off-canvas animation with data-layout-allow-overflow.",
        "containerRect": {
          "left": 0,
          "top": 0,
          "right": 1280,
          "bottom": 720,
          "width": 1280,
          "height": 720
        },
        "overflow": {
          "left": 1121.8,
          "top": 450.71
        },
        "dataAttributes": {
          "data-layout-allow-overlap": ""
        },
        "sourceFile": "compositions/snapcn-terminal-simulator.html",
        "bbox": {
          "x": -1121.8,
          "y": -450.71,
          "width": 128.68,
          "height": 62.86
        },
        "firstSeen": 4.815,
        "lastSeen": 4.815,
        "occurrences": 1
      },
      {
        "code": "canvas_overflow",
        "severity": "info",
        "time": 4.815,
        "selector": "#snapcn-terminal-simulator-source-root > div:nth-of-type(1) > div:nth-of-type(1) > div:nth-of-type(1) > div:nth-of-type(1) > span:nth-of-type(2)",
        "message": "Text extends outside the composition canvas.",
        "rect": {
          "left": -993.12,
          "top": -450.71,
          "right": -627.5,
          "bottom": -387.85,
          "width": 365.62,
          "height": 62.86
        },
        "containerSelector": "#root",
        "text": "one step at a",
        "fixHint": "Move the text inward, reduce its size, or mark intentional off-canvas animation with data-layout-allow-overflow.",
        "containerRect": {
          "left": 0,
          "top": 0,
          "right": 1280,
          "bottom": 720,
          "width": 1280,
          "height": 720
        },
        "overflow": {
          "left": 993.12,
          "top": 450.71
        },
        "dataAttributes": {
          "data-layout-allow-overlap": ""
        },
        "sourceFile": "compositions/snapcn-terminal-simulator.html",
        "bbox": {
          "x": -993.12,
          "y": -450.71,
          "width": 365.62,
          "height": 62.86
        },
        "firstSeen": 4.815,
        "lastSeen": 4.815,
        "occurrences": 1
      },
      {
        "code": "canvas_overflow",
        "severity": "info",
        "time": 4.815,
        "selector": "#snapcn-terminal-simulator-source-root > div:nth-of-type(1) > div:nth-of-type(1) > div:nth-of-type(1) > div:nth-of-type(1) > span:nth-of-type(3)",
        "message": "Text extends outside the composition canvas.",
        "rect": {
          "left": -627.5,
          "top": -450.71,
          "right": -499.38,
          "bottom": -387.85,
          "width": 128.12,
          "height": 62.86
        },
        "containerSelector": "#root",
        "text": "time.",
        "fixHint": "Move the text inward, reduce its size, or mark intentional off-canvas animation with data-layout-allow-overflow.",
        "containerRect": {
          "left": 0,
          "top": 0,
          "right": 1280,
          "bottom": 720,
          "width": 1280,
          "height": 720
        },
        "overflow": {
          "left": 627.5,
          "top": 450.71
        },
        "dataAttributes": {
          "data-layout-allow-overlap": ""
        },
        "sourceFile": "compositions/snapcn-terminal-simulator.html",
        "bbox": {
          "x": -627.5,
          "y": -450.71,
          "width": 128.12,
          "height": 62.86
        },
        "firstSeen": 4.815,
        "lastSeen": 4.815,
        "occurrences": 1
      },
      {
        "code": "canvas_overflow",
        "severity": "info",
        "time": 4.815,
        "selector": "#snapcn-terminal-simulator-source-root > div:nth-of-type(1) > div:nth-of-type(1) > div:nth-of-type(1) > div:nth-of-type(2) > div:nth-of-type(1) > div:nth-of-type(1)",
        "message": "Text extends outside the composition canvas.",
        "rect": {
          "left": 301.53,
          "top": -332.72,
          "right": 336.36,
          "bottom": -310.48,
          "width": 34.83,
          "height": 22.24
        },
        "containerSelector": "#root",
        "text": "npm",
        "fixHint": "Move the text inward, reduce its size, or mark intentional off-canvas animation with data-layout-allow-overflow.",
        "containerRect": {
          "left": 0,
          "top": 0,
          "right": 1280,
          "bottom": 720,
          "width": 1280,
          "height": 720
        },
        "overflow": {
          "top": 332.72
        },
        "dataAttributes": {
          "data-layout-allow-overlap": ""
        },
        "sourceFile": "compositions/snapcn-terminal-simulator.html",
        "bbox": {
          "x": 301.53,
          "y": -332.72,
          "width": 34.83,
          "height": 22.24
        },
        "firstSeen": 4.815,
        "lastSeen": 4.815,
        "occurrences": 1
      },
      {
        "code": "canvas_overflow",
        "severity": "info",
        "time": 4.815,
        "selector": "#snapcn-terminal-simulator-source-root > div:nth-of-type(1) > div:nth-of-type(1) > div:nth-of-type(1) > div:nth-of-type(2) > div:nth-of-type(1) > div:nth-of-type(2)",
        "message": "Text extends outside the composition canvas.",
        "rect": {
          "left": 369.24,
          "top": -332.72,
          "right": 415.67,
          "bottom": -310.48,
          "width": 46.43,
          "height": 22.24
        },
        "containerSelector": "#root",
        "text": "pnpm",
        "fixHint": "Move the text inward, reduce its size, or mark intentional off-canvas animation with data-layout-allow-overflow.",
        "containerRect": {
          "left": 0,
          "top": 0,
          "right": 1280,
          "bottom": 720,
          "width": 1280,
          "height": 720
        },
        "overflow": {
          "top": 332.72
        },
        "dataAttributes": {
          "data-layout-allow-overlap": ""
        },
        "sourceFile": "compositions/snapcn-terminal-simulator.html",
        "bbox": {
          "x": 369.24,
          "y": -332.72,
          "width": 46.43,
          "height": 22.24
        },
        "firstSeen": 4.815,
        "lastSeen": 4.815,
        "occurrences": 1
      },
      {
        "code": "canvas_overflow",
        "severity": "info",
        "time": 4.815,
        "selector": "#snapcn-terminal-simulator-source-root > div:nth-of-type(1) > div:nth-of-type(1) > div:nth-of-type(1) > div:nth-of-type(2) > div:nth-of-type(1) > div:nth-of-type(3)",
        "message": "Text extends outside the composition canvas.",
        "rect": {
          "left": 448.55,
          "top": -332.72,
          "right": 494.99,
          "bottom": -310.48,
          "width": 46.43,
          "height": 22.24
        },
        "containerSelector": "#root",
        "text": "yarn",
        "fixHint": "Move the text inward, reduce its size, or mark intentional off-canvas animation with data-layout-allow-overflow.",
        "containerRect": {
          "left": 0,
          "top": 0,
          "right": 1280,
          "bottom": 720,
          "width": 1280,
          "height": 720
        },
        "overflow": {
          "top": 332.72
        },
        "dataAttributes": {
          "data-layout-allow-overlap": ""
        },
        "sourceFile": "compositions/snapcn-terminal-simulator.html",
        "bbox": {
          "x": 448.55,
          "y": -332.72,
          "width": 46.43,
          "height": 22.24
        },
        "firstSeen": 4.815,
        "lastSeen": 4.815,
        "occurrences": 1
      },
      {
        "code": "canvas_overflow",
        "severity": "info",
        "time": 4.815,
        "selector": "#snapcn-terminal-simulator-source-root > div:nth-of-type(1) > div:nth-of-type(1) > div:nth-of-type(1) > div:nth-of-type(2) > div:nth-of-type(1) > div:nth-of-type(4)",
        "message": "Text extends outside the composition canvas.",
        "rect": {
          "left": 527.87,
          "top": -332.72,
          "right": 562.7,
          "bottom": -310.48,
          "width": 34.83,
          "height": 22.24
        },
        "containerSelector": "#root",
        "text": "bun",
        "fixHint": "Move the text inward, reduce its size, or mark intentional off-canvas animation with data-layout-allow-overflow.",
        "containerRect": {
          "left": 0,
          "top": 0,
          "right": 1280,
          "bottom": 720,
          "width": 1280,
          "height": 720
        },
        "overflow": {
          "top": 332.72
        },
        "dataAttributes": {
          "data-layout-allow-overlap": ""
        },
        "sourceFile": "compositions/snapcn-terminal-simulator.html",
        "bbox": {
          "x": 527.87,
          "y": -332.72,
          "width": 34.83,
          "height": 22.24
        },
        "firstSeen": 4.815,
        "lastSeen": 4.815,
        "occurrences": 1
      },
      {
        "code": "canvas_overflow",
        "severity": "info",
        "time": 4.815,
        "selector": "#snapcn-terminal-simulator-source-root > div:nth-of-type(1) > div:nth-of-type(1) > div:nth-of-type(1) > div:nth-of-type(2) > div:nth-of-type(2) > span:nth-of-type(1)",
        "message": "Text extends outside the composition canvas.",
        "rect": {
          "left": 295.73,
          "top": -256.57,
          "right": 354.14,
          "bottom": -220.79,
          "width": 58.42,
          "height": 35.78
        },
        "containerSelector": "#root",
        "text": "npm",
        "fixHint": "Move the text inward, reduce its size, or mark intentional off-canvas animation with data-layout-allow-overflow.",
        "containerRect": {
          "left": 0,
          "top": 0,
          "right": 1280,
          "bottom": 720,
          "width": 1280,
          "height": 720
        },
        "overflow": {
          "top": 256.57
        },
        "dataAttributes": {
          "data-layout-allow-overlap": ""
        },
        "sourceFile": "compositions/snapcn-terminal-simulator.html",
        "bbox": {
          "x": 295.73,
          "y": -256.57,
          "width": 58.42,
          "height": 35.78
        },
        "firstSeen": 4.815,
        "lastSeen": 4.815,
        "occurrences": 1
      }
    ],
    "duration": 6.666666666666667,
    "samples": [
      0.37,
      1.111,
      1.852,
      2.593,
      3.333,
      4.074,
      4.815,
      5.556,
      6.296
    ],
    "transitionSamples": [],
    "transitionSamplesDropped": 0,
    "tolerance": 2,
    "totalIssueCount": 129,
    "truncated": true
  },
  "motion": {
    "ok": true,
    "errorCount": 0,
    "warningCount": 0,
    "infoCount": 0,
    "findings": [],
    "enabled": false,
    "samples": 0
  },
  "contrast": {
    "ok": true,
    "errorCount": 0,
    "warningCount": 0,
    "infoCount": 0,
    "findings": [],
    "enabled": true,
    "samples": [
      0.37,
      1.852,
      3.333,
      4.815,
      6.296
    ],
    "checked": 43,
    "passed": 43
  },
  "snapshots": {
    "enabled": false,
    "files": [],
    "times": [],
    "findingFiles": []
  },
  "_meta": {
    "version": "0.8.30",
    "latestVersion": "0.8.30",
    "updateAvailable": false
  }
}
