[hyperframes] browserGpuMode probe → hardware (WebGL renderer vendor="Google Inc. (NVIDIA Corporation)" renderer="ANGLE (NVIDIA Corporation, NVIDIA GeForce RTX 5060/PCIe/SSE2, OpenGL ES 3.2)")
{
  "ok": true,
  "strict": false,
  "lint": {
    "ok": true,
    "errorCount": 0,
    "warningCount": 0,
    "infoCount": 0,
    "findings": [],
    "filesScanned": 2
  },
  "runtime": {
    "ok": true,
    "errorCount": 0,
    "warningCount": 0,
    "infoCount": 0,
    "findings": []
  },
  "layout": {
    "ok": true,
    "errorCount": 0,
    "warningCount": 0,
    "infoCount": 80,
    "findings": [
      {
        "code": "canvas_overflow",
        "severity": "info",
        "time": 0.278,
        "selector": "#type-wall-source-root > div:nth-of-type(1) > div:nth-of-type(5) > div:nth-of-type(1) > span:nth-of-type(1)",
        "message": "Text extends outside the composition canvas.",
        "rect": {
          "left": -9.16,
          "top": 129,
          "right": 310.31,
          "bottom": 206,
          "width": 319.47,
          "height": 77
        },
        "containerSelector": "#root",
        "text": "MOTION ·",
        "fixHint": "Move the text inward, reduce its size, or mark intentional off-canvas animation with data-layout-allow-overflow.",
        "containerRect": {
          "left": 0,
          "top": 0,
          "right": 1280,
          "bottom": 720,
          "width": 1280,
          "height": 720
        },
        "overflow": {
          "left": 9.16
        },
        "dataAttributes": {},
        "sourceFile": "compositions/type-wall.html",
        "bbox": {
          "x": -9.16,
          "y": 129,
          "width": 319.47,
          "height": 77
        },
        "firstSeen": 0.278,
        "lastSeen": 0.278,
        "occurrences": 1
      },
      {
        "code": "canvas_overflow",
        "severity": "info",
        "time": 0.278,
        "selector": "#type-wall-source-root > div:nth-of-type(1) > div:nth-of-type(6) > div:nth-of-type(1) > span:nth-of-type(7)",
        "message": "Text extends outside the composition canvas.",
        "rect": {
          "left": 1122.92,
          "top": 190.91,
          "right": 1314.75,
          "bottom": 272.91,
          "width": 191.83,
          "height": 82
        },
        "containerSelector": "#root",
        "text": "MOTION ·",
        "fixHint": "Move the text inward, reduce its size, or mark intentional off-canvas animation with data-layout-allow-overflow.",
        "containerRect": {
          "left": 0,
          "top": 0,
          "right": 1280,
          "bottom": 720,
          "width": 1280,
          "height": 720
        },
        "overflow": {
          "right": 34.75
        },
        "dataAttributes": {},
        "sourceFile": "compositions/type-wall.html",
        "bbox": {
          "x": 1122.92,
          "y": 190.91,
          "width": 191.83,
          "height": 82
        },
        "firstSeen": 0.278,
        "lastSeen": 0.278,
        "occurrences": 1
      },
      {
        "code": "canvas_overflow",
        "severity": "info",
        "time": 0.278,
        "selector": "#type-wall-source-root > div:nth-of-type(1) > div:nth-of-type(7) > div:nth-of-type(1) > span:nth-of-type(1)",
        "message": "Text extends outside the composition canvas.",
        "rect": {
          "left": -56.48,
          "top": 257,
          "right": 262.99,
          "bottom": 334,
          "width": 319.47,
          "height": 77
        },
        "containerSelector": "#root",
        "text": "MOTION ·",
        "fixHint": "Move the text inward, reduce its size, or mark intentional off-canvas animation with data-layout-allow-overflow.",
        "containerRect": {
          "left": 0,
          "top": 0,
          "right": 1280,
          "bottom": 720,
          "width": 1280,
          "height": 720
        },
        "overflow": {
          "left": 56.48
        },
        "dataAttributes": {},
        "sourceFile": "compositions/type-wall.html",
        "bbox": {
          "x": -56.48,
          "y": 257,
          "width": 319.47,
          "height": 77
        },
        "firstSeen": 0.278,
        "lastSeen": 0.278,
        "occurrences": 1
      },
      {
        "code": "canvas_overflow",
        "severity": "info",
        "time": 0.278,
        "selector": "#type-wall-source-root > div:nth-of-type(1) > div:nth-of-type(8) > div:nth-of-type(2) > span:nth-of-type(5)",
        "message": "Text extends outside the composition canvas.",
        "rect": {
          "left": 1185.68,
          "top": 321,
          "right": 1505.15,
          "bottom": 398,
          "width": 319.47,
          "height": 77
        },
        "containerSelector": "#root",
        "text": "MOTION ·",
        "fixHint": "Move the text inward, reduce its size, or mark intentional off-canvas animation with data-layout-allow-overflow.",
        "containerRect": {
          "left": 0,
          "top": 0,
          "right": 1280,
          "bottom": 720,
          "width": 1280,
          "height": 720
        },
        "overflow": {
          "right": 225.15
        },
        "dataAttributes": {},
        "sourceFile": "compositions/type-wall.html",
        "bbox": {
          "x": 1185.68,
          "y": 321,
          "width": 319.47,
          "height": 77
        },
        "firstSeen": 0.278,
        "lastSeen": 0.278,
        "occurrences": 1
      },
      {
        "code": "canvas_overflow",
        "severity": "info",
        "time": 0.278,
        "selector": "#type-wall-source-root > div:nth-of-type(1) > div:nth-of-type(9) > div:nth-of-type(1) > span:nth-of-type(1)",
        "message": "Text extends outside the composition canvas.",
        "rect": {
          "left": -130.61,
          "top": 382.91,
          "right": 61.22,
          "bottom": 464.91,
          "width": 191.83,
          "height": 82
        },
        "containerSelector": "#root",
        "text": "MOTION ·",
        "fixHint": "Move the text inward, reduce its size, or mark intentional off-canvas animation with data-layout-allow-overflow.",
        "containerRect": {
          "left": 0,
          "top": 0,
          "right": 1280,
          "bottom": 720,
          "width": 1280,
          "height": 720
        },
        "overflow": {
          "left": 130.61
        },
        "dataAttributes": {},
        "sourceFile": "compositions/type-wall.html",
        "bbox": {
          "x": -130.61,
          "y": 382.91,
          "width": 191.83,
          "height": 82
        },
        "firstSeen": 0.278,
        "lastSeen": 0.278,
        "occurrences": 1
      },
      {
        "code": "canvas_overflow",
        "severity": "info",
        "time": 0.278,
        "selector": "#type-wall-source-root > div:nth-of-type(1) > div:nth-of-type(10) > div:nth-of-type(1) > span:nth-of-type(5)",
        "message": "Text extends outside the composition canvas.",
        "rect": {
          "left": 1244.49,
          "top": 449,
          "right": 1563.96,
          "bottom": 526,
          "width": 319.47,
          "height": 77
        },
        "containerSelector": "#root",
        "text": "MOTION ·",
        "fixHint": "Move the text inward, reduce its size, or mark intentional off-canvas animation with data-layout-allow-overflow.",
        "containerRect": {
          "left": 0,
          "top": 0,
          "right": 1280,
          "bottom": 720,
          "width": 1280,
          "height": 720
        },
        "overflow": {
          "right": 283.96
        },
        "dataAttributes": {},
        "sourceFile": "compositions/type-wall.html",
        "bbox": {
          "x": 1244.49,
          "y": 449,
          "width": 319.47,
          "height": 77
        },
        "firstSeen": 0.278,
        "lastSeen": 0.278,
        "occurrences": 1
      },
      {
        "code": "canvas_overflow",
        "severity": "info",
        "time": 0.278,
        "selector": "#type-wall-source-root > div:nth-of-type(1) > div:nth-of-type(11) > div:nth-of-type(1) > span:nth-of-type(1)",
        "message": "Text extends outside the composition canvas.",
        "rect": {
          "left": -43.25,
          "top": 513,
          "right": 276.22,
          "bottom": 590,
          "width": 319.47,
          "height": 77
        },
        "containerSelector": "#root",
        "text": "MOTION ·",
        "fixHint": "Move the text inward, reduce its size, or mark intentional off-canvas animation with data-layout-allow-overflow.",
        "containerRect": {
          "left": 0,
          "top": 0,
          "right": 1280,
          "bottom": 720,
          "width": 1280,
          "height": 720
        },
        "overflow": {
          "left": 43.25
        },
        "dataAttributes": {},
        "sourceFile": "compositions/type-wall.html",
        "bbox": {
          "x": -43.25,
          "y": 513,
          "width": 319.47,
          "height": 77
        },
        "firstSeen": 0.278,
        "lastSeen": 0.278,
        "occurrences": 1
      },
      {
        "code": "canvas_overflow",
        "severity": "info",
        "time": 0.833,
        "selector": "#type-wall-source-root > div:nth-of-type(1) > div:nth-of-type(3) > div:nth-of-type(1) > span:nth-of-type(1)",
        "message": "Text extends outside the composition canvas.",
        "rect": {
          "left": -137.71,
          "top": -1.09,
          "right": 54.11,
          "bottom": 80.91,
          "width": 191.83,
          "height": 82
        },
        "containerSelector": "#root",
        "text": "MOTION ·",
        "fixHint": "Move the text inward, reduce its size, or mark intentional off-canvas animation with data-layout-allow-overflow.",
        "containerRect": {
          "left": 0,
          "top": 0,
          "right": 1280,
          "bottom": 720,
          "width": 1280,
          "height": 720
        },
        "overflow": {
          "left": 137.71
        },
        "dataAttributes": {},
        "sourceFile": "compositions/type-wall.html",
        "bbox": {
          "x": -137.71,
          "y": -1.09,
          "width": 191.83,
          "height": 82
        },
        "firstSeen": 0.833,
        "lastSeen": 0.833,
        "occurrences": 1
      },
      {
        "code": "canvas_overflow",
        "severity": "info",
        "time": 0.833,
        "selector": "#type-wall-source-root > div:nth-of-type(1) > div:nth-of-type(3) > div:nth-of-type(1) > span:nth-of-type(8)",
        "message": "Text extends outside the composition canvas.",
        "rect": {
          "left": 1205.08,
          "top": -1.09,
          "right": 1396.91,
          "bottom": 80.91,
          "width": 191.83,
          "height": 82
        },
        "containerSelector": "#root",
        "text": "MOTION ·",
        "fixHint": "Move the text inward, reduce its size, or mark intentional off-canvas animation with data-layout-allow-overflow.",
        "containerRect": {
          "left": 0,
          "top": 0,
          "right": 1280,
          "bottom": 720,
          "width": 1280,
          "height": 720
        },
        "overflow": {
          "right": 116.91
        },
        "dataAttributes": {},
        "sourceFile": "compositions/type-wall.html",
        "bbox": {
          "x": 1205.08,
          "y": -1.09,
          "width": 191.83,
          "height": 82
        },
        "firstSeen": 0.833,
        "lastSeen": 0.833,
        "occurrences": 1
      },
      {
        "code": "canvas_overflow",
        "severity": "info",
        "time": 0.833,
        "selector": "#type-wall-source-root > div:nth-of-type(1) > div:nth-of-type(4) > div:nth-of-type(1) > span:nth-of-type(1)",
        "message": "Text extends outside the composition canvas.",
        "rect": {
          "left": -188.9,
          "top": 65,
          "right": 130.57,
          "bottom": 142,
          "width": 319.47,
          "height": 77
        },
        "containerSelector": "#root",
        "text": "MOTION ·",
        "fixHint": "Move the text inward, reduce its size, or mark intentional off-canvas animation with data-layout-allow-overflow.",
        "containerRect": {
          "left": 0,
          "top": 0,
          "right": 1280,
          "bottom": 720,
          "width": 1280,
          "height": 720
        },
        "overflow": {
          "left": 188.9
        },
        "dataAttributes": {},
        "sourceFile": "compositions/type-wall.html",
        "bbox": {
          "x": -188.9,
          "y": 65,
          "width": 319.47,
          "height": 77
        },
        "firstSeen": 0.833,
        "lastSeen": 0.833,
        "occurrences": 1
      },
      {
        "code": "canvas_overflow",
        "severity": "info",
        "time": 0.833,
        "selector": "#type-wall-source-root > div:nth-of-type(1) > div:nth-of-type(4) > div:nth-of-type(1) > span:nth-of-type(5)",
        "message": "Text extends outside the composition canvas.",
        "rect": {
          "left": 1088.97,
          "top": 65,
          "right": 1408.44,
          "bottom": 142,
          "width": 319.47,
          "height": 77
        },
        "containerSelector": "#root",
        "text": "MOTION ·",
        "fixHint": "Move the text inward, reduce its size, or mark intentional off-canvas animation with data-layout-allow-overflow.",
        "containerRect": {
          "left": 0,
          "top": 0,
          "right": 1280,
          "bottom": 720,
          "width": 1280,
          "height": 720
        },
        "overflow": {
          "right": 128.44
        },
        "dataAttributes": {},
        "sourceFile": "compositions/type-wall.html",
        "bbox": {
          "x": 1088.97,
          "y": 65,
          "width": 319.47,
          "height": 77
        },
        "firstSeen": 0.833,
        "lastSeen": 0.833,
        "occurrences": 1
      },
      {
        "code": "canvas_overflow",
        "severity": "info",
        "time": 0.833,
        "selector": "#type-wall-source-root > div:nth-of-type(1) > div:nth-of-type(5) > div:nth-of-type(1) > span:nth-of-type(1)",
        "message": "Text extends outside the composition canvas.",
        "rect": {
          "left": -35.05,
          "top": 129,
          "right": 284.42,
          "bottom": 206,
          "width": 319.47,
          "height": 77
        },
        "containerSelector": "#root",
        "text": "MOTION ·",
        "fixHint": "Move the text inward, reduce its size, or mark intentional off-canvas animation with data-layout-allow-overflow.",
        "containerRect": {
          "left": 0,
          "top": 0,
          "right": 1280,
          "bottom": 720,
          "width": 1280,
          "height": 720
        },
        "overflow": {
          "left": 35.05
        },
        "dataAttributes": {},
        "sourceFile": "compositions/type-wall.html",
        "bbox": {
          "x": -35.05,
          "y": 129,
          "width": 319.47,
          "height": 77
        },
        "firstSeen": 0.833,
        "lastSeen": 0.833,
        "occurrences": 1
      },
      {
        "code": "canvas_overflow",
        "severity": "info",
        "time": 0.833,
        "selector": "#type-wall-source-root > div:nth-of-type(1) > div:nth-of-type(5) > div:nth-of-type(1) > span:nth-of-type(5)",
        "message": "Text extends outside the composition canvas.",
        "rect": {
          "left": 1242.83,
          "top": 129,
          "right": 1562.3,
          "bottom": 206,
          "width": 319.47,
          "height": 77
        },
        "containerSelector": "#root",
        "text": "MOTION ·",
        "fixHint": "Move the text inward, reduce its size, or mark intentional off-canvas animation with data-layout-allow-overflow.",
        "containerRect": {
          "left": 0,
          "top": 0,
          "right": 1280,
          "bottom": 720,
          "width": 1280,
          "height": 720
        },
        "overflow": {
          "right": 282.3
        },
        "dataAttributes": {},
        "sourceFile": "compositions/type-wall.html",
        "bbox": {
          "x": 1242.83,
          "y": 129,
          "width": 319.47,
          "height": 77
        },
        "firstSeen": 0.833,
        "lastSeen": 0.833,
        "occurrences": 1
      },
      {
        "code": "canvas_overflow",
        "severity": "info",
        "time": 0.833,
        "selector": "#type-wall-source-root > div:nth-of-type(1) > div:nth-of-type(6) > div:nth-of-type(1) > span:nth-of-type(1)",
        "message": "Text extends outside the composition canvas.",
        "rect": {
          "left": -99.63,
          "top": 190.91,
          "right": 92.2,
          "bottom": 272.91,
          "width": 191.83,
          "height": 82
        },
        "containerSelector": "#root",
        "text": "MOTION ·",
        "fixHint": "Move the text inward, reduce its size, or mark intentional off-canvas animation with data-layout-allow-overflow.",
        "containerRect": {
          "left": 0,
          "top": 0,
          "right": 1280,
          "bottom": 720,
          "width": 1280,
          "height": 720
        },
        "overflow": {
          "left": 99.63
        },
        "dataAttributes": {},
        "sourceFile": "compositions/type-wall.html",
        "bbox": {
          "x": -99.63,
          "y": 190.91,
          "width": 191.83,
          "height": 82
        },
        "firstSeen": 0.833,
        "lastSeen": 0.833,
        "occurrences": 1
      },
      {
        "code": "canvas_overflow",
        "severity": "info",
        "time": 0.833,
        "selector": "#type-wall-source-root > div:nth-of-type(1) > div:nth-of-type(6) > div:nth-of-type(1) > span:nth-of-type(8)",
        "message": "Text extends outside the composition canvas.",
        "rect": {
          "left": 1243.17,
          "top": 190.91,
          "right": 1434.99,
          "bottom": 272.91,
          "width": 191.83,
          "height": 82
        },
        "containerSelector": "#root",
        "text": "MOTION ·",
        "fixHint": "Move the text inward, reduce its size, or mark intentional off-canvas animation with data-layout-allow-overflow.",
        "containerRect": {
          "left": 0,
          "top": 0,
          "right": 1280,
          "bottom": 720,
          "width": 1280,
          "height": 720
        },
        "overflow": {
          "right": 154.99
        },
        "dataAttributes": {},
        "sourceFile": "compositions/type-wall.html",
        "bbox": {
          "x": 1243.17,
          "y": 190.91,
          "width": 191.83,
          "height": 82
        },
        "firstSeen": 0.833,
        "lastSeen": 0.833,
        "occurrences": 1
      },
      {
        "code": "canvas_overflow",
        "severity": "info",
        "time": 0.833,
        "selector": "#type-wall-source-root > div:nth-of-type(1) > div:nth-of-type(7) > div:nth-of-type(1) > span:nth-of-type(1)",
        "message": "Text extends outside the composition canvas.",
        "rect": {
          "left": -67.3,
          "top": 257,
          "right": 252.17,
          "bottom": 334,
          "width": 319.47,
          "height": 77
        },
        "containerSelector": "#root",
        "text": "MOTION ·",
        "fixHint": "Move the text inward, reduce its size, or mark intentional off-canvas animation with data-layout-allow-overflow.",
        "containerRect": {
          "left": 0,
          "top": 0,
          "right": 1280,
          "bottom": 720,
          "width": 1280,
          "height": 720
        },
        "overflow": {
          "left": 67.3
        },
        "dataAttributes": {},
        "sourceFile": "compositions/type-wall.html",
        "bbox": {
          "x": -67.3,
          "y": 257,
          "width": 319.47,
          "height": 77
        },
        "firstSeen": 0.833,
        "lastSeen": 0.833,
        "occurrences": 1
      },
      {
        "code": "canvas_overflow",
        "severity": "info",
        "time": 0.833,
        "selector": "#type-wall-source-root > div:nth-of-type(1) > div:nth-of-type(7) > div:nth-of-type(1) > span:nth-of-type(5)",
        "message": "Text extends outside the composition canvas.",
        "rect": {
          "left": 1210.57,
          "top": 257,
          "right": 1530.04,
          "bottom": 334,
          "width": 319.47,
          "height": 77
        },
        "containerSelector": "#root",
        "text": "MOTION ·",
        "fixHint": "Move the text inward, reduce its size, or mark intentional off-canvas animation with data-layout-allow-overflow.",
        "containerRect": {
          "left": 0,
          "top": 0,
          "right": 1280,
          "bottom": 720,
          "width": 1280,
          "height": 720
        },
        "overflow": {
          "right": 250.04
        },
        "dataAttributes": {},
        "sourceFile": "compositions/type-wall.html",
        "bbox": {
          "x": 1210.57,
          "y": 257,
          "width": 319.47,
          "height": 77
        },
        "firstSeen": 0.833,
        "lastSeen": 0.833,
        "occurrences": 1
      },
      {
        "code": "canvas_overflow",
        "severity": "info",
        "time": 0.833,
        "selector": "#type-wall-source-root > div:nth-of-type(1) > div:nth-of-type(8) > div:nth-of-type(2) > span:nth-of-type(1)",
        "message": "Text extends outside the composition canvas.",
        "rect": {
          "left": -299.9,
          "top": 321,
          "right": 19.57,
          "bottom": 398,
          "width": 319.47,
          "height": 77
        },
        "containerSelector": "#root",
        "text": "MOTION ·",
        "fixHint": "Move the text inward, reduce its size, or mark intentional off-canvas animation with data-layout-allow-overflow.",
        "containerRect": {
          "left": 0,
          "top": 0,
          "right": 1280,
          "bottom": 720,
          "width": 1280,
          "height": 720
        },
        "overflow": {
          "left": 299.9
        },
        "dataAttributes": {},
        "sourceFile": "compositions/type-wall.html",
        "bbox": {
          "x": -299.9,
          "y": 321,
          "width": 319.47,
          "height": 77
        },
        "firstSeen": 0.833,
        "lastSeen": 0.833,
        "occurrences": 1
      },
      {
        "code": "canvas_overflow",
        "severity": "info",
        "time": 0.833,
        "selector": "#type-wall-source-root > div:nth-of-type(1) > div:nth-of-type(8) > div:nth-of-type(2) > span:nth-of-type(5)",
        "message": "Text extends outside the composition canvas.",
        "rect": {
          "left": 977.97,
          "top": 321,
          "right": 1297.44,
          "bottom": 398,
          "width": 319.47,
          "height": 77
        },
        "containerSelector": "#root",
        "text": "MOTION ·",
        "fixHint": "Move the text inward, reduce its size, or mark intentional off-canvas animation with data-layout-allow-overflow.",
        "containerRect": {
          "left": 0,
          "top": 0,
          "right": 1280,
          "bottom": 720,
          "width": 1280,
          "height": 720
        },
        "overflow": {
          "right": 17.44
        },
        "dataAttributes": {},
        "sourceFile": "compositions/type-wall.html",
        "bbox": {
          "x": 977.97,
          "y": 321,
          "width": 319.47,
          "height": 77
        },
        "firstSeen": 0.833,
        "lastSeen": 0.833,
        "occurrences": 1
      },
      {
        "code": "canvas_overflow",
        "severity": "info",
        "time": 0.833,
        "selector": "#type-wall-source-root > div:nth-of-type(1) > div:nth-of-type(9) > div:nth-of-type(1) > span:nth-of-type(1)",
        "message": "Text extends outside the composition canvas.",
        "rect": {
          "left": -138.2,
          "top": 382.91,
          "right": 53.63,
          "bottom": 464.91,
          "width": 191.83,
          "height": 82
        },
        "containerSelector": "#root",
        "text": "MOTION ·",
        "fixHint": "Move the text inward, reduce its size, or mark intentional off-canvas animation with data-layout-allow-overflow.",
        "containerRect": {
          "left": 0,
          "top": 0,
          "right": 1280,
          "bottom": 720,
          "width": 1280,
          "height": 720
        },
        "overflow": {
          "left": 138.2
        },
        "dataAttributes": {},
        "sourceFile": "compositions/type-wall.html",
        "bbox": {
          "x": -138.2,
          "y": 382.91,
          "width": 191.83,
          "height": 82
        },
        "firstSeen": 0.833,
        "lastSeen": 0.833,
        "occurrences": 1
      },
      {
        "code": "canvas_overflow",
        "severity": "info",
        "time": 0.833,
        "selector": "#type-wall-source-root > div:nth-of-type(1) > div:nth-of-type(9) > div:nth-of-type(1) > span:nth-of-type(8)",
        "message": "Text extends outside the composition canvas.",
        "rect": {
          "left": 1204.6,
          "top": 382.91,
          "right": 1396.43,
          "bottom": 464.91,
          "width": 191.83,
          "height": 82
        },
        "containerSelector": "#root",
        "text": "MOTION ·",
        "fixHint": "Move the text inward, reduce its size, or mark intentional off-canvas animation with data-layout-allow-overflow.",
        "containerRect": {
          "left": 0,
          "top": 0,
          "right": 1280,
          "bottom": 720,
          "width": 1280,
          "height": 720
        },
        "overflow": {
          "right": 116.43
        },
        "dataAttributes": {},
        "sourceFile": "compositions/type-wall.html",
        "bbox": {
          "x": 1204.6,
          "y": 382.91,
          "width": 191.83,
          "height": 82
        },
        "firstSeen": 0.833,
        "lastSeen": 0.833,
        "occurrences": 1
      },
      {
        "code": "canvas_overflow",
        "severity": "info",
        "time": 0.833,
        "selector": "#type-wall-source-root > div:nth-of-type(1) > div:nth-of-type(10) > div:nth-of-type(1) > span:nth-of-type(1)",
        "message": "Text extends outside the composition canvas.",
        "rect": {
          "left": -168.85,
          "top": 449,
          "right": 150.62,
          "bottom": 526,
          "width": 319.47,
          "height": 77
        },
        "containerSelector": "#root",
        "text": "MOTION ·",
        "fixHint": "Move the text inward, reduce its size, or mark intentional off-canvas animation with data-layout-allow-overflow.",
        "containerRect": {
          "left": 0,
          "top": 0,
          "right": 1280,
          "bottom": 720,
          "width": 1280,
          "height": 720
        },
        "overflow": {
          "left": 168.85
        },
        "dataAttributes": {},
        "sourceFile": "compositions/type-wall.html",
        "bbox": {
          "x": -168.85,
          "y": 449,
          "width": 319.47,
          "height": 77
        },
        "firstSeen": 0.833,
        "lastSeen": 0.833,
        "occurrences": 1
      },
      {
        "code": "canvas_overflow",
        "severity": "info",
        "time": 0.833,
        "selector": "#type-wall-source-root > div:nth-of-type(1) > div:nth-of-type(10) > div:nth-of-type(1) > span:nth-of-type(5)",
        "message": "Text extends outside the composition canvas.",
        "rect": {
          "left": 1109.02,
          "top": 449,
          "right": 1428.49,
          "bottom": 526,
          "width": 319.47,
          "height": 77
        },
        "containerSelector": "#root",
        "text": "MOTION ·",
        "fixHint": "Move the text inward, reduce its size, or mark intentional off-canvas animation with data-layout-allow-overflow.",
        "containerRect": {
          "left": 0,
          "top": 0,
          "right": 1280,
          "bottom": 720,
          "width": 1280,
          "height": 720
        },
        "overflow": {
          "right": 148.49
        },
        "dataAttributes": {},
        "sourceFile": "compositions/type-wall.html",
        "bbox": {
          "x": 1109.02,
          "y": 449,
          "width": 319.47,
          "height": 77
        },
        "firstSeen": 0.833,
        "lastSeen": 0.833,
        "occurrences": 1
      },
      {
        "code": "canvas_overflow",
        "severity": "info",
        "time": 0.833,
        "selector": "#type-wall-source-root > div:nth-of-type(1) > div:nth-of-type(11) > div:nth-of-type(1) > span:nth-of-type(1)",
        "message": "Text extends outside the composition canvas.",
        "rect": {
          "left": -60.71,
          "top": 513,
          "right": 258.76,
          "bottom": 590,
          "width": 319.47,
          "height": 77
        },
        "containerSelector": "#root",
        "text": "MOTION ·",
        "fixHint": "Move the text inward, reduce its size, or mark intentional off-canvas animation with data-layout-allow-overflow.",
        "containerRect": {
          "left": 0,
          "top": 0,
          "right": 1280,
          "bottom": 720,
          "width": 1280,
          "height": 720
        },
        "overflow": {
          "left": 60.71
        },
        "dataAttributes": {},
        "sourceFile": "compositions/type-wall.html",
        "bbox": {
          "x": -60.71,
          "y": 513,
          "width": 319.47,
          "height": 77
        },
        "firstSeen": 0.833,
        "lastSeen": 0.833,
        "occurrences": 1
      },
      {
        "code": "canvas_overflow",
        "severity": "info",
        "time": 0.833,
        "selector": "#type-wall-source-root > div:nth-of-type(1) > div:nth-of-type(11) > div:nth-of-type(1) > span:nth-of-type(5)",
        "message": "Text extends outside the composition canvas.",
        "rect": {
          "left": 1217.17,
          "top": 513,
          "right": 1536.64,
          "bottom": 590,
          "width": 319.47,
          "height": 77
        },
        "containerSelector": "#root",
        "text": "MOTION ·",
        "fixHint": "Move the text inward, reduce its size, or mark intentional off-canvas animation with data-layout-allow-overflow.",
        "containerRect": {
          "left": 0,
          "top": 0,
          "right": 1280,
          "bottom": 720,
          "width": 1280,
          "height": 720
        },
        "overflow": {
          "right": 256.64
        },
        "dataAttributes": {},
        "sourceFile": "compositions/type-wall.html",
        "bbox": {
          "x": 1217.17,
          "y": 513,
          "width": 319.47,
          "height": 77
        },
        "firstSeen": 0.833,
        "lastSeen": 0.833,
        "occurrences": 1
      },
      {
        "code": "canvas_overflow",
        "severity": "info",
        "time": 0.833,
        "selector": "#type-wall-source-root > div:nth-of-type(1) > div:nth-of-type(12) > div:nth-of-type(1) > span:nth-of-type(1)",
        "message": "Text extends outside the composition canvas.",
        "rect": {
          "left": -164.11,
          "top": 574.91,
          "right": 27.71,
          "bottom": 656.91,
          "width": 191.83,
          "height": 82
        },
        "containerSelector": "#root",
        "text": "MOTION ·",
        "fixHint": "Move the text inward, reduce its size, or mark intentional off-canvas animation with data-layout-allow-overflow.",
        "containerRect": {
          "left": 0,
          "top": 0,
          "right": 1280,
          "bottom": 720,
          "width": 1280,
          "height": 720
        },
        "overflow": {
          "left": 164.11
        },
        "dataAttributes": {},
        "sourceFile": "compositions/type-wall.html",
        "bbox": {
          "x": -164.11,
          "y": 574.91,
          "width": 191.83,
          "height": 82
        },
        "firstSeen": 0.833,
        "lastSeen": 0.833,
        "occurrences": 1
      },
      {
        "code": "canvas_overflow",
        "severity": "info",
        "time": 0.833,
        "selector": "#type-wall-source-root > div:nth-of-type(1) > div:nth-of-type(12) > div:nth-of-type(1) > span:nth-of-type(8)",
        "message": "Text extends outside the composition canvas.",
        "rect": {
          "left": 1178.68,
          "top": 574.91,
          "right": 1370.51,
          "bottom": 656.91,
          "width": 191.83,
          "height": 82
        },
        "containerSelector": "#root",
        "text": "MOTION ·",
        "fixHint": "Move the text inward, reduce its size, or mark intentional off-canvas animation with data-layout-allow-overflow.",
        "containerRect": {
          "left": 0,
          "top": 0,
          "right": 1280,
          "bottom": 720,
          "width": 1280,
          "height": 720
        },
        "overflow": {
          "right": 90.51
        },
        "dataAttributes": {},
        "sourceFile": "compositions/type-wall.html",
        "bbox": {
          "x": 1178.68,
          "y": 574.91,
          "width": 191.83,
          "height": 82
        },
        "firstSeen": 0.833,
        "lastSeen": 0.833,
        "occurrences": 1
      },
      {
        "code": "canvas_overflow",
        "severity": "info",
        "time": 0.833,
        "selector": "#type-wall-source-root > div:nth-of-type(1) > div:nth-of-type(13) > div:nth-of-type(1) > span:nth-of-type(1)",
        "message": "Text extends outside the composition canvas.",
        "rect": {
          "left": -70.12,
          "top": 641,
          "right": 249.35,
          "bottom": 718,
          "width": 319.47,
          "height": 77
        },
        "containerSelector": "#root",
        "text": "MOTION ·",
        "fixHint": "Move the text inward, reduce its size, or mark intentional off-canvas animation with data-layout-allow-overflow.",
        "containerRect": {
          "left": 0,
          "top": 0,
          "right": 1280,
          "bottom": 720,
          "width": 1280,
          "height": 720
        },
        "overflow": {
          "left": 70.12
        },
        "dataAttributes": {},
        "sourceFile": "compositions/type-wall.html",
        "bbox": {
          "x": -70.12,
          "y": 641,
          "width": 319.47,
          "height": 77
        },
        "firstSeen": 0.833,
        "lastSeen": 0.833,
        "occurrences": 1
      },
      {
        "code": "canvas_overflow",
        "severity": "info",
        "time": 0.833,
        "selector": "#type-wall-source-root > div:nth-of-type(1) > div:nth-of-type(13) > div:nth-of-type(1) > span:nth-of-type(5)",
        "message": "Text extends outside the composition canvas.",
        "rect": {
          "left": 1207.76,
          "top": 641,
          "right": 1527.23,
          "bottom": 718,
          "width": 319.47,
          "height": 77
        },
        "containerSelector": "#root",
        "text": "MOTION ·",
        "fixHint": "Move the text inward, reduce its size, or mark intentional off-canvas animation with data-layout-allow-overflow.",
        "containerRect": {
          "left": 0,
          "top": 0,
          "right": 1280,
          "bottom": 720,
          "width": 1280,
          "height": 720
        },
        "overflow": {
          "right": 247.23
        },
        "dataAttributes": {},
        "sourceFile": "compositions/type-wall.html",
        "bbox": {
          "x": 1207.76,
          "y": 641,
          "width": 319.47,
          "height": 77
        },
        "firstSeen": 0.833,
        "lastSeen": 0.833,
        "occurrences": 1
      },
      {
        "code": "canvas_overflow",
        "severity": "info",
        "time": 1.389,
        "selector": "#type-wall-source-root > div:nth-of-type(1) > div:nth-of-type(3) > div:nth-of-type(1) > span:nth-of-type(1)",
        "message": "Text extends outside the composition canvas.",
        "rect": {
          "left": -96.94,
          "top": -1.09,
          "right": 94.89,
          "bottom": 80.91,
          "width": 191.83,
          "height": 82
        },
        "containerSelector": "#root",
        "text": "MOTION ·",
        "fixHint": "Move the text inward, reduce its size, or mark intentional off-canvas animation with data-layout-allow-overflow.",
        "containerRect": {
          "left": 0,
          "top": 0,
          "right": 1280,
          "bottom": 720,
          "width": 1280,
          "height": 720
        },
        "overflow": {
          "left": 96.94
        },
        "dataAttributes": {},
        "sourceFile": "compositions/type-wall.html",
        "bbox": {
          "x": -96.94,
          "y": -1.09,
          "width": 191.83,
          "height": 82
        },
        "firstSeen": 1.389,
        "lastSeen": 1.389,
        "occurrences": 1
      },
      {
        "code": "canvas_overflow",
        "severity": "info",
        "time": 1.389,
        "selector": "#type-wall-source-root > div:nth-of-type(1) > div:nth-of-type(3) > div:nth-of-type(1) > span:nth-of-type(8)",
        "message": "Text extends outside the composition canvas.",
        "rect": {
          "left": 1245.86,
          "top": -1.09,
          "right": 1437.69,
          "bottom": 80.91,
          "width": 191.83,
          "height": 82
        },
        "containerSelector": "#root",
        "text": "MOTION ·",
        "fixHint": "Move the text inward, reduce its size, or mark intentional off-canvas animation with data-layout-allow-overflow.",
        "containerRect": {
          "left": 0,
          "top": 0,
          "right": 1280,
          "bottom": 720,
          "width": 1280,
          "height": 720
        },
        "overflow": {
          "right": 157.69
        },
        "dataAttributes": {},
        "sourceFile": "compositions/type-wall.html",
        "bbox": {
          "x": 1245.86,
          "y": -1.09,
          "width": 191.83,
          "height": 82
        },
        "firstSeen": 1.389,
        "lastSeen": 1.389,
        "occurrences": 1
      },
      {
        "code": "canvas_overflow",
        "severity": "info",
        "time": 1.389,
        "selector": "#type-wall-source-root > div:nth-of-type(1) > div:nth-of-type(4) > div:nth-of-type(1) > span:nth-of-type(1)",
        "message": "Text extends outside the composition canvas.",
        "rect": {
          "left": -239.9,
          "top": 65,
          "right": 79.57,
          "bottom": 142,
          "width": 319.47,
          "height": 77
        },
        "containerSelector": "#root",
        "text": "MOTION ·",
        "fixHint": "Move the text inward, reduce its size, or mark intentional off-canvas animation with data-layout-allow-overflow.",
        "containerRect": {
          "left": 0,
          "top": 0,
          "right": 1280,
          "bottom": 720,
          "width": 1280,
          "height": 720
        },
        "overflow": {
          "left": 239.9
        },
        "dataAttributes": {},
        "sourceFile": "compositions/type-wall.html",
        "bbox": {
          "x": -239.9,
          "y": 65,
          "width": 319.47,
          "height": 77
        },
        "firstSeen": 1.389,
        "lastSeen": 1.389,
        "occurrences": 1
      },
      {
        "code": "canvas_overflow",
        "severity": "info",
        "time": 1.389,
        "selector": "#type-wall-source-root > div:nth-of-type(1) > div:nth-of-type(4) > div:nth-of-type(1) > span:nth-of-type(5)",
        "message": "Text extends outside the composition canvas.",
        "rect": {
          "left": 1037.97,
          "top": 65,
          "right": 1357.44,
          "bottom": 142,
          "width": 319.47,
          "height": 77
        },
        "containerSelector": "#root",
        "text": "MOTION ·",
        "fixHint": "Move the text inward, reduce its size, or mark intentional off-canvas animation with data-layout-allow-overflow.",
        "containerRect": {
          "left": 0,
          "top": 0,
          "right": 1280,
          "bottom": 720,
          "width": 1280,
          "height": 720
        },
        "overflow": {
          "right": 77.44
        },
        "dataAttributes": {},
        "sourceFile": "compositions/type-wall.html",
        "bbox": {
          "x": 1037.97,
          "y": 65,
          "width": 319.47,
          "height": 77
        },
        "firstSeen": 1.389,
        "lastSeen": 1.389,
        "occurrences": 1
      },
      {
        "code": "canvas_overflow",
        "severity": "info",
        "time": 1.389,
        "selector": "#type-wall-source-root > div:nth-of-type(1) > div:nth-of-type(6) > div:nth-of-type(1) > span:nth-of-type(1)",
        "message": "Text extends outside the composition canvas.",
        "rect": {
          "left": -118.62,
          "top": 190.91,
          "right": 73.21,
          "bottom": 272.91,
          "width": 191.83,
          "height": 82
        },
        "containerSelector": "#root",
        "text": "MOTION ·",
        "fixHint": "Move the text inward, reduce its size, or mark intentional off-canvas animation with data-layout-allow-overflow.",
        "containerRect": {
          "left": 0,
          "top": 0,
          "right": 1280,
          "bottom": 720,
          "width": 1280,
          "height": 720
        },
        "overflow": {
          "left": 118.62
        },
        "dataAttributes": {},
        "sourceFile": "compositions/type-wall.html",
        "bbox": {
          "x": -118.62,
          "y": 190.91,
          "width": 191.83,
          "height": 82
        },
        "firstSeen": 1.389,
        "lastSeen": 1.389,
        "occurrences": 1
      },
      {
        "code": "canvas_overflow",
        "severity": "info",
        "time": 1.389,
        "selector": "#type-wall-source-root > div:nth-of-type(1) > div:nth-of-type(6) > div:nth-of-type(1) > span:nth-of-type(8)",
        "message": "Text extends outside the composition canvas.",
        "rect": {
          "left": 1224.18,
          "top": 190.91,
          "right": 1416.01,
          "bottom": 272.91,
          "width": 191.83,
          "height": 82
        },
        "containerSelector": "#root",
        "text": "MOTION ·",
        "fixHint": "Move the text inward, reduce its size, or mark intentional off-canvas animation with data-layout-allow-overflow.",
        "containerRect": {
          "left": 0,
          "top": 0,
          "right": 1280,
          "bottom": 720,
          "width": 1280,
          "height": 720
        },
        "overflow": {
          "right": 136.01
        },
        "dataAttributes": {},
        "sourceFile": "compositions/type-wall.html",
        "bbox": {
          "x": 1224.18,
          "y": 190.91,
          "width": 191.83,
          "height": 82
        },
        "firstSeen": 1.389,
        "lastSeen": 1.389,
        "occurrences": 1
      },
      {
        "code": "canvas_overflow",
        "severity": "info",
        "time": 1.389,
        "selector": "#type-wall-source-root > div:nth-of-type(1) > div:nth-of-type(7) > div:nth-of-type(1) > span:nth-of-type(1)",
        "message": "Text extends outside the composition canvas.",
        "rect": {
          "left": -30.43,
          "top": 257,
          "right": 289.04,
          "bottom": 334,
          "width": 319.47,
          "height": 77
        },
        "containerSelector": "#root",
        "text": "MOTION ·",
        "fixHint": "Move the text inward, reduce its size, or mark intentional off-canvas animation with data-layout-allow-overflow.",
        "containerRect": {
          "left": 0,
          "top": 0,
          "right": 1280,
          "bottom": 720,
          "width": 1280,
          "height": 720
        },
        "overflow": {
          "left": 30.43
        },
        "dataAttributes": {},
        "sourceFile": "compositions/type-wall.html",
        "bbox": {
          "x": -30.43,
          "y": 257,
          "width": 319.47,
          "height": 77
        },
        "firstSeen": 1.389,
        "lastSeen": 1.389,
        "occurrences": 1
      },
      {
        "code": "canvas_overflow",
        "severity": "info",
        "time": 1.389,
        "selector": "#type-wall-source-root > div:nth-of-type(1) > div:nth-of-type(7) > div:nth-of-type(1) > span:nth-of-type(5)",
        "message": "Text extends outside the composition canvas.",
        "rect": {
          "left": 1247.45,
          "top": 257,
          "right": 1566.91,
          "bottom": 334,
          "width": 319.47,
          "height": 77
        },
        "containerSelector": "#root",
        "text": "MOTION ·",
        "fixHint": "Move the text inward, reduce its size, or mark intentional off-canvas animation with data-layout-allow-overflow.",
        "containerRect": {
          "left": 0,
          "top": 0,
          "right": 1280,
          "bottom": 720,
          "width": 1280,
          "height": 720
        },
        "overflow": {
          "right": 286.91
        },
        "dataAttributes": {},
        "sourceFile": "compositions/type-wall.html",
        "bbox": {
          "x": 1247.45,
          "y": 257,
          "width": 319.47,
          "height": 77
        },
        "firstSeen": 1.389,
        "lastSeen": 1.389,
        "occurrences": 1
      },
      {
        "code": "canvas_overflow",
        "severity": "info",
        "time": 1.389,
        "selector": "#type-wall-source-root > div:nth-of-type(1) > div:nth-of-type(8) > div:nth-of-type(2) > span:nth-of-type(1)",
        "message": "Text extends outside the composition canvas.",
        "rect": {
          "left": -17.83,
          "top": 321,
          "right": 301.64,
          "bottom": 398,
          "width": 319.47,
          "height": 77
        },
        "containerSelector": "#root",
        "text": "MOTION ·",
        "fixHint": "Move the text inward, reduce its size, or mark intentional off-canvas animation with data-layout-allow-overflow.",
        "containerRect": {
          "left": 0,
          "top": 0,
          "right": 1280,
          "bottom": 720,
          "width": 1280,
          "height": 720
        },
        "overflow": {
          "left": 17.83
        },
        "dataAttributes": {},
        "sourceFile": "compositions/type-wall.html",
        "bbox": {
          "x": -17.83,
          "y": 321,
          "width": 319.47,
          "height": 77
        },
        "firstSeen": 1.389,
        "lastSeen": 1.389,
        "occurrences": 1
      },
      {
        "code": "canvas_overflow",
        "severity": "info",
        "time": 1.389,
        "selector": "#type-wall-source-root > div:nth-of-type(1) > div:nth-of-type(8) > div:nth-of-type(2) > span:nth-of-type(5)",
        "message": "Text extends outside the composition canvas.",
        "rect": {
          "left": 1260.04,
          "top": 321,
          "right": 1579.51,
          "bottom": 398,
          "width": 319.47,
          "height": 77
        },
        "containerSelector": "#root",
        "text": "MOTION ·",
        "fixHint": "Move the text inward, reduce its size, or mark intentional off-canvas animation with data-layout-allow-overflow.",
        "containerRect": {
          "left": 0,
          "top": 0,
          "right": 1280,
          "bottom": 720,
          "width": 1280,
          "height": 720
        },
        "overflow": {
          "right": 299.51
        },
        "dataAttributes": {},
        "sourceFile": "compositions/type-wall.html",
        "bbox": {
          "x": 1260.04,
          "y": 321,
          "width": 319.47,
          "height": 77
        },
        "firstSeen": 1.389,
        "lastSeen": 1.389,
        "occurrences": 1
      },
      {
        "code": "canvas_overflow",
        "severity": "info",
        "time": 1.389,
        "selector": "#type-wall-source-root > div:nth-of-type(1) > div:nth-of-type(9) > div:nth-of-type(1) > span:nth-of-type(1)",
        "message": "Text extends outside the composition canvas.",
        "rect": {
          "left": -117.21,
          "top": 382.91,
          "right": 74.62,
          "bottom": 464.91,
          "width": 191.83,
          "height": 82
        },
        "containerSelector": "#root",
        "text": "MOTION ·",
        "fixHint": "Move the text inward, reduce its size, or mark intentional off-canvas animation with data-layout-allow-overflow.",
        "containerRect": {
          "left": 0,
          "top": 0,
          "right": 1280,
          "bottom": 720,
          "width": 1280,
          "height": 720
        },
        "overflow": {
          "left": 117.21
        },
        "dataAttributes": {},
        "sourceFile": "compositions/type-wall.html",
        "bbox": {
          "x": -117.21,
          "y": 382.91,
          "width": 191.83,
          "height": 82
        },
        "firstSeen": 1.389,
        "lastSeen": 1.389,
        "occurrences": 1
      },
      {
        "code": "canvas_overflow",
        "severity": "info",
        "time": 1.389,
        "selector": "#type-wall-source-root > div:nth-of-type(1) > div:nth-of-type(9) > div:nth-of-type(1) > span:nth-of-type(8)",
        "message": "Text extends outside the composition canvas.",
        "rect": {
          "left": 1225.59,
          "top": 382.91,
          "right": 1417.41,
          "bottom": 464.91,
          "width": 191.83,
          "height": 82
        },
        "containerSelector": "#root",
        "text": "MOTION ·",
        "fixHint": "Move the text inward, reduce its size, or mark intentional off-canvas animation with data-layout-allow-overflow.",
        "containerRect": {
          "left": 0,
          "top": 0,
          "right": 1280,
          "bottom": 720,
          "width": 1280,
          "height": 720
        },
        "overflow": {
          "right": 137.41
        },
        "dataAttributes": {},
        "sourceFile": "compositions/type-wall.html",
        "bbox": {
          "x": 1225.59,
          "y": 382.91,
          "width": 191.83,
          "height": 82
        },
        "firstSeen": 1.389,
        "lastSeen": 1.389,
        "occurrences": 1
      },
      {
        "code": "canvas_overflow",
        "severity": "info",
        "time": 1.389,
        "selector": "#type-wall-source-root > div:nth-of-type(1) > div:nth-of-type(10) > div:nth-of-type(1) > span:nth-of-type(1)",
        "message": "Text extends outside the composition canvas.",
        "rect": {
          "left": -217.74,
          "top": 449,
          "right": 101.73,
          "bottom": 526,
          "width": 319.47,
          "height": 77
        },
        "containerSelector": "#root",
        "text": "MOTION ·",
        "fixHint": "Move the text inward, reduce its size, or mark intentional off-canvas animation with data-layout-allow-overflow.",
        "containerRect": {
          "left": 0,
          "top": 0,
          "right": 1280,
          "bottom": 720,
          "width": 1280,
          "height": 720
        },
        "overflow": {
          "left": 217.74
        },
        "dataAttributes": {},
        "sourceFile": "compositions/type-wall.html",
        "bbox": {
          "x": -217.74,
          "y": 449,
          "width": 319.47,
          "height": 77
        },
        "firstSeen": 1.389,
        "lastSeen": 1.389,
        "occurrences": 1
      },
      {
        "code": "canvas_overflow",
        "severity": "info",
        "time": 1.389,
        "selector": "#type-wall-source-root > div:nth-of-type(1) > div:nth-of-type(10) > div:nth-of-type(1) > span:nth-of-type(5)",
        "message": "Text extends outside the composition canvas.",
        "rect": {
          "left": 1060.13,
          "top": 449,
          "right": 1379.6,
          "bottom": 526,
          "width": 319.47,
          "height": 77
        },
        "containerSelector": "#root",
        "text": "MOTION ·",
        "fixHint": "Move the text inward, reduce its size, or mark intentional off-canvas animation with data-layout-allow-overflow.",
        "containerRect": {
          "left": 0,
          "top": 0,
          "right": 1280,
          "bottom": 720,
          "width": 1280,
          "height": 720
        },
        "overflow": {
          "right": 99.6
        },
        "dataAttributes": {},
        "sourceFile": "compositions/type-wall.html",
        "bbox": {
          "x": 1060.13,
          "y": 449,
          "width": 319.47,
          "height": 77
        },
        "firstSeen": 1.389,
        "lastSeen": 1.389,
        "occurrences": 1
      },
      {
        "code": "canvas_overflow",
        "severity": "info",
        "time": 1.389,
        "selector": "#type-wall-source-root > div:nth-of-type(1) > div:nth-of-type(11) > div:nth-of-type(1) > span:nth-of-type(1)",
        "message": "Text extends outside the composition canvas.",
        "rect": {
          "left": -17.35,
          "top": 513,
          "right": 302.11,
          "bottom": 590,
          "width": 319.47,
          "height": 77
        },
        "containerSelector": "#root",
        "text": "MOTION ·",
        "fixHint": "Move the text inward, reduce its size, or mark intentional off-canvas animation with data-layout-allow-overflow.",
        "containerRect": {
          "left": 0,
          "top": 0,
          "right": 1280,
          "bottom": 720,
          "width": 1280,
          "height": 720
        },
        "overflow": {
          "left": 17.35
        },
        "dataAttributes": {},
        "sourceFile": "compositions/type-wall.html",
        "bbox": {
          "x": -17.35,
          "y": 513,
          "width": 319.47,
          "height": 77
        },
        "firstSeen": 1.389,
        "lastSeen": 1.389,
        "occurrences": 1
      },
      {
        "code": "canvas_overflow",
        "severity": "info",
        "time": 1.389,
        "selector": "#type-wall-source-root > div:nth-of-type(1) > div:nth-of-type(11) > div:nth-of-type(1) > span:nth-of-type(5)",
        "message": "Text extends outside the composition canvas.",
        "rect": {
          "left": 1260.52,
          "top": 513,
          "right": 1579.99,
          "bottom": 590,
          "width": 319.47,
          "height": 77
        },
        "containerSelector": "#root",
        "text": "MOTION ·",
        "fixHint": "Move the text inward, reduce its size, or mark intentional off-canvas animation with data-layout-allow-overflow.",
        "containerRect": {
          "left": 0,
          "top": 0,
          "right": 1280,
          "bottom": 720,
          "width": 1280,
          "height": 720
        },
        "overflow": {
          "right": 299.99
        },
        "dataAttributes": {},
        "sourceFile": "compositions/type-wall.html",
        "bbox": {
          "x": 1260.52,
          "y": 513,
          "width": 319.47,
          "height": 77
        },
        "firstSeen": 1.389,
        "lastSeen": 1.389,
        "occurrences": 1
      },
      {
        "code": "canvas_overflow",
        "severity": "info",
        "time": 1.389,
        "selector": "#type-wall-source-root > div:nth-of-type(1) > div:nth-of-type(12) > div:nth-of-type(1) > span:nth-of-type(1)",
        "message": "Text extends outside the composition canvas.",
        "rect": {
          "left": -7.03,
          "top": 574.91,
          "right": 184.8,
          "bottom": 656.91,
          "width": 191.83,
          "height": 82
        },
        "containerSelector": "#root",
        "text": "MOTION ·",
        "fixHint": "Move the text inward, reduce its size, or mark intentional off-canvas animation with data-layout-allow-overflow.",
        "containerRect": {
          "left": 0,
          "top": 0,
          "right": 1280,
          "bottom": 720,
          "width": 1280,
          "height": 720
        },
        "overflow": {
          "left": 7.03
        },
        "dataAttributes": {},
        "sourceFile": "compositions/type-wall.html",
        "bbox": {
          "x": -7.03,
          "y": 574.91,
          "width": 191.83,
          "height": 82
        },
        "firstSeen": 1.389,
        "lastSeen": 1.389,
        "occurrences": 1
      },
      {
        "code": "canvas_overflow",
        "severity": "info",
        "time": 1.389,
        "selector": "#type-wall-source-root > div:nth-of-type(1) > div:nth-of-type(12) > div:nth-of-type(1) > span:nth-of-type(7)",
        "message": "Text extends outside the composition canvas.",
        "rect": {
          "left": 1143.94,
          "top": 574.91,
          "right": 1335.77,
          "bottom": 656.91,
          "width": 191.83,
          "height": 82
        },
        "containerSelector": "#root",
        "text": "MOTION ·",
        "fixHint": "Move the text inward, reduce its size, or mark intentional off-canvas animation with data-layout-allow-overflow.",
        "containerRect": {
          "left": 0,
          "top": 0,
          "right": 1280,
          "bottom": 720,
          "width": 1280,
          "height": 720
        },
        "overflow": {
          "right": 55.77
        },
        "dataAttributes": {},
        "sourceFile": "compositions/type-wall.html",
        "bbox": {
          "x": 1143.94,
          "y": 574.91,
          "width": 191.83,
          "height": 82
        },
        "firstSeen": 1.389,
        "lastSeen": 1.389,
        "occurrences": 1
      },
      {
        "code": "canvas_overflow",
        "severity": "info",
        "time": 1.389,
        "selector": "#type-wall-source-root > div:nth-of-type(1) > div:nth-of-type(13) > div:nth-of-type(1) > span:nth-of-type(1)",
        "message": "Text extends outside the composition canvas.",
        "rect": {
          "left": -13.59,
          "top": 641,
          "right": 305.87,
          "bottom": 718,
          "width": 319.47,
          "height": 77
        },
        "containerSelector": "#root",
        "text": "MOTION ·",
        "fixHint": "Move the text inward, reduce its size, or mark intentional off-canvas animation with data-layout-allow-overflow.",
        "containerRect": {
          "left": 0,
          "top": 0,
          "right": 1280,
          "bottom": 720,
          "width": 1280,
          "height": 720
        },
        "overflow": {
          "left": 13.59
        },
        "dataAttributes": {},
        "sourceFile": "compositions/type-wall.html",
        "bbox": {
          "x": -13.59,
          "y": 641,
          "width": 319.47,
          "height": 77
        },
        "firstSeen": 1.389,
        "lastSeen": 1.389,
        "occurrences": 1
      },
      {
        "code": "canvas_overflow",
        "severity": "info",
        "time": 1.944,
        "selector": "#type-wall-source-root > div:nth-of-type(1) > div:nth-of-type(3) > div:nth-of-type(1) > span:nth-of-type(1)",
        "message": "Text extends outside the composition canvas.",
        "rect": {
          "left": -69.11,
          "top": -1.09,
          "right": 122.71,
          "bottom": 80.91,
          "width": 191.83,
          "height": 82
        },
        "containerSelector": "#root",
        "text": "MOTION ·",
        "fixHint": "Move the text inward, reduce its size, or mark intentional off-canvas animation with data-layout-allow-overflow.",
        "containerRect": {
          "left": 0,
          "top": 0,
          "right": 1280,
          "bottom": 720,
          "width": 1280,
          "height": 720
        },
        "overflow": {
          "left": 69.11
        },
        "dataAttributes": {},
        "sourceFile": "compositions/type-wall.html",
        "bbox": {
          "x": -69.11,
          "y": -1.09,
          "width": 191.83,
          "height": 82
        },
        "firstSeen": 1.944,
        "lastSeen": 1.944,
        "occurrences": 1
      },
      {
        "code": "canvas_overflow",
        "severity": "info",
        "time": 1.944,
        "selector": "#type-wall-source-root > div:nth-of-type(1) > div:nth-of-type(4) > div:nth-of-type(1) > span:nth-of-type(1)",
        "message": "Text extends outside the composition canvas.",
        "rect": {
          "left": -284.52,
          "top": 65,
          "right": 34.95,
          "bottom": 142,
          "width": 319.47,
          "height": 77
        },
        "containerSelector": "#root",
        "text": "MOTION ·",
        "fixHint": "Move the text inward, reduce its size, or mark intentional off-canvas animation with data-layout-allow-overflow.",
        "containerRect": {
          "left": 0,
          "top": 0,
          "right": 1280,
          "bottom": 720,
          "width": 1280,
          "height": 720
        },
        "overflow": {
          "left": 284.52
        },
        "dataAttributes": {},
        "sourceFile": "compositions/type-wall.html",
        "bbox": {
          "x": -284.52,
          "y": 65,
          "width": 319.47,
          "height": 77
        },
        "firstSeen": 1.944,
        "lastSeen": 1.944,
        "occurrences": 1
      },
      {
        "code": "canvas_overflow",
        "severity": "info",
        "time": 1.944,
        "selector": "#type-wall-source-root > div:nth-of-type(1) > div:nth-of-type(4) > div:nth-of-type(1) > span:nth-of-type(5)",
        "message": "Text extends outside the composition canvas.",
        "rect": {
          "left": 993.36,
          "top": 65,
          "right": 1312.83,
          "bottom": 142,
          "width": 319.47,
          "height": 77
        },
        "containerSelector": "#root",
        "text": "MOTION ·",
        "fixHint": "Move the text inward, reduce its size, or mark intentional off-canvas animation with data-layout-allow-overflow.",
        "containerRect": {
          "left": 0,
          "top": 0,
          "right": 1280,
          "bottom": 720,
          "width": 1280,
          "height": 720
        },
        "overflow": {
          "right": 32.83
        },
        "dataAttributes": {},
        "sourceFile": "compositions/type-wall.html",
        "bbox": {
          "x": 993.36,
          "y": 65,
          "width": 319.47,
          "height": 77
        },
        "firstSeen": 1.944,
        "lastSeen": 1.944,
        "occurrences": 1
      },
      {
        "code": "canvas_overflow",
        "severity": "info",
        "time": 1.944,
        "selector": "#type-wall-source-root > div:nth-of-type(1) > div:nth-of-type(5) > div:nth-of-type(1) > span:nth-of-type(1)",
        "message": "Text extends outside the composition canvas.",
        "rect": {
          "left": -286.54,
          "top": 129,
          "right": 32.93,
          "bottom": 206,
          "width": 319.47,
          "height": 77
        },
        "containerSelector": "#root",
        "text": "MOTION ·",
        "fixHint": "Move the text inward, reduce its size, or mark intentional off-canvas animation with data-layout-allow-overflow.",
        "containerRect": {
          "left": 0,
          "top": 0,
          "right": 1280,
          "bottom": 720,
          "width": 1280,
          "height": 720
        },
        "overflow": {
          "left": 286.54
        },
        "dataAttributes": {},
        "sourceFile": "compositions/type-wall.html",
        "bbox": {
          "x": -286.54,
          "y": 129,
          "width": 319.47,
          "height": 77
        },
        "firstSeen": 1.944,
        "lastSeen": 1.944,
        "occurrences": 1
      },
      {
        "code": "canvas_overflow",
        "severity": "info",
        "time": 1.944,
        "selector": "#type-wall-source-root > div:nth-of-type(1) > div:nth-of-type(5) > div:nth-of-type(1) > span:nth-of-type(5)",
        "message": "Text extends outside the composition canvas.",
        "rect": {
          "left": 991.33,
          "top": 129,
          "right": 1310.8,
          "bottom": 206,
          "width": 319.47,
          "height": 77
        },
        "containerSelector": "#root",
        "text": "MOTION ·",
        "fixHint": "Move the text inward, reduce its size, or mark intentional off-canvas animation with data-layout-allow-overflow.",
        "containerRect": {
          "left": 0,
          "top": 0,
          "right": 1280,
          "bottom": 720,
          "width": 1280,
          "height": 720
        },
        "overflow": {
          "right": 30.8
        },
        "dataAttributes": {},
        "sourceFile": "compositions/type-wall.html",
        "bbox": {
          "x": 991.33,
          "y": 129,
          "width": 319.47,
          "height": 77
        },
        "firstSeen": 1.944,
        "lastSeen": 1.944,
        "occurrences": 1
      },
      {
        "code": "canvas_overflow",
        "severity": "info",
        "time": 1.944,
        "selector": "#type-wall-source-root > div:nth-of-type(1) > div:nth-of-type(6) > div:nth-of-type(1) > span:nth-of-type(1)",
        "message": "Text extends outside the composition canvas.",
        "rect": {
          "left": -137.6,
          "top": 190.91,
          "right": 54.22,
          "bottom": 272.91,
          "width": 191.83,
          "height": 82
        },
        "containerSelector": "#root",
        "text": "MOTION ·",
        "fixHint": "Move the text inward, reduce its size, or mark intentional off-canvas animation with data-layout-allow-overflow.",
        "containerRect": {
          "left": 0,
          "top": 0,
          "right": 1280,
          "bottom": 720,
          "width": 1280,
          "height": 720
        },
        "overflow": {
          "left": 137.6
        },
        "dataAttributes": {},
        "sourceFile": "compositions/type-wall.html",
        "bbox": {
          "x": -137.6,
          "y": 190.91,
          "width": 191.83,
          "height": 82
        },
        "firstSeen": 1.944,
        "lastSeen": 1.944,
        "occurrences": 1
      },
      {
        "code": "canvas_overflow",
        "severity": "info",
        "time": 1.944,
        "selector": "#type-wall-source-root > div:nth-of-type(1) > div:nth-of-type(6) > div:nth-of-type(1) > span:nth-of-type(8)",
        "message": "Text extends outside the composition canvas.",
        "rect": {
          "left": 1205.19,
          "top": 190.91,
          "right": 1397.02,
          "bottom": 272.91,
          "width": 191.83,
          "height": 82
        },
        "containerSelector": "#root",
        "text": "MOTION ·",
        "fixHint": "Move the text inward, reduce its size, or mark intentional off-canvas animation with data-layout-allow-overflow.",
        "containerRect": {
          "left": 0,
          "top": 0,
          "right": 1280,
          "bottom": 720,
          "width": 1280,
          "height": 720
        },
        "overflow": {
          "right": 117.02
        },
        "dataAttributes": {},
        "sourceFile": "compositions/type-wall.html",
        "bbox": {
          "x": 1205.19,
          "y": 190.91,
          "width": 191.83,
          "height": 82
        },
        "firstSeen": 1.944,
        "lastSeen": 1.944,
        "occurrences": 1
      },
      {
        "code": "canvas_overflow",
        "severity": "info",
        "time": 1.944,
        "selector": "#type-wall-source-root > div:nth-of-type(1) > div:nth-of-type(7) > div:nth-of-type(1) > span:nth-of-type(5)",
        "message": "Text extends outside the composition canvas.",
        "rect": {
          "left": 964.85,
          "top": 257,
          "right": 1284.32,
          "bottom": 334,
          "width": 319.47,
          "height": 77
        },
        "containerSelector": "#root",
        "text": "MOTION ·",
        "fixHint": "Move the text inward, reduce its size, or mark intentional off-canvas animation with data-layout-allow-overflow.",
        "containerRect": {
          "left": 0,
          "top": 0,
          "right": 1280,
          "bottom": 720,
          "width": 1280,
          "height": 720
        },
        "overflow": {
          "right": 4.32
        },
        "dataAttributes": {},
        "sourceFile": "compositions/type-wall.html",
        "bbox": {
          "x": 964.85,
          "y": 257,
          "width": 319.47,
          "height": 77
        },
        "firstSeen": 1.944,
        "lastSeen": 1.944,
        "occurrences": 1
      },
      {
        "code": "canvas_overflow",
        "severity": "info",
        "time": 1.944,
        "selector": "#type-wall-source-root > div:nth-of-type(1) > div:nth-of-type(8) > div:nth-of-type(2) > span:nth-of-type(1)",
        "message": "Text extends outside the composition canvas.",
        "rect": {
          "left": -55.23,
          "top": 321,
          "right": 264.24,
          "bottom": 398,
          "width": 319.47,
          "height": 77
        },
        "containerSelector": "#root",
        "text": "MOTION ·",
        "fixHint": "Move the text inward, reduce its size, or mark intentional off-canvas animation with data-layout-allow-overflow.",
        "containerRect": {
          "left": 0,
          "top": 0,
          "right": 1280,
          "bottom": 720,
          "width": 1280,
          "height": 720
        },
        "overflow": {
          "left": 55.23
        },
        "dataAttributes": {},
        "sourceFile": "compositions/type-wall.html",
        "bbox": {
          "x": -55.23,
          "y": 321,
          "width": 319.47,
          "height": 77
        },
        "firstSeen": 1.944,
        "lastSeen": 1.944,
        "occurrences": 1
      },
      {
        "code": "canvas_overflow",
        "severity": "info",
        "time": 1.944,
        "selector": "#type-wall-source-root > div:nth-of-type(1) > div:nth-of-type(8) > div:nth-of-type(2) > span:nth-of-type(5)",
        "message": "Text extends outside the composition canvas.",
        "rect": {
          "left": 1222.65,
          "top": 321,
          "right": 1542.12,
          "bottom": 398,
          "width": 319.47,
          "height": 77
        },
        "containerSelector": "#root",
        "text": "MOTION ·",
        "fixHint": "Move the text inward, reduce its size, or mark intentional off-canvas animation with data-layout-allow-overflow.",
        "containerRect": {
          "left": 0,
          "top": 0,
          "right": 1280,
          "bottom": 720,
          "width": 1280,
          "height": 720
        },
        "overflow": {
          "right": 262.12
        },
        "dataAttributes": {},
        "sourceFile": "compositions/type-wall.html",
        "bbox": {
          "x": 1222.65,
          "y": 321,
          "width": 319.47,
          "height": 77
        },
        "firstSeen": 1.944,
        "lastSeen": 1.944,
        "occurrences": 1
      },
      {
        "code": "canvas_overflow",
        "severity": "info",
        "time": 1.944,
        "selector": "#type-wall-source-root > div:nth-of-type(1) > div:nth-of-type(9) > div:nth-of-type(1) > span:nth-of-type(1)",
        "message": "Text extends outside the composition canvas.",
        "rect": {
          "left": -96.22,
          "top": 382.91,
          "right": 95.6,
          "bottom": 464.91,
          "width": 191.83,
          "height": 82
        },
        "containerSelector": "#root",
        "text": "MOTION ·",
        "fixHint": "Move the text inward, reduce its size, or mark intentional off-canvas animation with data-layout-allow-overflow.",
        "containerRect": {
          "left": 0,
          "top": 0,
          "right": 1280,
          "bottom": 720,
          "width": 1280,
          "height": 720
        },
        "overflow": {
          "left": 96.22
        },
        "dataAttributes": {},
        "sourceFile": "compositions/type-wall.html",
        "bbox": {
          "x": -96.22,
          "y": 382.91,
          "width": 191.83,
          "height": 82
        },
        "firstSeen": 1.944,
        "lastSeen": 1.944,
        "occurrences": 1
      },
      {
        "code": "canvas_overflow",
        "severity": "info",
        "time": 1.944,
        "selector": "#type-wall-source-root > div:nth-of-type(1) > div:nth-of-type(9) > div:nth-of-type(1) > span:nth-of-type(8)",
        "message": "Text extends outside the composition canvas.",
        "rect": {
          "left": 1246.57,
          "top": 382.91,
          "right": 1438.4,
          "bottom": 464.91,
          "width": 191.83,
          "height": 82
        },
        "containerSelector": "#root",
        "text": "MOTION ·",
        "fixHint": "Move the text inward, reduce its size, or mark intentional off-canvas animation with data-layout-allow-overflow.",
        "containerRect": {
          "left": 0,
          "top": 0,
          "right": 1280,
          "bottom": 720,
          "width": 1280,
          "height": 720
        },
        "overflow": {
          "right": 158.4
        },
        "dataAttributes": {},
        "sourceFile": "compositions/type-wall.html",
        "bbox": {
          "x": 1246.57,
          "y": 382.91,
          "width": 191.83,
          "height": 82
        },
        "firstSeen": 1.944,
        "lastSeen": 1.944,
        "occurrences": 1
      },
      {
        "code": "canvas_overflow",
        "severity": "info",
        "time": 1.944,
        "selector": "#type-wall-source-root > div:nth-of-type(1) > div:nth-of-type(10) > div:nth-of-type(1) > span:nth-of-type(1)",
        "message": "Text extends outside the composition canvas.",
        "rect": {
          "left": -266.63,
          "top": 449,
          "right": 52.84,
          "bottom": 526,
          "width": 319.47,
          "height": 77
        },
        "containerSelector": "#root",
        "text": "MOTION ·",
        "fixHint": "Move the text inward, reduce its size, or mark intentional off-canvas animation with data-layout-allow-overflow.",
        "containerRect": {
          "left": 0,
          "top": 0,
          "right": 1280,
          "bottom": 720,
          "width": 1280,
          "height": 720
        },
        "overflow": {
          "left": 266.63
        },
        "dataAttributes": {},
        "sourceFile": "compositions/type-wall.html",
        "bbox": {
          "x": -266.63,
          "y": 449,
          "width": 319.47,
          "height": 77
        },
        "firstSeen": 1.944,
        "lastSeen": 1.944,
        "occurrences": 1
      },
      {
        "code": "canvas_overflow",
        "severity": "info",
        "time": 1.944,
        "selector": "#type-wall-source-root > div:nth-of-type(1) > div:nth-of-type(10) > div:nth-of-type(1) > span:nth-of-type(5)",
        "message": "Text extends outside the composition canvas.",
        "rect": {
          "left": 1011.24,
          "top": 449,
          "right": 1330.71,
          "bottom": 526,
          "width": 319.47,
          "height": 77
        },
        "containerSelector": "#root",
        "text": "MOTION ·",
        "fixHint": "Move the text inward, reduce its size, or mark intentional off-canvas animation with data-layout-allow-overflow.",
        "containerRect": {
          "left": 0,
          "top": 0,
          "right": 1280,
          "bottom": 720,
          "width": 1280,
          "height": 720
        },
        "overflow": {
          "right": 50.71
        },
        "dataAttributes": {},
        "sourceFile": "compositions/type-wall.html",
        "bbox": {
          "x": 1011.24,
          "y": 449,
          "width": 319.47,
          "height": 77
        },
        "firstSeen": 1.944,
        "lastSeen": 1.944,
        "occurrences": 1
      },
      {
        "code": "canvas_overflow",
        "severity": "info",
        "time": 1.944,
        "selector": "#type-wall-source-root > div:nth-of-type(1) > div:nth-of-type(11) > div:nth-of-type(1) > span:nth-of-type(1)",
        "message": "Text extends outside the composition canvas.",
        "rect": {
          "left": -294.27,
          "top": 513,
          "right": 25.2,
          "bottom": 590,
          "width": 319.47,
          "height": 77
        },
        "containerSelector": "#root",
        "text": "MOTION ·",
        "fixHint": "Move the text inward, reduce its size, or mark intentional off-canvas animation with data-layout-allow-overflow.",
        "containerRect": {
          "left": 0,
          "top": 0,
          "right": 1280,
          "bottom": 720,
          "width": 1280,
          "height": 720
        },
        "overflow": {
          "left": 294.27
        },
        "dataAttributes": {},
        "sourceFile": "compositions/type-wall.html",
        "bbox": {
          "x": -294.27,
          "y": 513,
          "width": 319.47,
          "height": 77
        },
        "firstSeen": 1.944,
        "lastSeen": 1.944,
        "occurrences": 1
      },
      {
        "code": "canvas_overflow",
        "severity": "info",
        "time": 1.944,
        "selector": "#type-wall-source-root > div:nth-of-type(1) > div:nth-of-type(11) > div:nth-of-type(1) > span:nth-of-type(5)",
        "message": "Text extends outside the composition canvas.",
        "rect": {
          "left": 983.6,
          "top": 513,
          "right": 1303.07,
          "bottom": 590,
          "width": 319.47,
          "height": 77
        },
        "containerSelector": "#root",
        "text": "MOTION ·",
        "fixHint": "Move the text inward, reduce its size, or mark intentional off-canvas animation with data-layout-allow-overflow.",
        "containerRect": {
          "left": 0,
          "top": 0,
          "right": 1280,
          "bottom": 720,
          "width": 1280,
          "height": 720
        },
        "overflow": {
          "right": 23.07
        },
        "dataAttributes": {},
        "sourceFile": "compositions/type-wall.html",
        "bbox": {
          "x": 983.6,
          "y": 513,
          "width": 319.47,
          "height": 77
        },
        "firstSeen": 1.944,
        "lastSeen": 1.944,
        "occurrences": 1
      },
      {
        "code": "canvas_overflow",
        "severity": "info",
        "time": 1.944,
        "selector": "#type-wall-source-root > div:nth-of-type(1) > div:nth-of-type(12) > div:nth-of-type(1) > span:nth-of-type(1)",
        "message": "Text extends outside the composition canvas.",
        "rect": {
          "left": -37.94,
          "top": 574.91,
          "right": 153.89,
          "bottom": 656.91,
          "width": 191.83,
          "height": 82
        },
        "containerSelector": "#root",
        "text": "MOTION ·",
        "fixHint": "Move the text inward, reduce its size, or mark intentional off-canvas animation with data-layout-allow-overflow.",
        "containerRect": {
          "left": 0,
          "top": 0,
          "right": 1280,
          "bottom": 720,
          "width": 1280,
          "height": 720
        },
        "overflow": {
          "left": 37.94
        },
        "dataAttributes": {},
        "sourceFile": "compositions/type-wall.html",
        "bbox": {
          "x": -37.94,
          "y": 574.91,
          "width": 191.83,
          "height": 82
        },
        "firstSeen": 1.944,
        "lastSeen": 1.944,
        "occurrences": 1
      },
      {
        "code": "canvas_overflow",
        "severity": "info",
        "time": 1.944,
        "selector": "#type-wall-source-root > div:nth-of-type(1) > div:nth-of-type(12) > div:nth-of-type(1) > span:nth-of-type(7)",
        "message": "Text extends outside the composition canvas.",
        "rect": {
          "left": 1113.03,
          "top": 574.91,
          "right": 1304.86,
          "bottom": 656.91,
          "width": 191.83,
          "height": 82
        },
        "containerSelector": "#root",
        "text": "MOTION ·",
        "fixHint": "Move the text inward, reduce its size, or mark intentional off-canvas animation with data-layout-allow-overflow.",
        "containerRect": {
          "left": 0,
          "top": 0,
          "right": 1280,
          "bottom": 720,
          "width": 1280,
          "height": 720
        },
        "overflow": {
          "right": 24.86
        },
        "dataAttributes": {},
        "sourceFile": "compositions/type-wall.html",
        "bbox": {
          "x": 1113.03,
          "y": 574.91,
          "width": 191.83,
          "height": 82
        },
        "firstSeen": 1.944,
        "lastSeen": 1.944,
        "occurrences": 1
      },
      {
        "code": "canvas_overflow",
        "severity": "info",
        "time": 1.944,
        "selector": "#type-wall-source-root > div:nth-of-type(1) > div:nth-of-type(13) > div:nth-of-type(1) > span:nth-of-type(1)",
        "message": "Text extends outside the composition canvas.",
        "rect": {
          "left": -298.1,
          "top": 641,
          "right": 21.37,
          "bottom": 718,
          "width": 319.47,
          "height": 77
        },
        "containerSelector": "#root",
        "text": "MOTION ·",
        "fixHint": "Move the text inward, reduce its size, or mark intentional off-canvas animation with data-layout-allow-overflow.",
        "containerRect": {
          "left": 0,
          "top": 0,
          "right": 1280,
          "bottom": 720,
          "width": 1280,
          "height": 720
        },
        "overflow": {
          "left": 298.1
        },
        "dataAttributes": {},
        "sourceFile": "compositions/type-wall.html",
        "bbox": {
          "x": -298.1,
          "y": 641,
          "width": 319.47,
          "height": 77
        },
        "firstSeen": 1.944,
        "lastSeen": 1.944,
        "occurrences": 1
      },
      {
        "code": "canvas_overflow",
        "severity": "info",
        "time": 1.944,
        "selector": "#type-wall-source-root > div:nth-of-type(1) > div:nth-of-type(13) > div:nth-of-type(1) > span:nth-of-type(5)",
        "message": "Text extends outside the composition canvas.",
        "rect": {
          "left": 979.77,
          "top": 641,
          "right": 1299.24,
          "bottom": 718,
          "width": 319.47,
          "height": 77
        },
        "containerSelector": "#root",
        "text": "MOTION ·",
        "fixHint": "Move the text inward, reduce its size, or mark intentional off-canvas animation with data-layout-allow-overflow.",
        "containerRect": {
          "left": 0,
          "top": 0,
          "right": 1280,
          "bottom": 720,
          "width": 1280,
          "height": 720
        },
        "overflow": {
          "right": 19.24
        },
        "dataAttributes": {},
        "sourceFile": "compositions/type-wall.html",
        "bbox": {
          "x": 979.77,
          "y": 641,
          "width": 319.47,
          "height": 77
        },
        "firstSeen": 1.944,
        "lastSeen": 1.944,
        "occurrences": 1
      },
      {
        "code": "canvas_overflow",
        "severity": "info",
        "time": 2.5,
        "selector": "#type-wall-source-root > div:nth-of-type(1) > div:nth-of-type(3) > div:nth-of-type(1) > span:nth-of-type(1)",
        "message": "Text extends outside the composition canvas.",
        "rect": {
          "left": -41.29,
          "top": -1.09,
          "right": 150.54,
          "bottom": 80.91,
          "width": 191.83,
          "height": 82
        },
        "containerSelector": "#root",
        "text": "MOTION ·",
        "fixHint": "Move the text inward, reduce its size, or mark intentional off-canvas animation with data-layout-allow-overflow.",
        "containerRect": {
          "left": 0,
          "top": 0,
          "right": 1280,
          "bottom": 720,
          "width": 1280,
          "height": 720
        },
        "overflow": {
          "left": 41.29
        },
        "dataAttributes": {},
        "sourceFile": "compositions/type-wall.html",
        "bbox": {
          "x": -41.29,
          "y": -1.09,
          "width": 191.83,
          "height": 82
        },
        "firstSeen": 2.5,
        "lastSeen": 2.5,
        "occurrences": 1
      },
      {
        "code": "canvas_overflow",
        "severity": "info",
        "time": 2.5,
        "selector": "#type-wall-source-root > div:nth-of-type(1) > div:nth-of-type(3) > div:nth-of-type(1) > span:nth-of-type(7)",
        "message": "Text extends outside the composition canvas.",
        "rect": {
          "left": 1109.68,
          "top": -1.09,
          "right": 1301.51,
          "bottom": 80.91,
          "width": 191.83,
          "height": 82
        },
        "containerSelector": "#root",
        "text": "MOTION ·",
        "fixHint": "Move the text inward, reduce its size, or mark intentional off-canvas animation with data-layout-allow-overflow.",
        "containerRect": {
          "left": 0,
          "top": 0,
          "right": 1280,
          "bottom": 720,
          "width": 1280,
          "height": 720
        },
        "overflow": {
          "right": 21.51
        },
        "dataAttributes": {},
        "sourceFile": "compositions/type-wall.html",
        "bbox": {
          "x": 1109.68,
          "y": -1.09,
          "width": 191.83,
          "height": 82
        },
        "firstSeen": 2.5,
        "lastSeen": 2.5,
        "occurrences": 1
      },
      {
        "code": "canvas_overflow",
        "severity": "info",
        "time": 2.5,
        "selector": "#type-wall-source-root > div:nth-of-type(1) > div:nth-of-type(4) > div:nth-of-type(1) > span:nth-of-type(1)",
        "message": "Text extends outside the composition canvas.",
        "rect": {
          "left": -9.66,
          "top": 65,
          "right": 309.81,
          "bottom": 142,
          "width": 319.47,
          "height": 77
        },
        "containerSelector": "#root",
        "text": "MOTION ·",
        "fixHint": "Move the text inward, reduce its size, or mark intentional off-canvas animation with data-layout-allow-overflow.",
        "containerRect": {
          "left": 0,
          "top": 0,
          "right": 1280,
          "bottom": 720,
          "width": 1280,
          "height": 720
        },
        "overflow": {
          "left": 9.66
        },
        "dataAttributes": {},
        "sourceFile": "compositions/type-wall.html",
        "bbox": {
          "x": -9.66,
          "y": 65,
          "width": 319.47,
          "height": 77
        },
        "firstSeen": 2.5,
        "lastSeen": 2.5,
        "occurrences": 1
      },
      {
        "code": "canvas_overflow",
        "severity": "info",
        "time": 2.5,
        "selector": "#type-wall-source-root > div:nth-of-type(1) > div:nth-of-type(5) > div:nth-of-type(1) > span:nth-of-type(1)",
        "message": "Text extends outside the composition canvas.",
        "rect": {
          "left": -252.95,
          "top": 129,
          "right": 66.52,
          "bottom": 206,
          "width": 319.47,
          "height": 77
        },
        "containerSelector": "#root",
        "text": "MOTION ·",
        "fixHint": "Move the text inward, reduce its size, or mark intentional off-canvas animation with data-layout-allow-overflow.",
        "containerRect": {
          "left": 0,
          "top": 0,
          "right": 1280,
          "bottom": 720,
          "width": 1280,
          "height": 720
        },
        "overflow": {
          "left": 252.95
        },
        "dataAttributes": {},
        "sourceFile": "compositions/type-wall.html",
        "bbox": {
          "x": -252.95,
          "y": 129,
          "width": 319.47,
          "height": 77
        },
        "firstSeen": 2.5,
        "lastSeen": 2.5,
        "occurrences": 1
      },
      {
        "code": "canvas_overflow",
        "severity": "info",
        "time": 2.5,
        "selector": "#type-wall-source-root > div:nth-of-type(1) > div:nth-of-type(5) > div:nth-of-type(1) > span:nth-of-type(5)",
        "message": "Text extends outside the composition canvas.",
        "rect": {
          "left": 1024.92,
          "top": 129,
          "right": 1344.39,
          "bottom": 206,
          "width": 319.47,
          "height": 77
        },
        "containerSelector": "#root",
        "text": "MOTION ·",
        "fixHint": "Move the text inward, reduce its size, or mark intentional off-canvas animation with data-layout-allow-overflow.",
        "containerRect": {
          "left": 0,
          "top": 0,
          "right": 1280,
          "bottom": 720,
          "width": 1280,
          "height": 720
        },
        "overflow": {
          "right": 64.39
        },
        "dataAttributes": {},
        "sourceFile": "compositions/type-wall.html",
        "bbox": {
          "x": 1024.92,
          "y": 129,
          "width": 319.47,
          "height": 77
        },
        "firstSeen": 2.5,
        "lastSeen": 2.5,
        "occurrences": 1
      },
      {
        "code": "canvas_overflow",
        "severity": "info",
        "time": 2.5,
        "selector": "#type-wall-source-root > div:nth-of-type(1) > div:nth-of-type(6) > div:nth-of-type(1) > span:nth-of-type(1)",
        "message": "Text extends outside the composition canvas.",
        "rect": {
          "left": -156.59,
          "top": 190.91,
          "right": 35.24,
          "bottom": 272.91,
          "width": 191.83,
          "height": 82
        },
        "containerSelector": "#root",
        "text": "MOTION ·",
        "fixHint": "Move the text inward, reduce its size, or mark intentional off-canvas animation with data-layout-allow-overflow.",
        "containerRect": {
          "left": 0,
          "top": 0,
          "right": 1280,
          "bottom": 720,
          "width": 1280,
          "height": 720
        },
        "overflow": {
          "left": 156.59
        },
        "dataAttributes": {},
        "sourceFile": "compositions/type-wall.html",
        "bbox": {
          "x": -156.59,
          "y": 190.91,
          "width": 191.83,
          "height": 82
        },
        "firstSeen": 2.5,
        "lastSeen": 2.5,
        "occurrences": 1
      },
      {
        "code": "canvas_overflow",
        "severity": "info",
        "time": 2.5,
        "selector": "#type-wall-source-root > div:nth-of-type(1) > div:nth-of-type(6) > div:nth-of-type(1) > span:nth-of-type(8)",
        "message": "Text extends outside the composition canvas.",
        "rect": {
          "left": 1186.21,
          "top": 190.91,
          "right": 1378.03,
          "bottom": 272.91,
          "width": 191.83,
          "height": 82
        },
        "containerSelector": "#root",
        "text": "MOTION ·",
        "fixHint": "Move the text inward, reduce its size, or mark intentional off-canvas animation with data-layout-allow-overflow.",
        "containerRect": {
          "left": 0,
          "top": 0,
          "right": 1280,
          "bottom": 720,
          "width": 1280,
          "height": 720
        },
        "overflow": {
          "right": 98.03
        },
        "dataAttributes": {},
        "sourceFile": "compositions/type-wall.html",
        "bbox": {
          "x": 1186.21,
          "y": 190.91,
          "width": 191.83,
          "height": 82
        },
        "firstSeen": 2.5,
        "lastSeen": 2.5,
        "occurrences": 1
      },
      {
        "code": "canvas_overflow",
        "severity": "info",
        "time": 2.5,
        "selector": "#type-wall-source-root > div:nth-of-type(1) > div:nth-of-type(7) > div:nth-of-type(1) > span:nth-of-type(1)",
        "message": "Text extends outside the composition canvas.",
        "rect": {
          "left": -276.16,
          "top": 257,
          "right": 43.31,
          "bottom": 334,
          "width": 319.47,
          "height": 77
        },
        "containerSelector": "#root",
        "text": "MOTION ·",
        "fixHint": "Move the text inward, reduce its size, or mark intentional off-canvas animation with data-layout-allow-overflow.",
        "containerRect": {
          "left": 0,
          "top": 0,
          "right": 1280,
          "bottom": 720,
          "width": 1280,
          "height": 720
        },
        "overflow": {
          "left": 276.16
        },
        "dataAttributes": {},
        "sourceFile": "compositions/type-wall.html",
        "bbox": {
          "x": -276.16,
          "y": 257,
          "width": 319.47,
          "height": 77
        },
        "firstSeen": 2.5,
        "lastSeen": 2.5,
        "occurrences": 1
      },
      {
        "code": "canvas_overflow",
        "severity": "info",
        "time": 2.5,
        "selector": "#type-wall-source-root > div:nth-of-type(1) > div:nth-of-type(7) > div:nth-of-type(1) > span:nth-of-type(5)",
        "message": "Text extends outside the composition canvas.",
        "rect": {
          "left": 1001.72,
          "top": 257,
          "right": 1321.19,
          "bottom": 334,
          "width": 319.47,
          "height": 77
        },
        "containerSelector": "#root",
        "text": "MOTION ·",
        "fixHint": "Move the text inward, reduce its size, or mark intentional off-canvas animation with data-layout-allow-overflow.",
        "containerRect": {
          "left": 0,
          "top": 0,
          "right": 1280,
          "bottom": 720,
          "width": 1280,
          "height": 720
        },
        "overflow": {
          "right": 41.19
        },
        "dataAttributes": {},
        "sourceFile": "compositions/type-wall.html",
        "bbox": {
          "x": 1001.72,
          "y": 257,
          "width": 319.47,
          "height": 77
        },
        "firstSeen": 2.5,
        "lastSeen": 2.5,
        "occurrences": 1
      },
      {
        "code": "canvas_overflow",
        "severity": "info",
        "time": 2.5,
        "selector": "#type-wall-source-root > div:nth-of-type(1) > div:nth-of-type(8) > div:nth-of-type(2) > span:nth-of-type(1)",
        "message": "Text extends outside the composition canvas.",
        "rect": {
          "left": -92.62,
          "top": 321,
          "right": 226.85,
          "bottom": 398,
          "width": 319.47,
          "height": 77
        },
        "containerSelector": "#root",
        "text": "MOTION ·",
        "fixHint": "Move the text inward, reduce its size, or mark intentional off-canvas animation with data-layout-allow-overflow.",
        "containerRect": {
          "left": 0,
          "top": 0,
          "right": 1280,
          "bottom": 720,
          "width": 1280,
          "height": 720
        },
        "overflow": {
          "left": 92.62
        },
        "dataAttributes": {},
        "sourceFile": "compositions/type-wall.html",
        "bbox": {
          "x": -92.62,
          "y": 321,
          "width": 319.47,
          "height": 77
        },
        "firstSeen": 2.5,
        "lastSeen": 2.5,
        "occurrences": 1
      },
      {
        "code": "canvas_overflow",
        "severity": "info",
        "time": 2.5,
        "selector": "#type-wall-source-root > div:nth-of-type(1) > div:nth-of-type(8) > div:nth-of-type(2) > span:nth-of-type(5)",
        "message": "Text extends outside the composition canvas.",
        "rect": {
          "left": 1185.25,
          "top": 321,
          "right": 1504.72,
          "bottom": 398,
          "width": 319.47,
          "height": 77
        },
        "containerSelector": "#root",
        "text": "MOTION ·",
        "fixHint": "Move the text inward, reduce its size, or mark intentional off-canvas animation with data-layout-allow-overflow.",
        "containerRect": {
          "left": 0,
          "top": 0,
          "right": 1280,
          "bottom": 720,
          "width": 1280,
          "height": 720
        },
        "overflow": {
          "right": 224.72
        },
        "dataAttributes": {},
        "sourceFile": "compositions/type-wall.html",
        "bbox": {
          "x": 1185.25,
          "y": 321,
          "width": 319.47,
          "height": 77
        },
        "firstSeen": 2.5,
        "lastSeen": 2.5,
        "occurrences": 1
      },
      {
        "code": "canvas_overflow",
        "severity": "info",
        "time": 2.5,
        "selector": "#type-wall-source-root > div:nth-of-type(1) > div:nth-of-type(9) > div:nth-of-type(1) > span:nth-of-type(1)",
        "message": "Text extends outside the composition canvas.",
        "rect": {
          "left": -75.24,
          "top": 382.91,
          "right": 116.59,
          "bottom": 464.91,
          "width": 191.83,
          "height": 82
        },
        "containerSelector": "#root",
        "text": "MOTION ·",
        "fixHint": "Move the text inward, reduce its size, or mark intentional off-canvas animation with data-layout-allow-overflow.",
        "containerRect": {
          "left": 0,
          "top": 0,
          "right": 1280,
          "bottom": 720,
          "width": 1280,
          "height": 720
        },
        "overflow": {
          "left": 75.24
        },
        "dataAttributes": {},
        "sourceFile": "compositions/type-wall.html",
        "bbox": {
          "x": -75.24,
          "y": 382.91,
          "width": 191.83,
          "height": 82
        },
        "firstSeen": 2.5,
        "lastSeen": 2.5,
        "occurrences": 1
      }
    ],
    "duration": 5,
    "samples": [
      0.278,
      0.833,
      1.389,
      1.944,
      2.5,
      3.056,
      3.611,
      4.167,
      4.722
    ],
    "transitionSamples": [],
    "transitionSamplesDropped": 0,
    "tolerance": 2,
    "totalIssueCount": 171,
    "truncated": true
  },
  "motion": {
    "ok": true,
    "errorCount": 0,
    "warningCount": 0,
    "infoCount": 0,
    "findings": [],
    "enabled": false,
    "samples": 0
  },
  "contrast": {
    "ok": true,
    "errorCount": 0,
    "warningCount": 3,
    "infoCount": 0,
    "findings": [
      {
        "code": "contrast_aa_failure",
        "severity": "warning",
        "message": "Contrast is 2.85:1; WCAG AA requires 3:1.",
        "text": "MOTION ·",
        "fg": "rgb(17,17,17)",
        "bg": "rgb(43,59,255)",
        "ratio": 2.85,
        "requiredRatio": 3,
        "suggestedColor": "rgb(175,175,175)",
        "large": true,
        "selector": "div > div > div > div > div > div > div:nth-of-type(8) > div:nth-of-type(2) > span:nth-of-type(2)",
        "dataAttributes": {},
        "sourceFile": "compositions/type-wall.html",
        "bbox": {
          "x": 227.27548217773438,
          "y": 328,
          "width": 319.4687805175781,
          "height": 64
        },
        "time": 0.278
      },
      {
        "code": "contrast_aa_failure",
        "severity": "warning",
        "message": "Contrast is 2.85:1; WCAG AA requires 3:1.",
        "text": "MOTION ·",
        "fg": "rgb(17,17,17)",
        "bg": "rgb(43,59,255)",
        "ratio": 2.85,
        "requiredRatio": 3,
        "suggestedColor": "rgb(175,175,175)",
        "large": true,
        "selector": "div > div > div > div > div > div > div:nth-of-type(8) > div:nth-of-type(2) > span:nth-of-type(4)",
        "dataAttributes": {},
        "sourceFile": "compositions/type-wall.html",
        "bbox": {
          "x": 866.2130126953125,
          "y": 328,
          "width": 319.46875,
          "height": 64
        },
        "time": 0.278
      },
      {
        "code": "contrast_aa_failure",
        "severity": "warning",
        "message": "Contrast is 2.85:1; WCAG AA requires 3:1.",
        "text": "MOTION ·",
        "fg": "rgb(17,17,17)",
        "bg": "rgb(43,59,255)",
        "ratio": 2.85,
        "requiredRatio": 3,
        "suggestedColor": "rgb(175,175,175)",
        "large": true,
        "selector": "div > div > div > div > div > div > div:nth-of-type(8) > div:nth-of-type(2) > span:nth-of-type(5)",
        "dataAttributes": {},
        "sourceFile": "compositions/type-wall.html",
        "bbox": {
          "x": 1185.6817626953125,
          "y": 328,
          "width": 319.46875,
          "height": 64
        },
        "time": 0.278
      }
    ],
    "enabled": true,
    "samples": [
      0.278,
      1.389,
      2.5,
      3.611,
      4.722
    ],
    "checked": 280,
    "passed": 277
  },
  "snapshots": {
    "enabled": false,
    "files": [],
    "times": [],
    "findingFiles": []
  },
  "_meta": {
    "version": "0.8.30",
    "latestVersion": "0.8.94",
    "updateAvailable": true
  }
}
